timestamp,cpu_usage,memory_usage,disk_io_mbps,network_latency_ms,error_rate
2026-02-18 03:32:49.513541,90.1,94.3,28.0,15.1,12.9
2026-02-18 04:32:49.513541,43.7,56.7,313.8,11.6,0.41
2026-02-18 05:32:49.513541,44.7,68.2,60.5,7.7,0.97
2026-02-18 06:32:49.513541,25.5,70.9,164.3,26.2,0.34
2026-02-18 07:32:49.513541,30.4,48.4,293.6,29.9,0.04
2026-02-18 08:32:49.513541,47.9,53.7,542.9,18.1,0.02
2026-02-18 09:32:49.513541,40.5,57.5,35.4,19.4,0.49
2026-02-18 10:32:49.513541,27.0,55.9,19.7,11.2,0.04
2026-02-18 11:32:49.513541,48.5,44.7,202.5,17.1,0.04
2026-02-18 12:32:49.513541,54.1,56.1,31.3,22.7,0.28
2026-02-18 13:32:49.513541,59.0,52.1,130.2,10.4,0.12
2026-02-18 14:32:49.513541,51.4,52.2,114.1,24.9,0.11
2026-02-18 15:32:49.513541,37.4,39.3,123.1,12.0,0.33
2026-02-18 16:32:49.513541,53.2,52.7,157.4,11.6,0.16
2026-02-18 17:32:49.513541,48.4,76.4,285.5,7.9,0.12
2026-02-18 18:32:49.513541,33.9,59.6,47.6,13.6,0.36
2026-02-18 19:32:49.513541,33.5,51.8,121.5,21.3,0.17
2026-02-18 20:32:49.513541,55.2,60.4,61.6,3.9,0.04
2026-02-18 21:32:49.513541,48.8,69.1,57.6,14.5,0.57
2026-02-18 22:32:49.513541,48.1,47.8,10.0,17.5,0.44
2026-02-18 23:32:49.513541,45.8,71.9,137.2,12.9,0.12
2026-02-19 00:32:49.513541,52.2,44.3,539.1,4.6,0.44
2026-02-19 01:32:49.513541,38.9,51.1,214.9,6.2,1.56
2026-02-19 02:32:49.513541,43.5,50.2,41.7,11.7,1.57
2026-02-19 03:32:49.513541,53.9,67.2,188.9,5.3,0.38
2026-02-19 04:32:49.513541,45.4,43.9,52.9,46.6,0.05
2026-02-19 05:32:49.513541,36.0,65.6,210.1,23.3,0.31
2026-02-19 06:32:49.513541,36.7,53.2,289.6,7.3,0.01
2026-02-19 07:32:49.513541,45.5,56.4,61.0,18.9,0.27
2026-02-19 08:32:49.513541,14.0,66.9,10.0,17.0,1.2
2026-02-19 09:32:49.513541,66.0,59.8,54.6,10.2,0.32
2026-02-19 10:32:49.513541,42.9,67.8,34.6,19.9,0.4
2026-02-19 11:32:49.513541,50.8,65.4,144.6,4.3,0.09
2026-02-19 12:32:49.513541,52.6,81.2,51.4,10.3,0.01
2026-02-19 13:32:49.513541,48.0,66.5,10.0,9.4,2.51
2026-02-19 14:32:49.513541,28.6,56.2,113.7,29.9,0.21
2026-02-19 15:32:49.513541,32.2,55.6,311.5,7.5,0.16
2026-02-19 16:32:49.513541,27.1,72.4,90.0,17.2,0.42
2026-02-19 17:32:49.513541,58.1,58.2,70.8,8.6,0.68
2026-02-19 18:32:49.513541,26.5,60.3,29.5,20.7,0.14
2026-02-19 19:32:49.513541,37.0,67.2,73.5,9.8,0.37
2026-02-19 20:32:49.513541,60.7,52.0,60.3,6.6,0.2
2026-02-19 21:32:49.513541,31.4,46.5,792.5,12.0,0.33
2026-02-19 22:32:49.513541,93.9,88.2,10.0,18.6,14.02
2026-02-19 23:32:49.513541,54.1,50.6,40.9,15.8,0.36
2026-02-20 00:32:49.513541,44.3,70.7,10.7,5.8,0.02
2026-02-20 01:32:49.513541,46.9,31.1,292.2,5.5,0.92
2026-02-20 02:32:49.513541,51.4,50.5,81.0,8.8,0.49
2026-02-20 03:32:49.513541,66.4,58.6,238.6,7.4,1.42
2026-02-20 04:32:49.513541,33.8,49.3,176.7,7.8,0.46
2026-02-20 05:32:49.513541,39.7,70.3,394.7,9.7,0.1
2026-02-20 06:32:49.513541,52.6,58.4,10.0,16.4,0.33
2026-02-20 07:32:49.513541,42.6,49.6,34.9,10.6,0.55
2026-02-20 08:32:49.513541,38.3,58.8,181.6,6.7,0.23
2026-02-20 09:32:49.513541,91.5,97.3,132.0,7.7,15.01
2026-02-20 10:32:49.513541,18.3,61.5,177.9,15.2,0.09
2026-02-20 11:32:49.513541,86.7,91.5,128.5,11.5,15.53
2026-02-20 12:32:49.513541,64.1,54.8,130.5,8.5,1.2
2026-02-20 13:32:49.513541,42.5,56.3,404.5,16.7,0.19
2026-02-20 14:32:49.513541,29.2,45.0,381.3,18.2,0.79
2026-02-20 15:32:49.513541,47.1,48.7,10.0,17.9,0.05
2026-02-20 16:32:49.513541,50.8,66.8,80.1,11.6,0.14
2026-02-20 17:32:49.513541,25.3,55.1,107.2,7.8,0.31
2026-02-20 18:32:49.513541,46.0,78.6,66.5,10.9,0.24
2026-02-20 19:32:49.513541,68.4,62.0,10.0,8.5,0.48
2026-02-20 20:32:49.513541,60.2,44.9,95.9,3.3,0.41
2026-02-20 21:32:49.513541,51.3,79.3,557.6,10.8,0.05
2026-02-20 22:32:49.513541,49.9,41.9,11.2,4.2,0.07
2026-02-20 23:32:49.513541,96.2,95.5,254.5,8.5,10.45
2026-02-21 00:32:49.513541,46.8,57.9,32.7,9.1,1.52
2026-02-21 01:32:49.513541,92.5,85.1,129.0,26.4,10.62
2026-02-21 02:32:49.513541,47.5,50.0,73.4,6.7,0.97
2026-02-21 03:32:49.513541,25.4,56.3,64.4,13.7,0.39
2026-02-21 04:32:49.513541,19.0,69.5,306.5,10.4,0.11
2026-02-21 05:32:49.513541,36.0,69.7,544.4,15.3,0.49
2026-02-21 06:32:49.513541,57.4,74.4,73.3,8.7,0.35
2026-02-21 07:32:49.513541,52.1,47.5,153.4,5.5,0.26
2026-02-21 08:32:49.513541,55.2,59.1,121.9,12.9,0.23
2026-02-21 09:32:49.513541,46.1,60.7,12.0,12.3,0.53
2026-02-21 10:32:49.513541,59.6,37.9,10.0,13.4,0.48
2026-02-21 11:32:49.513541,61.0,53.1,222.7,10.5,0.08
2026-02-21 12:32:49.513541,59.3,61.7,75.3,10.2,0.85
2026-02-21 13:32:49.513541,36.8,54.7,55.1,18.2,0.51
2026-02-21 14:32:49.513541,45.7,49.3,635.9,17.4,0.38
2026-02-21 15:32:49.513541,85.1,91.0,13.4,8.1,10.02
2026-02-21 16:32:49.513541,62.7,68.3,47.0,11.3,0.08
2026-02-21 17:32:49.513541,58.5,58.1,291.5,6.7,1.26
2026-02-21 18:32:49.513541,50.5,34.5,80.4,16.2,0.16
2026-02-21 19:32:49.513541,53.3,68.1,131.6,15.3,0.15
2026-02-21 20:32:49.513541,48.5,43.2,10.0,24.7,0.84
2026-02-21 21:32:49.513541,33.8,44.2,379.4,17.6,0.2
2026-02-21 22:32:49.513541,57.9,58.5,22.1,13.3,0.89
2026-02-21 23:32:49.513541,69.2,58.7,36.0,44.2,0.2
2026-02-22 00:32:49.513541,51.1,49.4,25.6,14.5,0.4
2026-02-22 01:32:49.513541,43.6,63.3,103.2,16.1,0.13
2026-02-22 02:32:49.513541,36.3,55.7,254.6,4.9,0.66
2026-02-22 03:32:49.513541,41.9,40.4,46.6,18.3,0.09
2026-02-22 04:32:49.513541,88.1,92.8,23.0,40.8,10.08
2026-02-22 05:32:49.513541,34.0,52.8,79.1,14.1,0.23
2026-02-22 06:32:49.513541,43.0,56.1,599.8,18.0,0.32
2026-02-22 07:32:49.513541,48.8,50.3,10.0,21.2,0.01
2026-02-22 08:32:49.513541,27.3,37.2,105.2,30.0,1.86
2026-02-22 09:32:49.513541,47.3,48.6,166.0,16.5,0.84
2026-02-22 10:32:49.513541,64.0,62.3,246.5,5.5,0.3
2026-02-22 11:32:49.513541,50.2,56.3,205.7,13.7,1.26
2026-02-22 12:32:49.513541,50.9,64.9,11.6,18.0,1.34
2026-02-22 13:32:49.513541,49.9,63.5,92.9,17.3,0.38
2026-02-22 14:32:49.513541,25.8,38.3,12.3,11.3,0.13
2026-02-22 15:32:49.513541,26.9,49.0,145.1,10.1,0.33
2026-02-22 16:32:49.513541,52.2,62.5,12.0,10.2,0.2
2026-02-22 17:32:49.513541,53.5,60.6,10.0,11.3,0.3
2026-02-22 18:32:49.513541,57.5,60.5,54.8,13.0,1.21
2026-02-22 19:32:49.513541,61.2,65.6,419.1,16.0,0.17
2026-02-22 20:32:49.513541,38.8,68.3,185.7,14.7,0.91
2026-02-22 21:32:49.513541,56.6,38.2,10.0,9.8,1.37
2026-02-22 22:32:49.513541,56.5,51.4,50.3,6.7,0.82
2026-02-22 23:32:49.513541,63.4,62.1,10.0,14.7,0.37
2026-02-23 00:32:49.513541,89.3,81.1,52.3,10.5,18.9
2026-02-23 01:32:49.513541,40.3,73.0,173.5,27.2,0.86
2026-02-23 02:32:49.513541,44.0,70.5,213.9,19.2,0.02
2026-02-23 03:32:49.513541,47.5,67.0,244.5,14.4,0.67
2026-02-23 04:32:49.513541,35.1,50.8,361.2,8.3,0.38
2026-02-23 05:32:49.513541,58.3,64.1,68.3,6.2,0.25
2026-02-23 06:32:49.513541,42.5,75.4,297.7,12.2,0.73
2026-02-23 07:32:49.513541,59.0,70.6,195.1,13.1,0.15
2026-02-23 08:32:49.513541,63.2,59.4,115.7,5.1,1.13
2026-02-23 09:32:49.513541,41.6,70.1,463.9,15.4,0.58
2026-02-23 10:32:49.513541,24.1,57.9,442.7,12.5,0.47
2026-02-23 11:32:49.513541,44.7,58.0,341.8,3.2,0.37
2026-02-23 12:32:49.513541,61.0,53.4,33.9,7.9,0.12
2026-02-23 13:32:49.513541,60.9,41.8,35.0,8.2,0.48
2026-02-23 14:32:49.513541,43.8,65.2,346.9,6.6,0.65
2026-02-23 15:32:49.513541,46.5,54.7,76.1,14.8,0.01
2026-02-23 16:32:49.513541,43.2,57.1,239.5,29.8,0.23
2026-02-23 17:32:49.513541,37.9,60.8,174.2,15.4,0.89
2026-02-23 18:32:49.513541,24.4,49.9,215.5,16.7,0.5
2026-02-23 19:32:49.513541,51.2,64.5,10.0,8.3,0.48
2026-02-23 20:32:49.513541,39.2,54.2,84.3,15.7,0.13
2026-02-23 21:32:49.513541,47.6,54.6,291.8,11.1,0.5
2026-02-23 22:32:49.513541,53.1,23.9,101.0,12.2,0.77
2026-02-23 23:32:49.513541,55.8,57.3,175.7,9.0,0.26
2026-02-24 00:32:49.513541,36.7,46.4,211.6,5.5,0.1
2026-02-24 01:32:49.513541,33.3,52.2,19.3,19.3,0.04
2026-02-24 02:32:49.513541,52.1,48.0,25.4,13.2,0.35
2026-02-24 03:32:49.513541,52.9,48.7,193.4,10.9,0.58
2026-02-24 04:32:49.513541,38.2,53.5,10.0,30.3,0.09
2026-02-24 05:32:49.513541,56.9,60.6,62.8,7.4,0.27
2026-02-24 06:32:49.513541,44.5,70.7,375.3,16.8,0.42
2026-02-24 07:32:49.513541,36.1,57.3,128.1,34.0,0.08
2026-02-24 08:32:49.513541,33.2,51.1,362.0,15.0,0.16
2026-02-24 09:32:49.513541,50.9,52.5,55.5,6.8,0.47
2026-02-24 10:32:49.513541,47.9,65.2,151.8,19.9,0.65
2026-02-24 11:32:49.513541,49.6,60.0,50.7,9.3,0.51
2026-02-24 12:32:49.513541,31.7,43.1,17.7,9.0,0.63
2026-02-24 13:32:49.513541,96.5,87.5,701.6,7.8,15.67
2026-02-24 14:32:49.513541,52.3,55.8,29.1,27.5,0.9
2026-02-24 15:32:49.513541,90.0,87.4,31.3,9.9,13.79
2026-02-24 16:32:49.513541,25.6,49.6,276.7,7.7,0.8
2026-02-24 17:32:49.513541,40.0,53.3,243.1,22.7,0.43
2026-02-24 18:32:49.513541,76.7,58.0,571.4,5.5,2.57
2026-02-24 19:32:49.513541,51.8,59.0,11.2,12.6,0.02
2026-02-24 20:32:49.513541,60.7,55.6,14.8,8.7,0.11
2026-02-24 21:32:49.513541,64.6,64.4,89.3,16.5,0.83
2026-02-24 22:32:49.513541,39.2,59.7,134.4,9.9,0.88
2026-02-24 23:32:49.513541,73.1,45.0,10.0,6.0,0.85
2026-02-25 00:32:49.513541,24.1,51.8,25.9,13.1,1.03
2026-02-25 01:32:49.513541,51.1,53.8,182.3,9.7,0.27
2026-02-25 02:32:49.513541,49.1,53.6,165.6,18.6,1.34
2026-02-25 03:32:49.513541,31.8,47.3,14.1,12.6,0.12
2026-02-25 04:32:49.513541,36.1,49.7,402.5,35.5,1.38
2026-02-25 05:32:49.513541,37.6,64.2,44.1,9.2,0.41
2026-02-25 06:32:49.513541,27.7,45.3,327.4,21.9,0.09
2026-02-25 07:32:49.513541,28.0,52.2,384.6,10.2,0.67
2026-02-25 08:32:49.513541,41.1,67.7,101.0,11.5,0.18
2026-02-25 09:32:49.513541,39.2,54.4,79.6,17.8,0.12
2026-02-25 10:32:49.513541,89.9,81.2,48.9,7.6,9.91
2026-02-25 11:32:49.513541,55.0,71.3,247.1,22.1,0.01
2026-02-25 12:32:49.513541,36.0,33.4,32.8,17.2,0.72
2026-02-25 13:32:49.513541,48.2,44.3,146.0,18.1,0.33
2026-02-25 14:32:49.513541,45.0,55.8,125.6,19.5,1.93
2026-02-25 15:32:49.513541,41.2,52.0,42.9,16.3,0.29
2026-02-25 16:32:49.513541,28.6,62.2,611.6,17.1,0.93
2026-02-25 17:32:49.513541,43.0,61.6,280.9,23.5,1.72
2026-02-25 18:32:49.513541,37.3,40.0,10.0,12.2,0.01
2026-02-25 19:32:49.513541,56.5,66.8,82.3,11.1,0.06
2026-02-25 20:32:49.513541,52.7,74.4,66.7,15.5,0.21
2026-02-25 21:32:49.513541,37.9,41.4,321.6,12.8,1.02
2026-02-25 22:32:49.513541,34.3,51.3,46.1,19.4,0.91
2026-02-25 23:32:49.513541,91.8,89.3,970.5,31.0,12.67
2026-02-26 00:32:49.513541,42.0,67.5,33.5,7.6,0.11
2026-02-26 01:32:49.513541,57.6,70.2,41.9,12.8,0.81
2026-02-26 02:32:49.513541,59.2,50.7,164.5,7.2,0.45
2026-02-26 03:32:49.513541,13.0,50.4,26.3,11.0,0.02
2026-02-26 04:32:49.513541,63.2,65.2,329.5,11.3,0.82
2026-02-26 05:32:49.513541,43.6,52.9,17.5,10.0,1.57
2026-02-26 06:32:49.513541,28.5,57.3,614.0,19.2,0.02
2026-02-26 07:32:49.513541,44.4,64.6,311.5,14.6,0.17
2026-02-26 08:32:49.513541,35.1,62.3,274.6,9.0,0.86
2026-02-26 09:32:49.513541,64.8,57.9,78.4,19.2,0.44
2026-02-26 10:32:49.513541,38.0,41.9,108.1,11.5,2.27
2026-02-26 11:32:49.513541,33.5,61.0,91.4,9.3,1.24
2026-02-26 12:32:49.513541,70.2,64.9,656.4,7.3,0.1
2026-02-26 13:32:49.513541,49.8,62.5,10.0,5.9,0.56
2026-02-26 14:32:49.513541,90.7,96.1,72.1,9.7,8.48
2026-02-26 15:32:49.513541,67.2,63.2,518.1,12.5,0.06
2026-02-26 16:32:49.513541,60.7,47.9,69.2,19.4,0.05
2026-02-26 17:32:49.513541,37.6,31.0,76.2,4.4,0.42
2026-02-26 18:32:49.513541,35.3,53.5,149.7,30.9,0.26
2026-02-26 19:32:49.513541,46.2,43.5,356.7,8.3,0.39
2026-02-26 20:32:49.513541,43.1,55.0,52.3,10.0,0.14
2026-02-26 21:32:49.513541,36.5,42.5,442.3,10.2,0.41
2026-02-26 22:32:49.513541,44.8,52.9,49.8,8.9,0.24
2026-02-26 23:32:49.513541,66.0,38.8,253.4,10.5,1.09
2026-02-27 00:32:49.513541,57.6,48.2,48.4,10.8,0.18
2026-02-27 01:32:49.513541,49.7,58.4,11.4,11.3,1.02
2026-02-27 02:32:49.513541,40.9,72.7,250.9,26.9,0.25
2026-02-27 03:32:49.513541,43.5,52.2,89.7,8.4,0.43
2026-02-27 04:32:49.513541,53.2,54.9,74.3,30.5,0.17
2026-02-27 05:32:49.513541,52.2,63.0,84.3,16.0,0.83
2026-02-27 06:32:49.513541,45.8,59.1,141.8,5.6,0.93
2026-02-27 07:32:49.513541,58.0,59.6,45.7,8.0,0.83
2026-02-27 08:32:49.513541,31.0,62.0,40.6,7.6,0.51
2026-02-27 09:32:49.513541,56.8,51.2,99.1,12.0,0.18
2026-02-27 10:32:49.513541,52.5,47.1,10.0,23.6,0.51
2026-02-27 11:32:49.513541,27.9,57.8,154.4,18.3,1.6
2026-02-27 12:32:49.513541,37.1,31.7,259.6,7.3,0.52
2026-02-27 13:32:49.513541,63.0,34.5,195.0,22.4,1.57
2026-02-27 14:32:49.513541,51.3,70.0,95.0,7.2,0.18
2026-02-27 15:32:49.513541,43.6,66.4,125.0,7.8,0.94
2026-02-27 16:32:49.513541,48.9,48.2,10.0,20.6,0.63
2026-02-27 17:32:49.513541,45.1,42.7,365.2,20.4,0.86
2026-02-27 18:32:49.513541,49.3,60.4,122.5,18.3,0.62
2026-02-27 19:32:49.513541,56.2,62.0,57.1,12.3,0.33
2026-02-27 20:32:49.513541,66.7,46.1,52.1,11.7,0.58
2026-02-27 21:32:49.513541,33.3,53.7,161.7,6.8,1.34
2026-02-27 22:32:49.513541,59.0,37.0,131.7,12.1,0.27
2026-02-27 23:32:49.513541,40.5,50.6,31.2,8.7,1.52
2026-02-28 00:32:49.513541,30.3,52.6,79.1,11.1,0.03
2026-02-28 01:32:49.513541,60.7,56.6,169.1,38.4,0.01
2026-02-28 02:32:49.513541,36.7,77.2,53.0,14.3,0.34
2026-02-28 03:32:49.513541,57.0,43.2,106.8,7.0,0.94
2026-02-28 04:32:49.513541,57.9,70.0,44.1,22.7,0.14
2026-02-28 05:32:49.513541,68.3,49.2,11.2,23.8,0.59
2026-02-28 06:32:49.513541,59.8,48.2,73.7,25.0,0.4
2026-02-28 07:32:49.513541,60.6,65.4,197.6,9.6,0.17
2026-02-28 08:32:49.513541,59.2,48.0,36.1,11.5,0.17
2026-02-28 09:32:49.513541,47.7,46.1,210.7,6.5,0.04
2026-02-28 10:32:49.513541,61.3,61.1,166.1,26.6,0.38
2026-02-28 11:32:49.513541,41.8,59.7,106.2,13.0,0.3
2026-02-28 12:32:49.513541,37.5,49.7,533.4,6.1,0.17
2026-02-28 13:32:49.513541,52.1,73.0,322.4,27.9,1.76
2026-02-28 14:32:49.513541,59.9,50.0,124.2,8.7,0.85
2026-02-28 15:32:49.513541,42.9,39.1,122.4,10.0,0.37
2026-02-28 16:32:49.513541,40.3,43.3,48.8,7.2,0.37
2026-02-28 17:32:49.513541,27.8,43.0,379.2,6.7,0.11
2026-02-28 18:32:49.513541,35.1,51.2,339.4,14.8,0.52
2026-02-28 19:32:49.513541,36.6,69.3,203.3,8.6,1.54
2026-02-28 20:32:49.513541,59.7,36.8,20.5,5.7,1.14
2026-02-28 21:32:49.513541,40.1,72.0,182.4,20.0,0.04
2026-02-28 22:32:49.513541,50.8,47.9,43.8,15.7,0.03
2026-02-28 23:32:49.513541,27.0,49.1,31.4,29.8,1.63
2026-03-01 00:32:49.513541,60.6,46.9,213.6,10.1,0.11
2026-03-01 01:32:49.513541,47.8,49.6,481.8,12.4,0.4
2026-03-01 02:32:49.513541,87.0,94.4,17.3,13.5,13.98
2026-03-01 03:32:49.513541,38.8,53.5,26.9,13.1,0.93
2026-03-01 04:32:49.513541,35.7,57.7,37.1,13.8,0.06
2026-03-01 05:32:49.513541,47.8,33.8,494.2,10.4,0.52
2026-03-01 06:32:49.513541,40.7,53.4,178.8,4.9,0.03
2026-03-01 07:32:49.513541,41.4,59.7,170.1,14.1,0.09
2026-03-01 08:32:49.513541,35.0,54.2,105.5,16.2,0.36
2026-03-01 09:32:49.513541,87.2,93.4,115.7,10.3,10.0
2026-03-01 10:32:49.513541,54.8,49.7,51.4,42.2,0.11
2026-03-01 11:32:49.513541,57.0,65.4,25.2,9.6,0.07
2026-03-01 12:32:49.513541,37.0,59.6,227.3,8.9,0.02
2026-03-01 13:32:49.513541,51.0,52.7,95.4,15.2,1.77
2026-03-01 14:32:49.513541,34.3,60.1,44.4,13.7,0.3
2026-03-01 15:32:49.513541,54.4,64.2,150.3,5.5,0.98
2026-03-01 16:32:49.513541,43.4,41.2,35.3,18.1,0.22
2026-03-01 17:32:49.513541,36.1,59.9,100.6,9.7,0.02
2026-03-01 18:32:49.513541,32.7,46.5,31.6,22.6,0.59
2026-03-01 19:32:49.513541,58.1,67.8,213.9,14.9,0.02
2026-03-01 20:32:49.513541,97.7,81.1,58.0,10.8,17.7
2026-03-01 21:32:49.513541,44.1,54.7,87.4,23.0,0.07
2026-03-01 22:32:49.513541,22.0,57.7,210.9,9.3,0.56
2026-03-01 23:32:49.513541,33.4,36.4,161.6,6.2,1.12
2026-03-02 00:32:49.513541,29.7,34.1,76.5,6.2,1.56
2026-03-02 01:32:49.513541,15.6,50.7,11.1,13.8,0.38
2026-03-02 02:32:49.513541,38.6,71.7,381.9,30.3,0.38
2026-03-02 03:32:49.513541,94.0,87.2,10.0,11.3,11.77
2026-03-02 04:32:49.513541,30.9,59.7,199.0,17.8,0.73
2026-03-02 05:32:49.513541,37.7,23.7,436.2,14.2,1.56
2026-03-02 06:32:49.513541,42.2,63.3,54.9,9.9,0.29
2026-03-02 07:32:49.513541,22.3,59.9,11.8,5.3,0.79
2026-03-02 08:32:49.513541,45.4,61.5,43.1,13.2,0.8
2026-03-02 09:32:49.513541,52.2,55.4,56.4,18.2,0.77
2026-03-02 10:32:49.513541,48.5,42.2,90.0,15.3,0.71
2026-03-02 11:32:49.513541,48.8,47.4,111.7,10.3,0.12
2026-03-02 12:32:49.513541,43.2,45.9,193.8,9.4,0.7
2026-03-02 13:32:49.513541,49.2,60.4,346.8,8.9,0.08
2026-03-02 14:32:49.513541,57.8,52.7,93.8,8.8,0.62
2026-03-02 15:32:49.513541,75.2,63.3,205.8,12.5,0.0
2026-03-02 16:32:49.513541,32.6,61.2,20.4,11.3,1.26
2026-03-02 17:32:49.513541,35.0,72.5,59.8,15.7,0.88
2026-03-02 18:32:49.513541,33.4,56.1,18.8,7.5,0.57
2026-03-02 19:32:49.513541,60.3,52.7,176.5,12.0,0.05
2026-03-02 20:32:49.513541,63.7,55.9,357.3,12.0,0.87
2026-03-02 21:32:49.513541,54.1,28.3,329.8,9.4,1.04
2026-03-02 22:32:49.513541,29.1,51.3,59.3,14.2,0.58
2026-03-02 23:32:49.513541,41.4,61.1,40.0,7.8,1.86
2026-03-03 00:32:49.513541,49.2,52.0,48.0,22.1,0.05
2026-03-03 01:32:49.513541,49.1,52.5,50.8,15.1,0.62
2026-03-03 02:32:49.513541,68.2,51.9,12.9,16.0,0.37
2026-03-03 03:32:49.513541,92.5,83.9,21.5,11.8,9.57
2026-03-03 04:32:49.513541,94.7,81.2,36.2,10.3,9.59
2026-03-03 05:32:49.513541,39.9,53.3,10.0,8.5,0.8
2026-03-03 06:32:49.513541,50.0,79.1,10.0,8.0,0.09
2026-03-03 07:32:49.513541,25.3,41.8,179.9,5.7,0.79
2026-03-03 08:32:49.513541,90.3,90.6,144.9,12.8,14.63
2026-03-03 09:32:49.513541,47.1,44.1,436.2,17.3,0.45
2026-03-03 10:32:49.513541,30.0,47.2,77.1,6.6,0.8
2026-03-03 11:32:49.513541,41.4,67.3,88.1,23.6,0.08
2026-03-03 12:32:49.513541,62.6,44.8,10.5,5.5,0.42
2026-03-03 13:32:49.513541,44.5,55.2,24.8,18.7,0.28
2026-03-03 14:32:49.513541,52.5,59.6,176.5,8.0,0.47
2026-03-03 15:32:49.513541,73.7,61.8,40.2,20.9,0.28
2026-03-03 16:32:49.513541,39.5,48.3,222.6,17.8,0.14
2026-03-03 17:32:49.513541,94.8,91.9,183.5,45.8,19.81
2026-03-03 18:32:49.513541,42.8,50.2,206.3,8.9,1.0
2026-03-03 19:32:49.513541,58.3,55.0,176.0,4.0,0.09
2026-03-03 20:32:49.513541,44.5,44.1,184.5,4.7,0.07
2026-03-03 21:32:49.513541,57.7,41.7,118.7,11.0,0.05
2026-03-03 22:32:49.513541,61.5,58.4,170.1,13.2,0.04
2026-03-03 23:32:49.513541,42.6,78.7,112.0,8.5,0.01
2026-03-04 00:32:49.513541,57.6,51.6,34.6,14.6,0.09
2026-03-04 01:32:49.513541,24.4,54.6,36.8,19.0,0.11
2026-03-04 02:32:49.513541,46.5,61.0,78.0,16.3,0.16
2026-03-04 03:32:49.513541,60.7,65.5,10.0,11.9,0.07
2026-03-04 04:32:49.513541,73.6,66.0,330.1,8.0,0.05
2026-03-04 05:32:49.513541,29.9,60.3,46.9,18.5,0.39
2026-03-04 06:32:49.513541,31.5,53.2,10.0,24.3,0.63
2026-03-04 07:32:49.513541,38.7,61.8,82.9,9.0,0.5
2026-03-04 08:32:49.513541,47.0,58.9,253.6,6.8,0.41
2026-03-04 09:32:49.513541,37.2,54.4,76.0,21.7,0.29
2026-03-04 10:32:49.513541,55.7,64.1,45.7,14.3,0.5
2026-03-04 11:32:49.513541,41.6,59.3,118.1,14.2,1.16
2026-03-04 12:32:49.513541,36.4,48.0,128.1,28.8,0.49
2026-03-04 13:32:49.513541,32.5,44.3,213.6,5.0,0.03
2026-03-04 14:32:49.513541,45.7,39.1,241.2,11.0,0.42
2026-03-04 15:32:49.513541,50.5,45.6,183.7,14.7,0.37
2026-03-04 16:32:49.513541,55.9,55.3,10.0,33.4,0.3
2026-03-04 17:32:49.513541,40.4,65.2,10.0,11.9,0.42
2026-03-04 18:32:49.513541,50.7,53.8,568.8,9.6,0.56
2026-03-04 19:32:49.513541,63.9,58.0,46.0,13.6,0.02
2026-03-04 20:32:49.513541,59.8,61.0,49.8,17.6,0.33
2026-03-04 21:32:49.513541,40.0,42.8,197.7,22.1,0.85
2026-03-04 22:32:49.513541,53.2,50.7,130.7,25.4,0.38
2026-03-04 23:32:49.513541,42.8,43.4,93.4,4.7,0.04
2026-03-05 00:32:49.513541,39.8,51.6,18.6,8.3,0.75
2026-03-05 01:32:49.513541,33.8,57.7,12.7,18.8,1.42
2026-03-05 02:32:49.513541,66.3,55.8,182.4,13.9,0.95
2026-03-05 03:32:49.513541,36.5,46.8,20.0,15.1,0.23
2026-03-05 04:32:49.513541,43.1,60.5,85.9,8.9,0.38
2026-03-05 05:32:49.513541,22.1,57.6,199.8,13.7,0.45
2026-03-05 06:32:49.513541,58.2,59.3,385.0,10.8,0.63
2026-03-05 07:32:49.513541,44.6,56.6,310.2,15.4,0.55
2026-03-05 08:32:49.513541,59.3,47.5,299.3,15.7,0.11
2026-03-05 09:32:49.513541,49.2,42.9,66.6,14.3,0.93
2026-03-05 10:32:49.513541,46.6,58.9,392.9,14.0,0.95
2026-03-05 11:32:49.513541,55.1,59.2,172.6,11.2,0.26
2026-03-05 12:32:49.513541,44.9,55.8,326.4,27.0,0.07
2026-03-05 13:32:49.513541,22.9,76.0,14.0,21.3,0.47
2026-03-05 14:32:49.513541,48.2,50.4,10.0,12.5,0.22
2026-03-05 15:32:49.513541,58.3,58.4,84.2,18.7,0.68
2026-03-05 16:32:49.513541,34.6,56.1,264.1,33.6,0.19
2026-03-05 17:32:49.513541,19.7,54.7,78.8,7.8,0.15
2026-03-05 18:32:49.513541,36.4,44.4,324.0,8.6,1.01
2026-03-05 19:32:49.513541,48.9,52.3,40.1,12.7,0.48
2026-03-05 20:32:49.513541,92.4,94.0,10.0,14.2,16.58
2026-03-05 21:32:49.513541,43.6,60.9,214.9,9.3,0.58
2026-03-05 22:32:49.513541,49.9,63.5,147.6,17.3,0.7
2026-03-05 23:32:49.513541,34.5,48.9,87.0,11.7,0.13
2026-03-06 00:32:49.513541,60.5,64.3,279.9,21.0,1.72
2026-03-06 01:32:49.513541,53.1,44.1,260.7,8.7,0.23
2026-03-06 02:32:49.513541,32.9,53.0,58.9,7.9,1.41
2026-03-06 03:32:49.513541,53.4,44.8,273.0,11.0,0.17
2026-03-06 04:32:49.513541,35.1,72.7,63.5,11.3,0.47
2026-03-06 05:32:49.513541,38.8,56.6,145.9,7.8,0.36
2026-03-06 06:32:49.513541,45.5,64.5,32.1,12.8,2.42
2026-03-06 07:32:49.513541,54.9,59.0,46.0,8.8,0.26
2026-03-06 08:32:49.513541,44.5,60.3,89.1,31.5,0.1
2026-03-06 09:32:49.513541,50.0,44.6,56.7,11.8,0.9
2026-03-06 10:32:49.513541,62.2,54.4,20.7,14.6,0.02
2026-03-06 11:32:49.513541,48.1,44.2,98.8,6.5,1.08
2026-03-06 12:32:49.513541,37.4,50.3,107.4,16.0,0.06
2026-03-06 13:32:49.513541,53.4,55.2,25.9,8.1,0.42
2026-03-06 14:32:49.513541,38.4,45.6,28.7,19.2,0.62
2026-03-06 15:32:49.513541,41.5,42.0,10.0,5.6,0.2
2026-03-06 16:32:49.513541,51.8,42.8,10.0,12.0,0.93
2026-03-06 17:32:49.513541,52.0,61.2,66.6,20.4,0.45
2026-03-06 18:32:49.513541,42.8,51.7,23.8,13.3,0.25
2026-03-06 19:32:49.513541,41.2,41.9,377.2,11.4,0.2
2026-03-06 20:32:49.513541,66.9,54.2,33.4,23.8,0.06
2026-03-06 21:32:49.513541,18.7,61.9,10.2,8.1,0.51
2026-03-06 22:32:49.513541,49.4,53.5,77.7,6.8,0.23
2026-03-06 23:32:49.513541,45.2,40.4,32.1,7.2,0.19
2026-03-07 00:32:49.513541,39.9,52.8,10.0,7.4,1.5
2026-03-07 01:32:49.513541,48.5,46.5,209.6,15.0,0.16
2026-03-07 02:32:49.513541,33.3,57.0,122.2,10.5,1.05
2026-03-07 03:32:49.513541,29.4,50.8,10.0,19.9,1.84
2026-03-07 04:32:49.513541,57.5,56.6,94.7,15.3,0.87
2026-03-07 05:32:49.513541,36.9,37.2,10.0,14.6,0.01
2026-03-07 06:32:49.513541,43.5,55.2,65.6,5.1,1.01
2026-03-07 07:32:49.513541,17.9,51.8,67.7,16.2,0.12
2026-03-07 08:32:49.513541,24.2,45.5,259.7,22.8,0.22
2026-03-07 09:32:49.513541,48.0,55.0,199.4,12.8,2.39
2026-03-07 10:32:49.513541,58.0,51.3,340.9,7.5,0.26
2026-03-07 11:32:49.513541,36.8,53.7,22.7,5.6,0.53
2026-03-07 12:32:49.513541,64.6,44.5,114.5,20.0,0.19
2026-03-07 13:32:49.513541,60.4,55.9,10.0,12.8,0.23
2026-03-07 14:32:49.513541,55.6,35.8,261.9,6.2,0.46
2026-03-07 15:32:49.513541,58.0,52.4,68.5,14.7,1.48
2026-03-07 16:32:49.513541,60.8,53.9,10.8,12.1,0.17
2026-03-07 17:32:49.513541,91.3,88.0,58.9,27.0,9.82
2026-03-07 18:32:49.513541,39.3,51.5,50.7,8.1,0.01
2026-03-07 19:32:49.513541,53.4,70.1,217.9,14.7,0.11
2026-03-07 20:32:49.513541,30.1,65.5,20.3,22.0,0.15
2026-03-07 21:32:49.513541,49.0,52.9,121.7,15.3,0.03
2026-03-07 22:32:49.513541,50.5,54.3,236.9,11.3,0.41
2026-03-07 23:32:49.513541,53.4,43.3,201.8,10.3,0.07
2026-03-08 00:32:49.513541,51.9,48.2,412.1,10.4,0.36
2026-03-08 01:32:49.513541,29.5,56.4,10.0,9.5,0.1
2026-03-08 02:32:49.513541,24.5,50.9,65.5,8.6,1.37
2026-03-08 03:32:49.513541,45.8,63.0,69.2,21.5,0.18
2026-03-08 04:32:49.513541,74.3,60.7,10.0,20.6,0.05
2026-03-08 05:32:49.513541,33.5,57.1,255.0,17.5,0.9
2026-03-08 06:32:49.513541,41.1,61.0,175.1,13.6,0.26
2026-03-08 07:32:49.513541,48.6,58.4,112.6,13.4,0.86
2026-03-08 08:32:49.513541,38.5,54.9,77.9,5.6,0.19
2026-03-08 09:32:49.513541,52.9,47.3,338.7,17.3,0.35
2026-03-08 10:32:49.513541,53.5,73.1,46.1,12.3,0.29
2026-03-08 11:32:49.513541,63.5,61.2,61.1,6.7,0.41
2026-03-08 12:32:49.513541,51.6,58.3,457.5,20.6,0.26
2026-03-08 13:32:49.513541,41.0,47.0,10.0,11.2,0.34
2026-03-08 14:32:49.513541,55.4,78.9,227.5,17.7,0.57
2026-03-08 15:32:49.513541,44.5,47.7,189.9,15.2,0.27
2026-03-08 16:32:49.513541,40.5,55.3,348.2,7.7,0.58
2026-03-08 17:32:49.513541,40.0,55.7,14.2,17.7,0.63
2026-03-08 18:32:49.513541,39.1,41.4,528.2,8.7,0.69
2026-03-08 19:32:49.513541,95.1,85.7,10.0,5.3,16.91
2026-03-08 20:32:49.513541,57.9,58.3,61.8,17.7,0.0
2026-03-08 21:32:49.513541,48.4,44.2,13.3,13.5,0.7
2026-03-08 22:32:49.513541,89.5,87.2,10.0,12.9,10.24
2026-03-08 23:32:49.513541,47.3,45.3,501.7,17.8,0.53
2026-03-09 00:32:49.513541,36.2,51.7,190.8,6.9,0.37
2026-03-09 01:32:49.513541,91.6,94.8,105.7,7.6,17.32
2026-03-09 02:32:49.513541,26.9,61.0,17.2,7.0,0.51
2026-03-09 03:32:49.513541,43.6,60.0,112.0,9.6,3.26
2026-03-09 04:32:49.513541,55.5,43.7,57.9,14.4,0.03
2026-03-09 05:32:49.513541,38.6,49.0,47.5,33.8,0.01
2026-03-09 06:32:49.513541,57.3,49.2,144.4,10.8,1.66
2026-03-09 07:32:49.513541,52.4,61.5,234.8,13.2,0.29
2026-03-09 08:32:49.513541,50.2,47.9,87.8,6.0,0.47
2026-03-09 09:32:49.513541,38.2,53.7,102.0,9.3,0.7
2026-03-09 10:32:49.513541,34.1,52.7,158.1,4.4,0.68
2026-03-09 11:32:49.513541,57.0,51.7,20.0,38.1,0.52
2026-03-09 12:32:49.513541,30.9,72.2,264.6,4.7,0.32
2026-03-09 13:32:49.513541,40.3,48.2,272.0,9.4,0.43
2026-03-09 14:32:49.513541,48.0,52.7,116.8,11.3,0.65
2026-03-09 15:32:49.513541,74.0,58.6,31.2,29.5,0.95
2026-03-09 16:32:49.513541,53.6,50.8,104.2,13.6,0.07
2026-03-09 17:32:49.513541,37.1,49.1,16.8,6.0,0.16
2026-03-09 18:32:49.513541,44.8,58.4,216.1,10.5,0.25
2026-03-09 19:32:49.513541,42.2,62.8,55.9,12.6,0.55
2026-03-09 20:32:49.513541,48.9,68.0,55.9,8.8,0.25
2026-03-09 21:32:49.513541,57.0,53.0,435.2,8.4,0.14
2026-03-09 22:32:49.513541,37.6,47.3,82.2,8.1,0.02
2026-03-09 23:32:49.513541,47.3,47.2,233.8,8.2,0.92
2026-03-10 00:32:49.513541,56.7,69.0,152.1,7.6,0.27
2026-03-10 01:32:49.513541,30.6,58.3,57.0,7.8,0.2
2026-03-10 02:32:49.513541,43.3,46.8,19.8,10.3,0.38
2026-03-10 03:32:49.513541,40.6,48.2,239.7,17.6,0.07
2026-03-10 04:32:49.513541,44.8,43.9,215.6,6.4,0.25
2026-03-10 05:32:49.513541,18.4,54.2,27.8,8.1,0.7
2026-03-10 06:32:49.513541,36.6,59.8,43.0,12.4,0.67
2026-03-10 07:32:49.513541,19.7,70.5,218.0,15.7,0.74
2026-03-10 08:32:49.513541,32.2,65.8,616.9,25.3,0.32
2026-03-10 09:32:49.513541,88.3,95.0,278.3,17.2,18.86
2026-03-10 10:32:49.513541,49.9,48.1,172.9,13.0,0.89
2026-03-10 11:32:49.513541,40.3,59.6,370.5,11.9,0.1
2026-03-10 12:32:49.513541,19.6,37.3,50.4,11.3,0.65
2026-03-10 13:32:49.513541,38.0,47.1,10.0,6.7,1.09
2026-03-10 14:32:49.513541,29.9,61.4,58.1,14.7,0.17
2026-03-10 15:32:49.513541,41.9,63.8,536.0,9.7,0.11
2026-03-10 16:32:49.513541,46.2,68.1,320.5,13.0,0.36
2026-03-10 17:32:49.513541,25.7,53.9,10.0,7.6,0.12
2026-03-10 18:32:49.513541,98.6,80.2,104.6,11.5,19.31
2026-03-10 19:32:49.513541,18.6,51.2,12.3,7.6,0.14
2026-03-10 20:32:49.513541,89.1,88.3,233.4,15.7,11.64
2026-03-10 21:32:49.513541,42.6,58.1,69.9,10.6,1.1
2026-03-10 22:32:49.513541,26.9,66.4,364.5,13.2,0.12
2026-03-10 23:32:49.513541,27.6,64.4,10.0,9.7,1.08
2026-03-11 00:32:49.513541,66.2,65.3,198.6,17.0,0.12
2026-03-11 01:32:49.513541,49.1,60.3,76.5,14.4,1.21
2026-03-11 02:32:49.513541,36.6,64.6,46.8,7.9,0.19
2026-03-11 03:32:49.513541,41.0,55.3,109.3,7.6,0.14
2026-03-11 04:32:49.513541,30.7,58.2,99.7,18.6,0.32
2026-03-11 05:32:49.513541,47.7,82.9,64.3,3.8,0.23
2026-03-11 06:32:49.513541,98.6,85.2,157.0,24.0,10.31
2026-03-11 07:32:49.513541,53.8,55.2,162.4,8.4,0.21
2026-03-11 08:32:49.513541,57.3,63.0,12.0,16.6,0.62
2026-03-11 09:32:49.513541,61.2,44.4,135.7,14.5,0.89
2026-03-11 10:32:49.513541,55.3,51.8,186.1,10.0,0.86
2026-03-11 11:32:49.513541,42.4,53.0,11.8,14.0,0.71
2026-03-11 12:32:49.513541,28.7,47.8,161.4,12.4,0.0
2026-03-11 13:32:49.513541,41.5,72.7,244.4,17.7,0.28
2026-03-11 14:32:49.513541,44.4,59.7,267.5,8.2,0.09
2026-03-11 15:32:49.513541,49.7,60.9,10.0,16.8,0.04
2026-03-11 16:32:49.513541,38.3,54.0,179.3,4.6,0.67
2026-03-11 17:32:49.513541,30.6,43.5,239.2,16.1,0.79
2026-03-11 18:32:49.513541,48.1,54.4,75.8,12.0,0.84
2026-03-11 19:32:49.513541,74.0,50.8,117.4,15.2,1.11
2026-03-11 20:32:49.513541,62.1,44.8,46.2,16.3,0.45
2026-03-11 21:32:49.513541,59.3,62.6,55.7,24.9,3.14
2026-03-11 22:32:49.513541,40.6,52.3,104.5,12.8,0.33
2026-03-11 23:32:49.513541,36.0,37.2,24.6,7.8,1.07
2026-03-12 00:32:49.513541,88.5,93.4,69.4,29.7,8.03
2026-03-12 01:32:49.513541,60.1,55.2,53.8,14.4,0.08
2026-03-12 02:32:49.513541,41.9,62.5,40.8,18.5,0.45
2026-03-12 03:32:49.513541,38.0,56.2,99.2,9.9,0.07
2026-03-12 04:32:49.513541,38.6,48.9,273.7,9.9,0.04
2026-03-12 05:32:49.513541,88.9,81.1,41.6,12.9,14.15
2026-03-12 06:32:49.513541,44.2,48.5,161.7,15.9,0.77
2026-03-12 07:32:49.513541,45.2,62.1,44.0,14.0,1.31
2026-03-12 08:32:49.513541,59.9,66.6,23.0,7.4,0.2
2026-03-12 09:32:49.513541,55.4,30.2,430.6,26.1,1.84
2026-03-12 10:32:49.513541,42.9,47.5,150.5,6.7,0.83
2026-03-12 11:32:49.513541,45.0,59.6,16.6,14.4,0.13
2026-03-12 12:32:49.513541,57.2,55.9,150.2,12.3,0.44
2026-03-12 13:32:49.513541,51.3,68.0,29.1,43.1,2.0
2026-03-12 14:32:49.513541,64.8,67.5,328.1,9.8,0.94
2026-03-12 15:32:49.513541,53.1,64.3,42.6,6.6,0.23
2026-03-12 16:32:49.513541,48.1,38.1,246.6,16.9,0.18
2026-03-12 17:32:49.513541,39.1,53.4,33.3,9.5,0.86
2026-03-12 18:32:49.513541,26.2,61.4,122.6,20.7,0.4
2026-03-12 19:32:49.513541,57.7,54.7,365.1,18.9,0.09
2026-03-12 20:32:49.513541,57.9,53.7,52.6,17.3,0.2
2026-03-12 21:32:49.513541,61.4,67.4,12.7,8.3,0.54
2026-03-12 22:32:49.513541,30.4,58.6,120.6,18.8,0.08
2026-03-12 23:32:49.513541,49.6,52.5,28.4,38.6,0.6
2026-03-13 00:32:49.513541,36.9,43.1,195.5,10.1,0.62
2026-03-13 01:32:49.513541,43.8,72.2,134.0,11.0,0.16
2026-03-13 02:32:49.513541,26.3,58.0,63.8,11.4,0.25
2026-03-13 03:32:49.513541,36.9,50.3,183.4,10.5,1.37
2026-03-13 04:32:49.513541,43.8,64.3,40.9,13.0,0.69
2026-03-13 05:32:49.513541,49.7,39.0,373.4,12.3,0.78
2026-03-13 06:32:49.513541,54.0,72.5,63.9,11.8,0.36
2026-03-13 07:32:49.513541,64.1,61.1,215.9,7.8,0.12
2026-03-13 08:32:49.513541,43.6,76.9,44.9,22.1,0.45
2026-03-13 09:32:49.513541,39.4,61.3,188.2,14.7,0.74
2026-03-13 10:32:49.513541,49.2,57.4,10.0,19.8,0.0
2026-03-13 11:32:49.513541,48.7,49.0,52.5,16.4,0.06
2026-03-13 12:32:49.513541,31.6,50.6,14.6,3.2,0.32
2026-03-13 13:32:49.513541,30.4,42.6,90.0,19.1,0.29
2026-03-13 14:32:49.513541,72.5,74.8,85.7,18.3,2.02
2026-03-13 15:32:49.513541,48.3,56.3,66.7,13.7,0.05
2026-03-13 16:32:49.513541,54.6,63.7,595.8,36.1,0.2
2026-03-13 17:32:49.513541,51.8,65.3,42.0,20.5,0.84
2026-03-13 18:32:49.513541,50.7,52.8,234.8,20.2,0.47
2026-03-13 19:32:49.513541,60.2,47.0,89.0,5.2,0.41
2026-03-13 20:32:49.513541,71.8,47.8,61.2,23.9,0.68
2026-03-13 21:32:49.513541,51.7,39.5,34.1,17.1,0.02
2026-03-13 22:32:49.513541,46.4,43.8,150.5,6.2,1.47
2026-03-13 23:32:49.513541,57.2,60.4,60.9,14.3,0.11
2026-03-14 00:32:49.513541,42.3,65.2,251.4,5.2,0.04
2026-03-14 01:32:49.513541,30.6,55.1,518.5,17.2,0.21
2026-03-14 02:32:49.513541,52.8,64.2,38.6,13.3,0.61
2026-03-14 03:32:49.513541,34.1,64.5,20.7,9.0,0.13
2026-03-14 04:32:49.513541,35.6,51.9,56.9,17.3,0.03
2026-03-14 05:32:49.513541,92.6,96.3,94.4,8.3,9.85
2026-03-14 06:32:49.513541,14.9,53.4,53.7,12.9,0.15
2026-03-14 07:32:49.513541,29.2,50.7,528.3,21.2,0.07
2026-03-14 08:32:49.513541,46.3,55.9,226.6,10.3,0.23
2026-03-14 09:32:49.513541,96.1,91.7,507.8,7.6,11.35
2026-03-14 10:32:49.513541,38.6,54.6,70.1,21.0,0.21
2026-03-14 11:32:49.513541,36.7,31.9,54.5,12.9,0.29
2026-03-14 12:32:49.513541,44.2,61.8,78.5,33.2,0.68
2026-03-14 13:32:49.513541,44.1,42.1,111.0,15.8,0.13
2026-03-14 14:32:49.513541,44.3,54.9,203.0,17.8,0.32
2026-03-14 15:32:49.513541,57.7,69.8,319.4,14.6,0.84
2026-03-14 16:32:49.513541,41.3,55.7,93.3,16.1,2.15
2026-03-14 17:32:49.513541,39.1,36.1,51.2,16.5,0.41
2026-03-14 18:32:49.513541,45.2,56.3,57.6,17.1,0.28
2026-03-14 19:32:49.513541,52.8,52.4,179.1,7.0,0.5
2026-03-14 20:32:49.513541,79.4,64.3,125.7,7.9,0.33
2026-03-14 21:32:49.513541,66.0,53.9,100.0,17.0,0.09
2026-03-14 22:32:49.513541,48.0,66.2,34.0,12.8,0.31
2026-03-14 23:32:49.513541,38.9,59.4,312.5,8.3,1.93
2026-03-15 00:32:49.513541,44.0,63.7,227.8,14.2,0.51
2026-03-15 01:32:49.513541,36.9,54.1,22.7,27.3,0.17
2026-03-15 02:32:49.513541,47.6,67.8,68.7,13.4,1.47
2026-03-15 03:32:49.513541,48.9,49.9,117.2,15.0,0.25
2026-03-15 04:32:49.513541,52.3,36.7,90.9,15.3,0.25
2026-03-15 05:32:49.513541,21.4,44.0,76.1,9.0,0.48
2026-03-15 06:32:49.513541,34.5,56.2,190.3,11.9,0.42
2026-03-15 07:32:49.513541,62.4,57.7,10.0,4.3,0.17
2026-03-15 08:32:49.513541,31.8,56.6,95.6,7.6,0.31
2026-03-15 09:32:49.513541,35.8,67.2,45.6,11.7,0.2
2026-03-15 10:32:49.513541,41.1,56.9,13.3,6.7,0.67
2026-03-15 11:32:49.513541,62.1,58.3,93.8,12.1,0.07
2026-03-15 12:32:49.513541,53.0,64.8,28.2,10.5,0.69
2026-03-15 13:32:49.513541,41.7,38.2,44.8,23.6,0.09
2026-03-15 14:32:49.513541,98.7,97.1,106.1,33.5,19.87
2026-03-15 15:32:49.513541,36.8,68.2,545.8,11.8,0.2
2026-03-15 16:32:49.513541,29.9,62.2,172.9,14.7,2.32
2026-03-15 17:32:49.513541,35.3,58.2,49.2,22.3,0.45
2026-03-15 18:32:49.513541,66.1,63.0,72.3,12.1,0.75
2026-03-15 19:32:49.513541,62.9,33.5,78.2,15.0,0.41
2026-03-15 20:32:49.513541,40.9,53.7,25.0,6.1,2.04
2026-03-15 21:32:49.513541,39.1,42.0,26.3,15.8,0.1
2026-03-15 22:32:49.513541,58.7,58.8,24.1,23.1,0.46
2026-03-15 23:32:49.513541,37.7,45.0,110.6,7.0,0.8
2026-03-16 00:32:49.513541,53.0,63.5,168.2,5.3,0.5
2026-03-16 01:32:49.513541,31.7,50.8,134.0,23.3,1.14
2026-03-16 02:32:49.513541,47.0,42.1,570.9,10.4,0.46
2026-03-16 03:32:49.513541,39.3,45.6,20.2,8.2,0.88
2026-03-16 04:32:49.513541,50.5,41.9,645.5,12.8,0.1
2026-03-16 05:32:49.513541,60.5,54.6,94.3,9.3,0.15
2026-03-16 06:32:49.513541,37.7,61.2,37.0,7.3,0.29
2026-03-16 07:32:49.513541,32.2,48.6,430.4,5.7,0.95
2026-03-16 08:32:49.513541,41.4,40.4,94.8,30.0,0.28
2026-03-16 09:32:49.513541,61.1,54.9,64.0,28.0,0.49
2026-03-16 10:32:49.513541,46.6,54.6,36.1,10.8,0.25
2026-03-16 11:32:49.513541,44.1,50.0,46.8,45.1,0.82
2026-03-16 12:32:49.513541,58.8,47.2,581.1,23.7,0.11
2026-03-16 13:32:49.513541,51.2,67.8,54.4,11.9,0.45
2026-03-16 14:32:49.513541,72.8,49.1,571.2,37.9,0.43
2026-03-16 15:32:49.513541,31.9,40.6,60.1,4.4,0.26
2026-03-16 16:32:49.513541,44.9,54.1,39.5,11.0,0.61
2026-03-16 17:32:49.513541,28.4,60.3,30.4,29.4,0.01
2026-03-16 18:32:49.513541,31.9,59.6,79.6,10.3,0.92
2026-03-16 19:32:49.513541,60.8,39.0,40.5,21.9,0.21
2026-03-16 20:32:49.513541,34.2,67.2,179.1,7.5,0.79
2026-03-16 21:32:49.513541,63.8,57.1,41.1,8.8,0.18
2026-03-16 22:32:49.513541,31.7,60.7,270.6,14.8,0.1
2026-03-16 23:32:49.513541,43.9,81.5,269.4,17.0,0.25
2026-03-17 00:32:49.513541,30.7,62.6,50.4,13.5,0.8
2026-03-17 01:32:49.513541,52.9,60.7,210.1,9.9,0.61
2026-03-17 02:32:49.513541,47.5,52.7,292.3,7.7,0.26
2026-03-17 03:32:49.513541,60.1,54.9,133.8,39.7,1.39
2026-03-17 04:32:49.513541,55.1,43.0,68.4,14.5,0.26
2026-03-17 05:32:49.513541,46.5,55.8,87.2,21.2,0.22
2026-03-17 06:32:49.513541,46.4,71.3,231.4,20.0,0.08
2026-03-17 07:32:49.513541,29.8,59.3,52.1,9.6,0.04
2026-03-17 08:32:49.513541,49.6,77.3,61.1,12.5,0.22
2026-03-17 09:32:49.513541,43.8,60.3,26.3,8.3,0.05
2026-03-17 10:32:49.513541,52.9,57.8,76.4,17.9,0.31
2026-03-17 11:32:49.513541,54.0,53.6,13.6,11.3,0.98
2026-03-17 12:32:49.513541,37.3,74.7,58.1,27.5,0.32
2026-03-17 13:32:49.513541,36.3,50.4,70.1,5.5,0.33
2026-03-17 14:32:49.513541,45.9,47.7,44.3,15.7,0.15
2026-03-17 15:32:49.513541,92.4,97.2,16.0,43.5,17.97
2026-03-17 16:32:49.513541,27.5,77.6,110.6,8.5,0.13
2026-03-17 17:32:49.513541,93.0,83.2,300.5,13.2,16.05
2026-03-17 18:32:49.513541,57.9,55.8,61.3,10.2,0.45
2026-03-17 19:32:49.513541,50.4,60.2,40.5,19.1,0.12
2026-03-17 20:32:49.513541,44.7,52.5,50.3,4.5,0.25
2026-03-17 21:32:49.513541,60.0,47.4,297.0,6.7,0.42
2026-03-17 22:32:49.513541,44.3,46.9,112.6,7.4,0.71
2026-03-17 23:32:49.513541,53.5,46.5,21.0,18.9,0.19
2026-03-18 00:32:49.513541,44.6,35.0,185.3,11.1,0.16
2026-03-18 01:32:49.513541,45.7,55.6,25.2,8.9,0.66
2026-03-18 02:32:49.513541,82.7,39.4,10.0,15.0,0.36
2026-03-18 03:32:49.513541,36.7,60.5,44.3,13.6,0.97
2026-03-18 04:32:49.513541,51.6,63.4,27.6,11.1,0.12
2026-03-18 05:32:49.513541,51.4,49.0,139.3,9.5,0.74
2026-03-18 06:32:49.513541,58.8,58.4,99.4,7.8,0.09
2026-03-18 07:32:49.513541,44.1,62.3,193.1,24.9,0.44
2026-03-18 08:32:49.513541,69.0,70.0,107.5,25.7,0.17
2026-03-18 09:32:49.513541,40.7,51.1,81.5,6.3,0.05
2026-03-18 10:32:49.513541,39.6,40.9,112.1,10.0,0.48
2026-03-18 11:32:49.513541,55.1,45.9,85.5,15.3,0.35
2026-03-18 12:32:49.513541,59.8,38.4,10.0,7.8,0.33
2026-03-18 13:32:49.513541,30.0,59.8,171.2,17.7,0.45
2026-03-18 14:32:49.513541,35.8,22.8,491.0,13.6,0.23
2026-03-18 15:32:49.513541,47.0,45.0,82.2,18.5,0.55
2026-03-18 16:32:49.513541,52.1,55.1,82.7,38.8,0.07
2026-03-18 17:32:49.513541,61.2,44.2,10.0,5.3,0.63
2026-03-18 18:32:49.513541,46.4,46.4,331.6,25.3,0.43
2026-03-18 19:32:49.513541,58.9,63.3,397.0,9.4,0.33
2026-03-18 20:32:49.513541,23.4,43.8,251.6,17.3,0.07
2026-03-18 21:32:49.513541,30.6,50.4,16.9,16.1,0.16
2026-03-18 22:32:49.513541,44.9,64.3,345.7,24.7,0.17
2026-03-18 23:32:49.513541,57.5,51.3,10.0,12.9,0.13
2026-03-19 00:32:49.513541,41.1,79.0,88.2,8.3,1.54
2026-03-19 01:32:49.513541,41.5,66.0,104.2,14.1,1.24
2026-03-19 02:32:49.513541,49.6,66.5,269.4,29.0,0.39
2026-03-19 03:32:49.513541,42.3,41.1,208.5,14.9,0.12
2026-03-19 04:32:49.513541,61.8,54.0,239.3,9.4,1.21
2026-03-19 05:32:49.513541,46.2,52.2,303.6,11.5,0.69
2026-03-19 06:32:49.513541,74.5,50.9,97.0,14.1,0.02
2026-03-19 07:32:49.513541,46.8,49.6,227.3,13.2,0.34
2026-03-19 08:32:49.513541,40.5,53.7,10.6,12.4,0.46
2026-03-19 09:32:49.513541,46.1,31.0,88.2,20.4,0.03
2026-03-19 10:32:49.513541,58.1,45.7,10.0,34.4,0.03
2026-03-19 11:32:49.513541,96.4,80.2,370.3,20.1,10.43
2026-03-19 12:32:49.513541,85.6,88.7,477.0,17.1,16.89
2026-03-19 13:32:49.513541,39.3,48.5,13.2,20.9,0.02
2026-03-19 14:32:49.513541,17.2,54.3,114.1,17.3,0.09
2026-03-19 15:32:49.513541,51.2,55.3,59.0,13.4,1.2
2026-03-19 16:32:49.513541,31.5,32.5,62.9,9.3,0.73
2026-03-19 17:32:49.513541,45.6,56.4,89.9,9.3,0.3
2026-03-19 18:32:49.513541,27.3,60.5,20.0,12.4,0.33
2026-03-19 19:32:49.513541,44.0,60.9,29.9,14.5,0.58
2026-03-19 20:32:49.513541,47.0,45.6,129.2,22.1,0.32
2026-03-19 21:32:49.513541,39.1,70.4,10.0,11.8,0.03
2026-03-19 22:32:49.513541,44.5,69.3,137.4,10.5,0.67
2026-03-19 23:32:49.513541,24.8,68.4,57.6,14.3,0.03
2026-03-20 00:32:49.513541,45.5,62.9,267.8,15.5,0.33
2026-03-20 01:32:49.513541,37.3,51.5,137.4,9.3,0.99
2026-03-20 02:32:49.513541,46.1,55.0,184.7,8.7,0.06
2026-03-20 03:32:49.513541,43.6,69.2,18.2,17.2,0.61
2026-03-20 04:32:49.513541,42.1,32.2,46.4,11.8,0.02
2026-03-20 05:32:49.513541,39.6,47.7,855.7,22.5,2.49
2026-03-20 06:32:49.513541,48.3,59.6,85.3,14.4,0.57
2026-03-20 07:32:49.513541,65.0,52.7,66.7,12.1,1.74
2026-03-20 08:32:49.513541,43.4,51.0,310.5,6.9,0.55
2026-03-20 09:32:49.513541,92.6,97.6,10.0,12.6,11.19
2026-03-20 10:32:49.513541,63.8,63.4,114.8,7.6,1.3
2026-03-20 11:32:49.513541,49.8,64.6,35.4,6.6,0.49
2026-03-20 12:32:49.513541,54.1,47.3,68.9,26.6,0.43
2026-03-20 13:32:49.513541,34.7,49.5,33.4,9.8,0.28
2026-03-20 14:32:49.513541,49.3,59.0,10.0,19.5,0.17
2026-03-20 15:32:49.513541,49.2,59.3,80.8,7.2,0.38
2026-03-20 16:32:49.513541,66.3,73.5,233.5,8.8,0.23
2026-03-20 17:32:49.513541,30.0,58.7,455.3,8.4,0.96
2026-03-20 18:32:49.513541,71.1,71.6,146.7,17.6,0.01
2026-03-20 19:32:49.513541,58.8,61.5,73.9,15.6,0.38
2026-03-20 20:32:49.513541,56.6,52.7,220.4,6.4,0.91
2026-03-20 21:32:49.513541,31.2,47.2,105.5,6.2,0.01
2026-03-20 22:32:49.513541,34.1,63.0,68.7,15.9,0.17
2026-03-20 23:32:49.513541,52.5,51.3,29.6,24.0,0.03
2026-03-21 00:32:49.513541,20.0,53.9,238.5,23.5,0.45
2026-03-21 01:32:49.513541,26.9,46.7,104.1,8.5,0.19
2026-03-21 02:32:49.513541,54.6,55.0,497.8,10.1,1.61
2026-03-21 03:32:49.513541,59.3,60.9,242.9,15.8,0.48
2026-03-21 04:32:49.513541,70.7,51.0,81.7,16.4,0.41
2026-03-21 05:32:49.513541,41.0,47.9,202.6,13.8,1.25
2026-03-21 06:32:49.513541,34.6,55.7,90.6,10.2,0.13
2026-03-21 07:32:49.513541,35.8,59.7,12.5,15.5,0.41
2026-03-21 08:32:49.513541,95.5,97.8,109.1,13.2,10.74
2026-03-21 09:32:49.513541,42.6,73.9,301.2,13.5,0.04
2026-03-21 10:32:49.513541,28.7,56.0,290.1,19.0,1.34
2026-03-21 11:32:49.513541,51.3,60.2,128.3,21.2,0.6
2026-03-21 12:32:49.513541,32.7,63.8,71.7,14.5,1.1
2026-03-21 13:32:49.513541,53.9,59.0,10.0,14.1,2.02
2026-03-21 14:32:49.513541,53.5,45.3,56.0,11.3,0.33
2026-03-21 15:32:49.513541,41.4,46.7,687.9,13.0,0.81
2026-03-21 16:32:49.513541,48.4,44.0,194.5,17.8,0.43
2026-03-21 17:32:49.513541,41.5,41.8,189.7,15.6,1.89
2026-03-21 18:32:49.513541,44.2,57.7,214.7,9.3,0.14
2026-03-21 19:32:49.513541,29.6,67.4,145.2,9.0,0.01
2026-03-21 20:32:49.513541,5.0,62.2,132.2,8.9,0.1
2026-03-21 21:32:49.513541,43.5,62.0,90.7,21.6,0.07
2026-03-21 22:32:49.513541,33.1,44.7,88.0,5.3,0.29
2026-03-21 23:32:49.513541,34.7,59.9,307.0,6.2,0.04
2026-03-22 00:32:49.513541,34.0,60.3,75.0,9.0,0.12
2026-03-22 01:32:49.513541,56.4,71.8,275.2,17.8,0.05
2026-03-22 02:32:49.513541,57.9,58.4,272.8,10.7,0.33
2026-03-22 03:32:49.513541,49.1,72.4,221.0,8.1,0.16
2026-03-22 04:32:49.513541,41.1,56.2,10.0,14.5,0.32
2026-03-22 05:32:49.513541,49.0,59.5,24.0,14.9,0.05
2026-03-22 06:32:49.513541,58.2,66.6,56.7,18.1,0.36
2026-03-22 07:32:49.513541,64.9,57.5,282.1,24.1,0.07
2026-03-22 08:32:49.513541,92.6,89.9,309.8,22.6,13.45
2026-03-22 09:32:49.513541,26.8,45.1,10.0,16.1,0.19
2026-03-22 10:32:49.513541,48.7,81.6,58.9,11.7,1.04
2026-03-22 11:32:49.513541,23.5,56.0,285.0,15.1,0.78
2026-03-22 12:32:49.513541,48.3,61.9,43.1,9.9,1.6
2026-03-22 13:32:49.513541,47.7,44.3,559.5,19.0,0.31
2026-03-22 14:32:49.513541,43.4,58.4,100.8,9.5,0.19
2026-03-22 15:32:49.513541,66.5,68.3,415.4,8.3,1.77
2026-03-22 16:32:49.513541,45.9,36.3,84.0,19.6,0.24
2026-03-22 17:32:49.513541,89.6,84.5,58.7,5.9,12.98
2026-03-22 18:32:49.513541,58.9,57.0,67.5,9.0,0.86
2026-03-22 19:32:49.513541,44.2,58.2,323.5,16.4,0.09
2026-03-22 20:32:49.513541,40.3,76.2,60.2,11.7,0.63
2026-03-22 21:32:49.513541,40.6,52.4,166.0,11.4,0.01
2026-03-22 22:32:49.513541,50.1,50.3,95.2,7.2,0.06
2026-03-22 23:32:49.513541,48.9,53.3,426.2,7.5,0.33
2026-03-23 00:32:49.513541,65.5,78.7,26.0,11.1,0.04
2026-03-23 01:32:49.513541,37.4,56.6,84.0,5.7,1.1
2026-03-23 02:32:49.513541,42.2,60.8,20.0,12.1,0.69
2026-03-23 03:32:49.513541,56.5,32.1,129.5,21.5,0.2
2026-03-23 04:32:49.513541,52.9,56.1,77.4,20.6,0.46
2026-03-23 05:32:49.513541,44.3,53.3,10.0,15.9,0.63
2026-03-23 06:32:49.513541,42.7,55.9,284.4,13.4,0.7
2026-03-23 07:32:49.513541,39.0,51.8,70.6,11.7,0.25
2026-03-23 08:32:49.513541,34.1,42.1,102.1,12.5,1.15
2026-03-23 09:32:49.513541,98.2,94.9,78.5,8.0,17.61
2026-03-23 10:32:49.513541,52.0,70.1,100.6,9.2,0.11
2026-03-23 11:32:49.513541,86.2,83.3,10.0,5.7,14.44
2026-03-23 12:32:49.513541,93.4,88.6,253.5,18.6,16.87
2026-03-23 13:32:49.513541,48.8,43.3,60.6,11.6,1.1
2026-03-23 14:32:49.513541,33.6,57.8,193.4,30.0,0.28
2026-03-23 15:32:49.513541,51.8,44.4,10.1,9.3,0.54
2026-03-23 16:32:49.513541,27.8,57.3,111.3,12.1,0.13
2026-03-23 17:32:49.513541,48.1,67.5,359.2,16.7,0.7
2026-03-23 18:32:49.513541,52.1,59.7,76.2,14.7,0.44
2026-03-23 19:32:49.513541,46.3,45.2,33.0,11.7,0.33
2026-03-23 20:32:49.513541,45.1,56.7,15.7,27.1,0.59
2026-03-23 21:32:49.513541,32.3,62.4,293.9,8.0,0.4
2026-03-23 22:32:49.513541,44.5,47.7,40.9,16.2,0.72
2026-03-23 23:32:49.513541,68.8,44.2,553.8,10.0,0.98
2026-03-24 00:32:49.513541,44.2,54.1,42.7,11.4,0.81
2026-03-24 01:32:49.513541,41.7,70.5,98.4,13.7,0.18
2026-03-24 02:32:49.513541,25.6,45.2,91.9,11.5,1.87
2026-03-24 03:32:49.513541,49.4,50.6,10.0,11.3,0.52
2026-03-24 04:32:49.513541,50.3,43.1,113.8,6.1,0.2
2026-03-24 05:32:49.513541,39.3,47.5,167.5,18.2,0.02
2026-03-24 06:32:49.513541,42.1,53.7,203.3,6.1,2.22
2026-03-24 07:32:49.513541,86.6,88.7,110.9,23.2,14.07
2026-03-24 08:32:49.513541,46.5,27.5,251.2,11.6,0.13
2026-03-24 09:32:49.513541,51.0,52.7,209.2,18.5,0.34
2026-03-24 10:32:49.513541,17.9,72.6,32.3,4.1,0.25
2026-03-24 11:32:49.513541,44.6,56.4,77.0,12.0,1.51
2026-03-24 12:32:49.513541,65.8,52.6,23.1,12.1,0.34
2026-03-24 13:32:49.513541,89.3,82.0,21.5,8.2,11.35
2026-03-24 14:32:49.513541,50.9,45.8,186.8,17.9,0.79
2026-03-24 15:32:49.513541,57.7,56.1,113.4,9.2,0.25
2026-03-24 16:32:49.513541,89.4,92.0,137.8,8.2,11.96
2026-03-24 17:32:49.513541,40.7,72.4,197.6,10.4,0.73
2026-03-24 18:32:49.513541,25.6,47.6,48.7,18.7,1.2
2026-03-24 19:32:49.513541,77.4,68.0,77.0,13.8,0.02
2026-03-24 20:32:49.513541,54.0,67.6,140.0,14.5,0.98
2026-03-24 21:32:49.513541,55.1,51.0,15.2,17.1,0.29
2026-03-24 22:32:49.513541,57.5,47.7,268.5,11.1,0.17
2026-03-24 23:32:49.513541,58.4,40.6,63.1,19.4,0.02
2026-03-25 00:32:49.513541,54.5,55.3,161.3,14.4,0.12
2026-03-25 01:32:49.513541,45.3,52.1,812.7,17.7,0.2
2026-03-25 02:32:49.513541,41.2,65.7,96.8,8.6,0.04
2026-03-25 03:32:49.513541,53.8,58.5,36.3,12.7,0.1
2026-03-25 04:32:49.513541,46.7,35.2,36.6,18.7,0.67
2026-03-25 05:32:49.513541,46.4,54.4,10.0,27.7,0.58
2026-03-25 06:32:49.513541,56.8,58.1,218.6,19.5,0.73
2026-03-25 07:32:49.513541,70.2,52.7,52.1,20.0,0.09
2026-03-25 08:32:49.513541,33.7,63.9,28.4,6.0,0.02
2026-03-25 09:32:49.513541,50.8,49.4,187.6,10.7,0.32
2026-03-25 10:32:49.513541,32.9,65.4,55.5,16.1,0.21
2026-03-25 11:32:49.513541,47.3,49.5,137.6,6.6,0.75
2026-03-25 12:32:49.513541,24.8,51.7,81.1,14.9,0.39
2026-03-25 13:32:49.513541,36.6,74.5,61.0,10.3,1.34
2026-03-25 14:32:49.513541,45.2,41.8,100.8,10.6,0.03
2026-03-25 15:32:49.513541,57.8,55.9,56.5,12.6,0.23
2026-03-25 16:32:49.513541,27.2,58.5,306.7,14.5,0.26
2026-03-25 17:32:49.513541,50.2,48.8,11.4,17.6,0.07
2026-03-25 18:32:49.513541,44.6,59.7,10.0,7.1,0.44
2026-03-25 19:32:49.513541,62.6,62.4,78.2,19.5,0.02
2026-03-25 20:32:49.513541,40.1,57.8,28.5,16.7,0.62
2026-03-25 21:32:49.513541,50.2,57.0,204.2,10.8,0.02
2026-03-25 22:32:49.513541,98.4,95.8,65.4,19.6,12.42
2026-03-25 23:32:49.513541,33.3,47.5,45.5,5.3,0.03
2026-03-26 00:32:49.513541,38.1,48.7,66.8,13.2,0.3
2026-03-26 01:32:49.513541,35.9,59.6,37.2,9.2,0.08
2026-03-26 02:32:49.513541,24.1,51.3,53.4,7.2,0.07
2026-03-26 03:32:49.513541,63.6,54.5,125.9,5.8,0.64
2026-03-26 04:32:49.513541,40.7,29.8,299.3,16.7,0.74
2026-03-26 05:32:49.513541,50.7,61.7,69.5,15.7,0.67
2026-03-26 06:32:49.513541,31.7,68.3,58.0,22.2,0.26
2026-03-26 07:32:49.513541,45.6,61.1,228.3,17.0,2.34
2026-03-26 08:32:49.513541,51.1,62.7,10.0,10.5,0.21
2026-03-26 09:32:49.513541,46.0,64.3,53.9,47.3,0.14
2026-03-26 10:32:49.513541,35.0,53.2,90.3,20.2,2.83
2026-03-26 11:32:49.513541,54.7,46.1,137.7,6.9,1.89
2026-03-26 12:32:49.513541,20.4,60.2,25.5,11.4,0.45
2026-03-26 13:32:49.513541,26.1,65.7,85.1,13.6,0.12
2026-03-26 14:32:49.513541,43.6,44.2,125.3,10.7,0.14
2026-03-26 15:32:49.513541,16.3,62.2,107.1,34.0,0.37
2026-03-26 16:32:49.513541,35.6,57.9,128.2,10.5,0.75
2026-03-26 17:32:49.513541,39.3,53.9,162.9,10.0,0.04
2026-03-26 18:32:49.513541,63.3,52.4,71.6,17.6,0.58
2026-03-26 19:32:49.513541,37.1,57.7,10.0,12.9,0.05
2026-03-26 20:32:49.513541,38.7,48.6,10.0,10.9,0.93
2026-03-26 21:32:49.513541,22.8,85.3,293.5,36.0,0.38
2026-03-26 22:32:49.513541,45.9,41.7,169.7,26.3,2.29
2026-03-26 23:32:49.513541,45.1,29.5,216.7,6.0,0.7
2026-03-27 00:32:49.513541,31.9,57.9,396.3,31.1,0.34
2026-03-27 01:32:49.513541,56.0,55.9,208.3,11.1,0.08
2026-03-27 02:32:49.513541,55.2,60.3,176.8,21.5,0.39
2026-03-27 03:32:49.513541,38.3,26.4,160.0,32.8,0.06
2026-03-27 04:32:49.513541,21.9,36.7,44.9,18.3,1.18
2026-03-27 05:32:49.513541,32.1,50.5,473.0,38.1,0.13
2026-03-27 06:32:49.513541,63.4,63.8,117.1,18.7,1.0
2026-03-27 07:32:49.513541,46.7,36.8,37.7,16.7,0.18
2026-03-27 08:32:49.513541,35.8,59.5,35.3,20.2,0.13
2026-03-27 09:32:49.513541,61.4,52.5,253.3,6.6,0.18
2026-03-27 10:32:49.513541,42.8,56.6,43.2,11.0,0.61
2026-03-27 11:32:49.513541,45.2,54.7,10.0,7.1,0.37
2026-03-27 12:32:49.513541,73.7,54.8,83.9,11.1,0.06
2026-03-27 13:32:49.513541,56.1,54.8,255.0,15.3,0.07
2026-03-27 14:32:49.513541,41.6,66.0,80.3,11.3,0.24
2026-03-27 15:32:49.513541,49.4,55.3,244.1,11.3,0.21
2026-03-27 16:32:49.513541,51.6,65.2,263.4,6.2,0.95
2026-03-27 17:32:49.513541,54.9,50.6,292.5,9.4,0.42
2026-03-27 18:32:49.513541,32.6,66.2,133.3,28.1,0.1
2026-03-27 19:32:49.513541,64.6,52.6,180.3,9.2,0.01
2026-03-27 20:32:49.513541,62.1,52.8,45.5,10.3,0.05
2026-03-27 21:32:49.513541,33.9,37.2,15.8,13.7,0.6
2026-03-27 22:32:49.513541,44.8,46.0,114.1,14.7,0.94
2026-03-27 23:32:49.513541,45.9,48.0,10.0,11.4,0.76
2026-03-28 00:32:49.513541,46.9,36.9,94.0,6.1,0.78
2026-03-28 01:32:49.513541,54.3,46.4,16.2,16.0,0.15
2026-03-28 02:32:49.513541,89.3,87.1,17.2,31.8,16.4
2026-03-28 03:32:49.513541,50.2,63.0,306.9,30.5,0.05
2026-03-28 04:32:49.513541,52.6,38.1,153.5,8.5,0.86
2026-03-28 05:32:49.513541,50.9,71.6,155.4,14.9,0.05
2026-03-28 06:32:49.513541,50.7,63.4,77.7,43.2,0.16
2026-03-28 07:32:49.513541,51.7,75.8,80.0,12.2,0.34
2026-03-28 08:32:49.513541,47.6,66.1,54.2,13.8,0.03
2026-03-28 09:32:49.513541,22.0,73.9,85.5,5.8,0.25
2026-03-28 10:32:49.513541,32.8,59.2,132.7,20.5,0.22
2026-03-28 11:32:49.513541,29.5,47.2,31.0,14.0,0.52
2026-03-28 12:32:49.513541,32.1,57.6,45.5,7.8,0.63
2026-03-28 13:32:49.513541,33.1,32.6,102.4,17.2,0.05
2026-03-28 14:32:49.513541,57.4,53.4,72.9,19.9,0.02
2026-03-28 15:32:49.513541,61.0,54.5,256.8,8.6,0.75
2026-03-28 16:32:49.513541,52.7,64.7,258.6,5.3,0.38
2026-03-28 17:32:49.513541,33.1,57.1,61.4,13.1,0.38
2026-03-28 18:32:49.513541,33.9,50.6,89.9,17.2,1.97
2026-03-28 19:32:49.513541,37.2,41.0,563.2,13.9,0.29
2026-03-28 20:32:49.513541,89.5,89.1,263.6,21.7,10.21
2026-03-28 21:32:49.513541,60.8,52.8,36.4,5.2,0.57
2026-03-28 22:32:49.513541,28.7,48.0,49.3,7.3,0.85
2026-03-28 23:32:49.513541,48.8,28.8,13.1,13.6,0.35
2026-03-29 00:32:49.513541,29.7,54.9,169.9,5.6,0.59
2026-03-29 01:32:49.513541,51.0,50.3,57.2,8.3,0.36
2026-03-29 02:32:49.513541,40.4,50.2,115.4,9.4,0.26
2026-03-29 03:32:49.513541,31.5,56.6,219.2,20.3,0.02
2026-03-29 04:32:49.513541,38.3,50.4,271.2,23.4,0.1
2026-03-29 05:32:49.513541,51.0,65.8,59.0,17.5,0.33
2026-03-29 06:32:49.513541,25.5,47.6,40.6,31.1,0.25
2026-03-29 07:32:49.513541,37.5,46.8,283.1,24.5,0.93
2026-03-29 08:32:49.513541,42.8,47.4,72.0,18.1,0.06
2026-03-29 09:32:49.513541,28.5,56.8,258.9,17.8,0.03
2026-03-29 10:32:49.513541,33.6,56.6,24.3,9.1,0.05
2026-03-29 11:32:49.513541,62.4,49.4,364.4,6.1,0.57
2026-03-29 12:32:49.513541,29.1,54.9,99.0,8.5,0.45
2026-03-29 13:32:49.513541,38.6,58.8,28.0,18.6,0.5
2026-03-29 14:32:49.513541,50.8,61.0,114.9,10.4,0.09
2026-03-29 15:32:49.513541,44.1,53.8,306.1,16.5,0.36
2026-03-29 16:32:49.513541,38.1,47.1,74.0,4.9,0.73
2026-03-29 17:32:49.513541,54.4,47.1,29.4,15.8,0.58
2026-03-29 18:32:49.513541,20.1,57.6,128.9,7.9,0.29
2026-03-29 19:32:49.513541,53.4,62.2,269.8,8.5,0.05
2026-03-29 20:32:49.513541,33.6,56.5,19.4,28.0,1.02
2026-03-29 21:32:49.513541,14.3,51.1,10.0,35.7,0.37
2026-03-29 22:32:49.513541,70.9,49.3,10.0,7.1,1.1
2026-03-29 23:32:49.513541,45.4,63.1,39.3,10.9,0.29
2026-03-30 00:32:49.513541,54.2,42.7,10.0,11.5,0.14
2026-03-30 01:32:49.513541,57.9,50.2,84.0,17.6,0.18
2026-03-30 02:32:49.513541,33.9,69.4,179.5,9.6,0.27
2026-03-30 03:32:49.513541,41.9,66.7,185.9,8.1,0.48
2026-03-30 04:32:49.513541,44.6,57.0,151.9,14.1,0.73
2026-03-30 05:32:49.513541,36.6,50.1,52.7,12.7,0.14
2026-03-30 06:32:49.513541,59.3,52.5,199.7,18.8,0.1
2026-03-30 07:32:49.513541,61.0,55.9,128.9,8.7,0.11
2026-03-30 08:32:49.513541,43.4,76.1,296.2,11.0,1.36
2026-03-30 09:32:49.513541,51.0,65.2,97.5,18.0,0.09
2026-03-30 10:32:49.513541,55.3,63.9,29.8,11.8,0.21
2026-03-30 11:32:49.513541,87.2,94.0,151.0,5.3,14.01
2026-03-30 12:32:49.513541,38.1,50.0,24.5,27.5,0.41
2026-03-30 13:32:49.513541,15.2,53.0,495.1,11.7,0.98
2026-03-30 14:32:49.513541,46.1,65.0,182.2,11.8,0.06
2026-03-30 15:32:49.513541,54.5,71.3,211.8,43.1,0.06
2026-03-30 16:32:49.513541,33.7,46.5,170.6,35.0,0.19
2026-03-30 17:32:49.513541,47.1,32.0,15.4,19.6,0.27
2026-03-30 18:32:49.513541,50.3,52.5,93.9,7.1,0.23
2026-03-30 19:32:49.513541,50.4,65.6,158.1,24.2,0.25
2026-03-30 20:32:49.513541,46.5,49.3,39.1,5.0,0.95
2026-03-30 21:32:49.513541,33.0,59.5,170.7,13.0,0.91
2026-03-30 22:32:49.513541,59.5,43.8,257.1,9.7,0.82
2026-03-30 23:32:49.513541,44.5,52.1,48.2,8.6,0.7
2026-03-31 00:32:49.513541,38.6,47.1,33.4,13.7,0.02
2026-03-31 01:32:49.513541,25.3,53.5,322.0,16.6,0.08
2026-03-31 02:32:49.513541,49.9,57.0,10.0,18.1,0.66
2026-03-31 03:32:49.513541,74.5,61.9,44.3,11.7,0.45
2026-03-31 04:32:49.513541,42.2,50.8,78.3,11.0,0.56
2026-03-31 05:32:49.513541,39.2,43.6,167.3,18.7,0.63
2026-03-31 06:32:49.513541,44.8,39.8,874.6,18.9,1.21
2026-03-31 07:32:49.513541,44.1,65.8,69.5,13.1,0.5
2026-03-31 08:32:49.513541,40.6,46.9,445.8,7.9,0.16
2026-03-31 09:32:49.513541,69.9,60.2,68.5,5.2,0.04
2026-03-31 10:32:49.513541,45.5,39.1,178.4,16.9,0.28
2026-03-31 11:32:49.513541,29.4,70.7,27.1,19.8,0.62
2026-03-31 12:32:49.513541,30.9,82.8,92.5,11.0,0.17
2026-03-31 13:32:49.513541,58.7,58.3,307.5,14.7,0.06
2026-03-31 14:32:49.513541,93.5,89.1,57.8,23.6,18.26
2026-03-31 15:32:49.513541,40.8,69.4,16.7,33.3,0.27
2026-03-31 16:32:49.513541,39.8,50.0,110.9,10.0,0.12
2026-03-31 17:32:49.513541,53.4,55.5,86.8,11.7,0.09
2026-03-31 18:32:49.513541,35.5,27.3,39.1,15.3,0.99
2026-03-31 19:32:49.513541,43.2,54.2,354.1,6.6,0.86
2026-03-31 20:32:49.513541,53.7,66.6,138.1,4.2,0.48
2026-03-31 21:32:49.513541,36.1,50.4,64.0,6.3,0.4
2026-03-31 22:32:49.513541,92.7,94.2,833.2,10.6,19.04
2026-03-31 23:32:49.513541,25.3,50.6,22.2,8.5,0.13
2026-04-01 00:32:49.513541,85.6,87.0,282.5,8.1,10.77
2026-04-01 01:32:49.513541,45.9,57.3,39.3,12.5,0.01
2026-04-01 02:32:49.513541,19.5,55.4,41.1,12.1,0.27
2026-04-01 03:32:49.513541,36.1,51.0,103.4,8.3,0.24
2026-04-01 04:32:49.513541,52.2,65.3,162.7,5.4,1.49
2026-04-01 05:32:49.513541,36.4,46.9,175.9,14.9,0.22
2026-04-01 06:32:49.513541,41.8,67.6,10.0,20.6,0.9
2026-04-01 07:32:49.513541,40.1,53.8,50.7,8.9,0.73
2026-04-01 08:32:49.513541,56.7,66.7,162.1,10.1,0.08
2026-04-01 09:32:49.513541,49.1,51.3,330.7,18.3,1.64
2026-04-01 10:32:49.513541,39.6,63.2,166.2,20.6,0.5
2026-04-01 11:32:49.513541,36.4,60.4,46.4,9.7,0.45
2026-04-01 12:32:49.513541,55.4,54.4,106.3,11.6,0.01
2026-04-01 13:32:49.513541,46.7,68.7,156.4,25.5,0.6
2026-04-01 14:32:49.513541,57.1,68.0,21.8,18.9,0.03
2026-04-01 15:32:49.513541,52.4,48.6,118.1,6.9,0.1
2026-04-01 16:32:49.513541,5.8,47.8,95.7,5.2,0.05
2026-04-01 17:32:49.513541,57.9,52.6,61.6,10.6,0.24
2026-04-01 18:32:49.513541,46.5,52.0,146.5,7.5,0.79
2026-04-01 19:32:49.513541,48.0,65.4,151.7,15.4,0.61
2026-04-01 20:32:49.513541,20.9,58.6,533.5,17.4,0.06
2026-04-01 21:32:49.513541,39.2,46.0,83.9,13.8,0.8
2026-04-01 22:32:49.513541,45.7,46.5,113.7,8.1,0.31
2026-04-01 23:32:49.513541,29.6,56.1,25.7,6.5,0.02
2026-04-02 00:32:49.513541,60.9,63.7,119.2,17.0,0.13
2026-04-02 01:32:49.513541,54.0,70.6,10.0,18.4,0.77
2026-04-02 02:32:49.513541,40.2,56.7,24.4,21.2,0.66
2026-04-02 03:32:49.513541,66.8,53.8,28.2,10.5,0.1
2026-04-02 04:32:49.513541,49.4,52.8,150.2,11.6,0.02
2026-04-02 05:32:49.513541,61.5,47.7,125.7,18.3,0.17
2026-04-02 06:32:49.513541,35.2,54.2,240.0,12.3,0.79
2026-04-02 07:32:49.513541,50.7,50.1,93.7,9.1,1.39
2026-04-02 08:32:49.513541,61.1,50.9,96.6,8.0,0.43
2026-04-02 09:32:49.513541,59.2,60.9,26.4,17.4,0.05
2026-04-02 10:32:49.513541,57.1,40.6,203.6,10.5,0.35
2026-04-02 11:32:49.513541,59.9,35.8,10.0,9.3,3.36
2026-04-02 12:32:49.513541,63.3,45.5,83.0,15.3,1.4
2026-04-02 13:32:49.513541,17.3,62.9,31.3,8.5,2.5
2026-04-02 14:32:49.513541,39.9,58.5,221.1,9.1,0.6
2026-04-02 15:32:49.513541,24.1,64.4,167.8,12.4,0.28
2026-04-02 16:32:49.513541,24.3,38.5,184.0,9.6,1.12
2026-04-02 17:32:49.513541,38.7,60.1,24.1,24.7,1.13
2026-04-02 18:32:49.513541,39.9,40.6,165.8,15.9,0.08
2026-04-02 19:32:49.513541,61.3,44.2,176.1,13.0,0.75
2026-04-02 20:32:49.513541,30.7,42.0,10.0,24.6,1.26
2026-04-02 21:32:49.513541,47.2,43.7,57.3,12.7,1.14
2026-04-02 22:32:49.513541,64.2,81.4,13.7,20.9,0.61
2026-04-02 23:32:49.513541,43.2,60.3,171.6,7.4,0.39
2026-04-03 00:32:49.513541,68.4,36.5,35.8,8.9,0.75
2026-04-03 01:32:49.513541,22.5,39.3,46.1,7.5,0.36
2026-04-03 02:32:49.513541,34.8,55.8,12.2,15.7,0.19
2026-04-03 03:32:49.513541,63.5,56.7,99.2,5.6,0.15
2026-04-03 04:32:49.513541,36.9,48.6,10.0,14.3,0.39
2026-04-03 05:32:49.513541,42.1,71.9,280.2,9.5,0.3
2026-04-03 06:32:49.513541,65.1,46.1,10.0,13.0,0.37
2026-04-03 07:32:49.513541,53.0,64.3,10.0,12.1,0.15
2026-04-03 08:32:49.513541,25.3,63.1,153.4,16.1,0.45
2026-04-03 09:32:49.513541,52.4,79.0,373.2,37.3,0.54
2026-04-03 10:32:49.513541,36.5,79.5,334.0,33.4,0.82
2026-04-03 11:32:49.513541,39.1,61.9,13.1,18.3,0.45
2026-04-03 12:32:49.513541,43.9,55.4,51.0,10.3,0.71
2026-04-03 13:32:49.513541,38.1,58.6,110.4,13.4,0.09
2026-04-03 14:32:49.513541,50.9,61.1,10.0,10.0,0.06
2026-04-03 15:32:49.513541,34.5,36.4,112.8,8.4,0.1
2026-04-03 16:32:49.513541,97.4,86.0,89.1,4.6,9.68
2026-04-03 17:32:49.513541,54.1,64.7,133.2,10.9,0.41
2026-04-03 18:32:49.513541,44.2,68.7,379.5,14.0,0.3
2026-04-03 19:32:49.513541,45.8,69.9,48.2,16.5,0.72
2026-04-03 20:32:49.513541,46.1,52.9,152.9,12.9,0.07
2026-04-03 21:32:49.513541,46.5,58.3,84.3,8.6,0.0
2026-04-03 22:32:49.513541,43.8,50.4,85.7,9.5,0.19
2026-04-03 23:32:49.513541,43.2,73.4,156.3,19.3,0.14
2026-04-04 00:32:49.513541,43.5,51.1,453.4,5.2,0.18
2026-04-04 01:32:49.513541,47.2,47.2,298.2,9.4,1.82
2026-04-04 02:32:49.513541,39.8,53.4,153.0,12.3,0.42
2026-04-04 03:32:49.513541,43.2,51.1,92.9,9.9,0.44
2026-04-04 04:32:49.513541,56.9,54.3,82.7,5.7,0.53
2026-04-04 05:32:49.513541,69.1,64.0,232.1,19.4,0.25
2026-04-04 06:32:49.513541,74.5,56.3,36.9,21.8,1.93
2026-04-04 07:32:49.513541,46.6,49.1,132.9,7.4,1.81
2026-04-04 08:32:49.513541,32.6,48.5,105.5,2.4,0.73
2026-04-04 09:32:49.513541,42.1,49.6,157.2,33.1,0.12
2026-04-04 10:32:49.513541,46.7,35.6,31.1,9.9,1.06
2026-04-04 11:32:49.513541,58.0,64.0,178.5,7.5,0.05
2026-04-04 12:32:49.513541,36.4,61.2,147.9,11.5,0.5
2026-04-04 13:32:49.513541,43.5,70.6,29.8,14.3,0.31
2026-04-04 14:32:49.513541,32.9,58.8,89.6,8.9,0.02
2026-04-04 15:32:49.513541,65.0,39.9,170.3,13.0,1.17
2026-04-04 16:32:49.513541,51.5,56.5,347.8,11.5,1.62
2026-04-04 17:32:49.513541,40.7,56.8,19.5,8.6,1.19
2026-04-04 18:32:49.513541,45.8,62.4,10.0,5.4,0.11
2026-04-04 19:32:49.513541,28.8,73.0,27.1,23.7,0.2
2026-04-04 20:32:49.513541,50.5,42.6,680.3,16.2,1.56
2026-04-04 21:32:49.513541,49.6,60.7,219.4,8.3,0.06
2026-04-04 22:32:49.513541,23.7,53.3,142.9,14.9,0.44
2026-04-04 23:32:49.513541,36.2,80.7,21.4,7.9,0.33
2026-04-05 00:32:49.513541,41.4,63.8,80.7,12.0,0.08
2026-04-05 01:32:49.513541,41.5,52.4,188.4,16.4,1.09
2026-04-05 02:32:49.513541,38.9,68.6,339.3,15.4,0.07
2026-04-05 03:32:49.513541,46.5,52.5,72.1,9.9,0.45
2026-04-05 04:32:49.513541,61.7,61.8,1000.0,18.3,0.19
2026-04-05 05:32:49.513541,50.7,51.1,22.6,12.2,0.27
2026-04-05 06:32:49.513541,59.1,55.7,73.4,9.4,0.12
2026-04-05 07:32:49.513541,49.4,67.7,312.4,28.2,0.49
2026-04-05 08:32:49.513541,41.2,51.3,157.4,6.9,2.24
2026-04-05 09:32:49.513541,42.9,24.6,249.8,14.9,0.9
2026-04-05 10:32:49.513541,54.6,47.4,357.6,24.7,0.57
2026-04-05 11:32:49.513541,51.5,69.8,106.2,5.2,0.71
2026-04-05 12:32:49.513541,61.0,70.9,40.1,27.6,0.91
2026-04-05 13:32:49.513541,45.1,47.8,177.5,28.4,0.32
2026-04-05 14:32:49.513541,28.3,39.1,124.3,9.6,0.42
2026-04-05 15:32:49.513541,42.7,50.3,222.2,14.1,1.13
2026-04-05 16:32:49.513541,27.1,64.7,107.5,8.4,0.6
2026-04-05 17:32:49.513541,43.4,52.8,250.0,8.1,0.07
2026-04-05 18:32:49.513541,30.9,35.1,348.4,6.9,0.76
2026-04-05 19:32:49.513541,43.9,60.7,207.7,28.4,0.01
2026-04-05 20:32:49.513541,46.8,65.3,204.2,10.8,0.94
2026-04-05 21:32:49.513541,43.5,70.8,132.7,6.1,0.78
2026-04-05 22:32:49.513541,41.7,34.4,95.7,20.5,0.89
2026-04-05 23:32:49.513541,40.4,66.4,539.5,17.1,0.01
2026-04-06 00:32:49.513541,58.6,56.9,155.4,14.7,1.8
2026-04-06 01:32:49.513541,48.4,48.4,275.2,8.8,0.48
2026-04-06 02:32:49.513541,26.8,38.5,105.6,10.0,0.8
2026-04-06 03:32:49.513541,46.6,36.4,121.4,34.3,0.42
2026-04-06 04:32:49.513541,63.2,47.3,163.1,14.8,0.21
2026-04-06 05:32:49.513541,39.5,46.8,195.6,9.4,0.18
2026-04-06 06:32:49.513541,40.4,53.9,89.2,17.7,0.04
2026-04-06 07:32:49.513541,52.6,69.8,66.1,18.6,0.39
2026-04-06 08:32:49.513541,34.7,54.3,41.1,30.2,0.08
2026-04-06 09:32:49.513541,30.8,39.6,82.7,12.6,0.42
2026-04-06 10:32:49.513541,26.2,44.8,35.6,17.6,0.49
2026-04-06 11:32:49.513541,53.2,58.4,80.9,15.9,0.29
2026-04-06 12:32:49.513541,55.4,47.5,311.5,8.5,0.08
2026-04-06 13:32:49.513541,38.0,53.8,566.3,6.2,0.28
2026-04-06 14:32:49.513541,31.1,66.5,129.1,16.6,1.05
2026-04-06 15:32:49.513541,55.4,61.5,23.7,17.2,0.31
2026-04-06 16:32:49.513541,43.5,49.5,83.7,3.6,0.21
2026-04-06 17:32:49.513541,20.9,45.2,138.2,15.9,0.5
2026-04-06 18:32:49.513541,49.5,74.7,69.5,11.7,0.48
2026-04-06 19:32:49.513541,48.5,48.0,34.4,15.1,0.05
2026-04-06 20:32:49.513541,61.7,78.9,38.6,9.6,0.13
2026-04-06 21:32:49.513541,55.1,71.2,96.3,25.2,0.34
2026-04-06 22:32:49.513541,55.7,54.1,36.6,20.4,0.23
2026-04-06 23:32:49.513541,34.5,42.8,43.1,6.1,0.19
2026-04-07 00:32:49.513541,87.4,86.1,309.6,7.5,11.65
2026-04-07 01:32:49.513541,51.2,68.2,226.5,12.6,0.17
2026-04-07 02:32:49.513541,45.2,51.2,10.0,8.9,0.21
2026-04-07 03:32:49.513541,52.8,41.8,57.9,20.9,0.74
2026-04-07 04:32:49.513541,46.5,49.4,113.9,7.3,0.36
2026-04-07 05:32:49.513541,62.3,58.9,10.0,20.8,1.03
2026-04-07 06:32:49.513541,39.8,59.7,172.4,3.6,1.48
2026-04-07 07:32:49.513541,45.5,55.8,72.8,10.0,1.28
2026-04-07 08:32:49.513541,37.4,50.3,75.9,24.4,0.15
2026-04-07 09:32:49.513541,34.5,53.8,46.2,11.8,0.32
2026-04-07 10:32:49.513541,60.9,50.4,61.0,12.4,0.38
2026-04-07 11:32:49.513541,43.6,56.4,296.7,18.0,0.96
2026-04-07 12:32:49.513541,74.6,57.6,233.1,15.9,0.41
2026-04-07 13:32:49.513541,91.3,81.4,411.8,11.5,17.88
2026-04-07 14:32:49.513541,46.2,46.6,180.1,23.6,0.4
2026-04-07 15:32:49.513541,46.9,67.5,129.4,13.0,0.02
2026-04-07 16:32:49.513541,60.0,58.0,45.0,16.0,0.9
2026-04-07 17:32:49.513541,90.4,89.7,164.9,19.5,11.08
2026-04-07 18:32:49.513541,37.8,47.6,354.9,3.6,0.53
2026-04-07 19:32:49.513541,28.0,54.1,10.8,8.5,0.11
2026-04-07 20:32:49.513541,62.6,47.4,87.8,9.1,0.41
2026-04-07 21:32:49.513541,24.3,69.1,24.3,16.9,0.38
2026-04-07 22:32:49.513541,46.5,44.2,249.6,29.1,0.48
2026-04-07 23:32:49.513541,75.0,44.9,142.8,4.8,0.94
2026-04-08 00:32:49.513541,58.7,55.7,317.6,9.9,0.72
2026-04-08 01:32:49.513541,59.8,43.3,10.0,21.1,0.4
2026-04-08 02:32:49.513541,65.6,69.1,354.2,5.1,1.12
2026-04-08 03:32:49.513541,47.1,40.9,10.4,14.8,0.22
2026-04-08 04:32:49.513541,47.0,52.6,50.9,15.3,0.34
2026-04-08 05:32:49.513541,45.0,50.8,25.5,15.9,0.52
2026-04-08 06:32:49.513541,44.1,58.0,23.6,6.9,0.29
2026-04-08 07:32:49.513541,37.7,47.0,28.3,11.9,0.22
2026-04-08 08:32:49.513541,61.6,57.6,98.2,6.7,0.06
2026-04-08 09:32:49.513541,38.7,46.4,230.1,21.2,0.51
2026-04-08 10:32:49.513541,41.6,44.9,342.8,7.2,0.11
2026-04-08 11:32:49.513541,29.1,52.7,125.5,12.4,0.07
2026-04-08 12:32:49.513541,55.0,54.0,25.8,34.7,0.1
2026-04-08 13:32:49.513541,64.1,52.2,12.4,21.4,0.58
2026-04-08 14:32:49.513541,18.2,51.1,102.2,5.0,0.07
2026-04-08 15:32:49.513541,63.6,68.6,217.5,10.5,1.87
2026-04-08 16:32:49.513541,53.9,58.0,145.2,12.6,0.71
2026-04-08 17:32:49.513541,60.2,57.4,131.1,11.1,0.25
2026-04-08 18:32:49.513541,49.5,65.7,10.0,14.8,0.45
2026-04-08 19:32:49.513541,52.2,41.4,79.5,16.6,0.0
2026-04-08 20:32:49.513541,89.3,89.7,119.9,30.5,19.95
2026-04-08 21:32:49.513541,33.0,38.2,136.8,9.6,0.16
2026-04-08 22:32:49.513541,43.5,67.3,10.0,17.7,0.04
2026-04-08 23:32:49.513541,39.1,38.2,33.4,11.1,0.71
2026-04-09 00:32:49.513541,58.0,54.4,448.7,26.7,0.2
2026-04-09 01:32:49.513541,41.8,48.8,106.6,14.8,0.42
2026-04-09 02:32:49.513541,50.9,70.3,182.4,12.4,0.93
2026-04-09 03:32:49.513541,31.9,62.7,55.3,10.7,0.75
2026-04-09 04:32:49.513541,67.1,52.1,132.1,7.9,0.21
2026-04-09 05:32:49.513541,48.1,60.3,66.1,18.8,1.02
2026-04-09 06:32:49.513541,28.8,57.8,52.9,8.1,0.25
2026-04-09 07:32:49.513541,57.1,62.0,79.5,4.8,0.35
2026-04-09 08:32:49.513541,48.0,53.0,92.4,7.5,0.47
2026-04-09 09:32:49.513541,54.5,48.1,60.3,13.2,0.04
2026-04-09 10:32:49.513541,82.8,33.3,44.8,6.6,0.45
2026-04-09 11:32:49.513541,58.7,51.6,146.7,8.1,0.43
2026-04-09 12:32:49.513541,58.1,56.3,71.9,4.7,1.03
2026-04-09 13:32:49.513541,40.7,45.0,33.8,8.1,0.22
2026-04-09 14:32:49.513541,46.3,54.2,213.1,28.7,0.14
2026-04-09 15:32:49.513541,40.7,66.1,193.0,8.9,0.32
2026-04-09 16:32:49.513541,29.3,55.9,326.8,11.5,0.58
2026-04-09 17:32:49.513541,39.9,47.6,121.5,37.4,0.41
2026-04-09 18:32:49.513541,58.6,64.2,49.2,14.4,0.07
2026-04-09 19:32:49.513541,49.6,57.2,298.9,14.1,0.21
2026-04-09 20:32:49.513541,31.0,56.9,49.3,7.6,0.03
2026-04-09 21:32:49.513541,86.7,91.4,159.9,13.6,11.4
2026-04-09 22:32:49.513541,35.6,42.4,31.7,29.0,1.07
2026-04-09 23:32:49.513541,50.6,57.4,148.8,6.7,0.02
2026-04-10 00:32:49.513541,36.8,58.7,275.7,11.1,0.37
2026-04-10 01:32:49.513541,38.3,47.8,116.5,6.8,0.42
2026-04-10 02:32:49.513541,29.6,56.6,95.5,27.3,0.29
2026-04-10 03:32:49.513541,95.2,92.1,754.8,6.8,8.34
2026-04-10 04:32:49.513541,44.4,44.8,10.0,8.6,0.62
2026-04-10 05:32:49.513541,43.6,59.2,60.5,6.8,0.33
2026-04-10 06:32:49.513541,98.6,93.9,376.3,6.1,11.6
2026-04-10 07:32:49.513541,49.9,64.6,154.4,12.8,0.39
2026-04-10 08:32:49.513541,36.8,65.8,117.2,10.2,0.04
2026-04-10 09:32:49.513541,47.8,55.6,152.3,14.5,1.53
2026-04-10 10:32:49.513541,46.1,55.0,58.3,16.6,0.08
2026-04-10 11:32:49.513541,57.3,52.8,11.1,5.3,0.77
2026-04-10 12:32:49.513541,54.0,44.4,48.3,14.2,0.37
2026-04-10 13:32:49.513541,44.9,58.9,61.5,7.7,0.68
2026-04-10 14:32:49.513541,45.3,55.6,98.1,13.1,0.36
2026-04-10 15:32:49.513541,42.5,47.4,75.1,14.4,0.03
2026-04-10 16:32:49.513541,46.3,35.3,110.4,10.7,0.23
2026-04-10 17:32:49.513541,44.6,60.5,32.7,23.5,0.48
2026-04-10 18:32:49.513541,46.9,51.4,30.5,6.0,0.5
2026-04-10 19:32:49.513541,27.4,61.8,65.0,6.9,1.81
2026-04-10 20:32:49.513541,37.3,41.4,96.3,13.8,0.47
2026-04-10 21:32:49.513541,62.2,55.7,62.7,35.0,0.17
2026-04-10 22:32:49.513541,37.1,54.7,128.9,7.6,0.02
2026-04-10 23:32:49.513541,43.3,52.9,55.7,11.8,0.78
2026-04-11 00:32:49.513541,92.5,93.1,29.3,22.1,9.7
2026-04-11 01:32:49.513541,42.9,56.6,298.0,19.3,0.48
2026-04-11 02:32:49.513541,38.2,37.7,33.6,16.6,0.33
2026-04-11 03:32:49.513541,56.0,51.0,510.1,8.5,0.99
2026-04-11 04:32:49.513541,32.6,38.9,656.2,12.0,0.14
2026-04-11 05:32:49.513541,20.3,69.2,179.0,12.4,0.25
2026-04-11 06:32:49.513541,60.5,57.5,104.6,20.5,0.35
2026-04-11 07:32:49.513541,29.5,53.4,238.0,11.4,0.03
2026-04-11 08:32:49.513541,53.7,40.9,309.8,24.0,0.58
2026-04-11 09:32:49.513541,40.3,56.7,185.5,11.9,0.1
2026-04-11 10:32:49.513541,63.0,65.5,16.1,13.1,0.2
2026-04-11 11:32:49.513541,42.0,60.9,10.0,11.4,0.27
2026-04-11 12:32:49.513541,38.5,60.5,32.0,11.1,0.51
2026-04-11 13:32:49.513541,55.7,69.3,31.3,11.8,0.03
2026-04-11 14:32:49.513541,59.9,70.3,30.2,12.4,0.21
2026-04-11 15:32:49.513541,64.4,56.1,106.9,5.4,0.16
2026-04-11 16:32:49.513541,97.3,94.0,110.1,10.6,12.68
2026-04-11 17:32:49.513541,21.2,72.1,192.6,28.3,0.59
2026-04-11 18:32:49.513541,31.9,45.0,33.7,4.9,0.13
2026-04-11 19:32:49.513541,31.6,59.8,14.6,10.8,0.09
2026-04-11 20:32:49.513541,39.1,44.8,164.5,9.2,0.8
2026-04-11 21:32:49.513541,45.6,51.3,99.2,14.3,0.02
2026-04-11 22:32:49.513541,47.3,68.4,164.6,15.7,1.15
2026-04-11 23:32:49.513541,51.6,46.6,71.9,13.1,0.58
2026-04-12 00:32:49.513541,36.6,65.9,208.4,4.5,0.09
2026-04-12 01:32:49.513541,43.9,48.9,172.1,4.4,0.22
2026-04-12 02:32:49.513541,44.2,66.0,157.6,3.2,1.5
2026-04-12 03:32:49.513541,45.2,69.6,10.0,11.4,0.48
2026-04-12 04:32:49.513541,92.5,81.6,292.9,5.4,14.21
2026-04-12 05:32:49.513541,47.6,61.4,70.9,3.8,0.53
2026-04-12 06:32:49.513541,32.6,66.1,21.9,7.7,0.31
2026-04-12 07:32:49.513541,65.6,50.7,211.3,8.7,0.09
2026-04-12 08:32:49.513541,34.5,60.7,100.0,11.7,0.08
2026-04-12 09:32:49.513541,49.7,43.0,10.0,12.2,0.58
2026-04-12 10:32:49.513541,41.1,76.9,228.4,12.6,1.08
2026-04-12 11:32:49.513541,39.1,47.6,85.6,18.4,0.18
2026-04-12 12:32:49.513541,26.9,52.1,210.9,10.5,0.35
2026-04-12 13:32:49.513541,38.5,53.7,211.3,17.7,2.43
2026-04-12 14:32:49.513541,42.1,55.8,15.8,10.2,0.15
2026-04-12 15:32:49.513541,95.5,91.2,142.5,10.0,19.26
2026-04-12 16:32:49.513541,53.1,59.3,67.0,9.2,0.23
2026-04-12 17:32:49.513541,65.1,43.9,118.6,12.0,0.02
2026-04-12 18:32:49.513541,44.2,42.5,13.9,16.9,0.36
2026-04-12 19:32:49.513541,51.1,72.0,133.1,16.8,0.12
2026-04-12 20:32:49.513541,59.9,66.6,225.5,16.5,0.07
2026-04-12 21:32:49.513541,32.2,42.0,649.3,14.2,0.62
2026-04-12 22:32:49.513541,66.3,59.0,57.9,6.8,0.73
2026-04-12 23:32:49.513541,29.2,63.1,25.3,48.4,1.1
2026-04-13 00:32:49.513541,45.0,75.6,68.3,6.3,1.36
2026-04-13 01:32:49.513541,53.1,50.3,10.0,13.0,1.02
2026-04-13 02:32:49.513541,63.5,65.2,78.8,54.5,0.07
2026-04-13 03:32:49.513541,44.9,62.3,369.0,18.9,0.13
2026-04-13 04:32:49.513541,46.2,48.1,32.4,8.6,0.07
2026-04-13 05:32:49.513541,64.6,51.6,97.4,22.4,0.22
2026-04-13 06:32:49.513541,27.0,47.5,127.5,13.4,0.07
2026-04-13 07:32:49.513541,32.9,58.6,29.8,8.1,0.53
2026-04-13 08:32:49.513541,85.7,97.0,60.1,13.6,8.75
2026-04-13 09:32:49.513541,32.0,52.8,363.5,10.2,0.09
2026-04-13 10:32:49.513541,33.9,51.4,52.6,10.9,0.49
2026-04-13 11:32:49.513541,59.8,34.6,151.3,12.4,0.01
2026-04-13 12:32:49.513541,63.2,58.1,22.1,17.3,0.28
2026-04-13 13:32:49.513541,49.6,61.8,166.2,19.1,0.17
2026-04-13 14:32:49.513541,56.8,40.5,49.1,8.5,3.25
2026-04-13 15:32:49.513541,54.8,55.0,39.5,14.6,1.28
2026-04-13 16:32:49.513541,45.0,41.2,19.9,10.7,0.08
2026-04-13 17:32:49.513541,56.1,56.2,10.0,17.9,1.25
2026-04-13 18:32:49.513541,54.1,66.7,515.6,7.3,0.27
2026-04-13 19:32:49.513541,52.8,49.9,80.1,12.1,0.43
2026-04-13 20:32:49.513541,46.1,52.1,225.5,4.9,0.38
2026-04-13 21:32:49.513541,47.2,76.1,379.0,17.3,0.65
2026-04-13 22:32:49.513541,43.0,47.6,34.2,30.0,0.2
2026-04-13 23:32:49.513541,23.9,45.6,305.9,26.4,0.04
2026-04-14 00:32:49.513541,44.2,54.9,184.7,18.5,0.27
2026-04-14 01:32:49.513541,45.6,79.2,129.4,16.2,0.39
2026-04-14 02:32:49.513541,34.3,57.5,248.4,34.2,0.4
2026-04-14 03:32:49.513541,39.2,48.4,17.6,9.2,0.79
2026-04-14 04:32:49.513541,53.4,61.0,45.9,10.7,0.02
2026-04-14 05:32:49.513541,55.5,62.5,21.1,24.7,2.22
2026-04-14 06:32:49.513541,25.1,61.1,339.5,11.4,2.33
2026-04-14 07:32:49.513541,36.6,62.8,15.6,7.7,0.05
2026-04-14 08:32:49.513541,54.6,64.4,586.4,5.7,0.21
2026-04-14 09:32:49.513541,29.8,53.7,17.5,8.0,0.45
2026-04-14 10:32:49.513541,43.4,53.7,162.6,29.3,0.23
2026-04-14 11:32:49.513541,93.6,87.7,162.0,11.6,10.43
2026-04-14 12:32:49.513541,34.3,30.6,401.6,8.3,0.2
2026-04-14 13:32:49.513541,49.2,29.1,58.5,11.7,0.62
2026-04-14 14:32:49.513541,52.5,49.0,60.5,14.3,0.23
2026-04-14 15:32:49.513541,57.6,51.6,280.9,4.8,0.28
2026-04-14 16:32:49.513541,78.6,61.9,576.5,7.8,0.43
2026-04-14 17:32:49.513541,42.7,50.2,10.0,5.8,1.74
2026-04-14 18:32:49.513541,43.3,66.7,151.3,25.3,0.51
2026-04-14 19:32:49.513541,87.0,82.8,41.9,11.5,16.52
2026-04-14 20:32:49.513541,58.5,47.2,195.3,11.2,0.19
2026-04-14 21:32:49.513541,51.5,67.6,222.2,11.1,0.27
2026-04-14 22:32:49.513541,40.4,57.8,215.7,7.0,0.67
2026-04-14 23:32:49.513541,53.9,42.0,85.8,15.8,0.3
2026-04-15 00:32:49.513541,37.9,62.6,25.8,30.5,0.54
2026-04-15 01:32:49.513541,37.1,62.6,131.8,8.9,0.91
2026-04-15 02:32:49.513541,48.3,42.2,233.4,19.0,0.06
2026-04-15 03:32:49.513541,69.8,56.1,364.9,11.5,0.73
2026-04-15 04:32:49.513541,41.6,61.0,90.4,8.3,0.68
2026-04-15 05:32:49.513541,45.7,38.3,42.3,19.2,0.86
2026-04-15 06:32:49.513541,26.1,65.6,19.0,5.4,1.56
2026-04-15 07:32:49.513541,34.1,48.1,239.6,6.0,0.19
2026-04-15 08:32:49.513541,49.4,46.3,115.0,29.5,0.28
2026-04-15 09:32:49.513541,50.7,52.2,168.2,10.0,0.15
2026-04-15 10:32:49.513541,68.3,62.0,26.0,22.1,0.2
2026-04-15 11:32:49.513541,32.4,65.0,10.0,11.5,0.2
2026-04-15 12:32:49.513541,46.7,71.7,514.4,3.4,1.02
2026-04-15 13:32:49.513541,39.6,46.1,249.8,17.1,0.03
2026-04-15 14:32:49.513541,48.4,58.7,76.6,14.6,0.11
2026-04-15 15:32:49.513541,38.6,61.8,91.6,8.4,0.47
2026-04-15 16:32:49.513541,24.2,59.8,396.9,21.1,0.72
2026-04-15 17:32:49.513541,52.7,45.2,34.9,19.4,0.6
2026-04-15 18:32:49.513541,36.1,57.6,243.6,8.4,0.02
2026-04-15 19:32:49.513541,88.2,89.2,10.0,20.9,9.72
2026-04-15 20:32:49.513541,45.8,48.7,312.8,13.6,0.1
2026-04-15 21:32:49.513541,44.7,59.8,133.5,12.6,2.22
2026-04-15 22:32:49.513541,9.4,57.1,97.4,8.4,3.4
2026-04-15 23:32:49.513541,25.9,41.5,183.9,7.7,0.03
2026-04-16 00:32:49.513541,41.7,61.3,10.5,24.8,0.55
2026-04-16 01:32:49.513541,72.6,56.1,32.6,14.8,0.84
2026-04-16 02:32:49.513541,33.8,36.1,78.4,19.5,0.2
2026-04-16 03:32:49.513541,88.1,88.5,144.3,9.6,19.56
2026-04-16 04:32:49.513541,61.1,56.2,23.4,15.7,0.1
2026-04-16 05:32:49.513541,53.5,47.8,71.6,10.2,0.07
2026-04-16 06:32:49.513541,50.1,58.1,45.3,17.0,1.3
2026-04-16 07:32:49.513541,46.5,52.1,155.6,6.0,0.51
2026-04-16 08:32:49.513541,22.2,65.3,377.5,6.1,0.85
2026-04-16 09:32:49.513541,26.0,57.7,27.2,7.0,0.38
2026-04-16 10:32:49.513541,34.0,74.0,31.5,12.1,0.08
2026-04-16 11:32:49.513541,40.2,40.6,137.6,4.0,0.24
2026-04-16 12:32:49.513541,59.5,58.2,90.7,15.3,1.07
2026-04-16 13:32:49.513541,94.9,83.0,189.9,16.6,12.15
2026-04-16 14:32:49.513541,37.4,59.2,50.9,5.1,0.12
2026-04-16 15:32:49.513541,41.6,68.1,118.1,9.9,0.15
2026-04-16 16:32:49.513541,61.5,40.7,73.4,30.8,0.15
2026-04-16 17:32:49.513541,46.5,61.1,49.5,9.8,0.05
2026-04-16 18:32:49.513541,53.0,58.4,196.0,7.4,0.94
2026-04-16 19:32:49.513541,39.2,45.9,238.4,10.1,0.09
2026-04-16 20:32:49.513541,21.9,66.9,59.8,21.9,0.89
2026-04-16 21:32:49.513541,52.8,55.6,146.3,6.9,0.22
2026-04-16 22:32:49.513541,48.9,47.6,29.5,16.1,0.31
2026-04-16 23:32:49.513541,56.6,59.3,234.8,15.1,0.31
2026-04-17 00:32:49.513541,46.0,64.6,49.5,12.1,0.62
2026-04-17 01:32:49.513541,95.9,92.7,28.1,10.1,14.83
2026-04-17 02:32:49.513541,33.7,50.7,421.9,19.4,0.51
2026-04-17 03:32:49.513541,32.0,47.1,82.4,6.9,0.74
2026-04-17 04:32:49.513541,42.8,46.9,154.7,14.9,0.0
2026-04-17 05:32:49.513541,41.5,62.9,248.5,5.6,0.35
2026-04-17 06:32:49.513541,95.0,95.5,173.8,19.7,12.53
2026-04-17 07:32:49.513541,43.8,52.5,124.7,17.8,0.14
2026-04-17 08:32:49.513541,41.1,78.3,69.7,9.9,0.41
2026-04-17 09:32:49.513541,38.5,52.6,376.1,10.8,0.31
2026-04-17 10:32:49.513541,33.1,54.3,21.5,15.5,0.32
2026-04-17 11:32:49.513541,51.7,51.0,323.0,6.2,0.06
2026-04-17 12:32:49.513541,59.3,53.8,185.6,10.5,0.29
2026-04-17 13:32:49.513541,84.5,54.6,127.1,12.2,0.73
2026-04-17 14:32:49.513541,49.4,60.8,58.9,5.2,0.26
2026-04-17 15:32:49.513541,58.5,53.1,23.7,19.1,0.33
2026-04-17 16:32:49.513541,47.6,61.1,87.8,34.5,1.71
2026-04-17 17:32:49.513541,53.5,39.0,229.7,40.5,1.03
2026-04-17 18:32:49.513541,44.1,48.8,205.2,4.6,1.32
2026-04-17 19:32:49.513541,41.5,51.8,155.5,21.8,0.04
2026-04-17 20:32:49.513541,90.2,84.7,733.9,8.9,17.45
2026-04-17 21:32:49.513541,67.8,36.7,539.8,11.5,0.13
2026-04-17 22:32:49.513541,66.4,63.9,76.6,7.5,0.26
2026-04-17 23:32:49.513541,34.9,40.3,32.1,16.5,0.57
2026-04-18 00:32:49.513541,51.0,48.7,93.5,3.5,0.43
2026-04-18 01:32:49.513541,41.9,54.7,279.2,6.7,0.35
2026-04-18 02:32:49.513541,66.5,75.4,92.0,3.9,0.84
2026-04-18 03:32:49.513541,30.8,54.5,61.4,9.1,0.57
2026-04-18 04:32:49.513541,58.7,59.5,202.8,10.4,0.86
2026-04-18 05:32:49.513541,93.5,87.3,157.5,5.5,14.39
2026-04-18 06:32:49.513541,22.7,46.6,519.6,15.8,0.62
2026-04-18 07:32:49.513541,68.1,48.0,119.5,15.1,0.25
2026-04-18 08:32:49.513541,24.2,49.7,513.8,18.8,0.12
2026-04-18 09:32:49.513541,32.8,65.2,51.6,24.6,0.16
2026-04-18 10:32:49.513541,30.1,49.5,300.2,10.7,0.25
2026-04-18 11:32:49.513541,60.6,61.1,64.8,13.6,0.67
2026-04-18 12:32:49.513541,37.7,47.3,248.9,7.3,0.02
2026-04-18 13:32:49.513541,31.0,52.2,390.5,12.6,0.84
2026-04-18 14:32:49.513541,52.4,31.0,146.4,12.9,0.71
2026-04-18 15:32:49.513541,31.7,54.3,195.6,26.1,0.35
2026-04-18 16:32:49.513541,50.6,54.9,477.8,15.9,0.26
2026-04-18 17:32:49.513541,49.4,53.1,70.5,16.1,0.06
2026-04-18 18:32:49.513541,48.0,74.7,107.5,10.5,0.17
2026-04-18 19:32:49.513541,21.6,54.3,342.8,2.4,0.06
2026-04-18 20:32:49.513541,59.0,27.8,167.6,12.3,0.85
2026-04-18 21:32:49.513541,62.6,42.8,310.2,9.6,0.36
2026-04-18 22:32:49.513541,56.4,54.6,144.5,7.0,0.14
2026-04-18 23:32:49.513541,54.1,54.2,201.9,17.6,0.01
2026-04-19 00:32:49.513541,42.9,46.9,10.0,20.0,0.37
2026-04-19 01:32:49.513541,65.7,44.8,62.3,7.4,0.7
2026-04-19 02:32:49.513541,28.4,68.9,220.7,12.4,0.73
2026-04-19 03:32:49.513541,17.8,64.9,77.6,11.5,0.12
2026-04-19 04:32:49.513541,60.0,66.3,67.6,21.5,2.66
2026-04-19 05:32:49.513541,24.0,48.7,454.1,15.2,0.42
2026-04-19 06:32:49.513541,58.2,62.0,120.6,17.4,0.2
2026-04-19 07:32:49.513541,28.0,29.3,32.1,10.1,0.25
2026-04-19 08:32:49.513541,52.7,50.8,95.9,15.0,0.07
2026-04-19 09:32:49.513541,36.1,49.5,109.7,18.8,0.34
2026-04-19 10:32:49.513541,49.7,52.5,672.9,38.8,0.7
2026-04-19 11:32:49.513541,61.9,56.2,190.0,9.3,0.26
2026-04-19 12:32:49.513541,34.9,53.3,109.9,10.1,1.01
2026-04-19 13:32:49.513541,64.9,43.7,84.8,8.4,0.32
2026-04-19 14:32:49.513541,45.2,47.6,370.6,9.7,1.15
2026-04-19 15:32:49.513541,46.4,60.2,155.7,24.3,0.61
2026-04-19 16:32:49.513541,59.2,58.5,66.0,8.0,0.03
2026-04-19 17:32:49.513541,60.8,70.9,93.7,14.8,0.03
2026-04-19 18:32:49.513541,44.2,58.1,48.9,20.1,0.8
2026-04-19 19:32:49.513541,26.6,69.9,484.4,22.2,0.22
2026-04-19 20:32:49.513541,45.6,40.5,181.6,25.2,0.1
2026-04-19 21:32:49.513541,26.9,60.9,74.7,15.4,1.0
2026-04-19 22:32:49.513541,43.9,62.6,30.4,14.7,2.05
2026-04-19 23:32:49.513541,40.8,59.8,29.2,9.2,0.83
2026-04-20 00:32:49.513541,27.7,43.0,97.4,4.6,0.65
2026-04-20 01:32:49.513541,86.5,83.4,94.5,9.0,8.44
2026-04-20 02:32:49.513541,87.7,83.2,81.1,13.2,10.23
2026-04-20 03:32:49.513541,41.1,60.8,286.4,20.2,0.56
2026-04-20 04:32:49.513541,39.5,54.1,580.8,25.8,0.26
2026-04-20 05:32:49.513541,51.5,49.3,65.7,12.2,0.01
2026-04-20 06:32:49.513541,64.7,77.8,52.4,21.4,0.68
2026-04-20 07:32:49.513541,38.0,47.6,220.5,13.2,0.27
2026-04-20 08:32:49.513541,59.0,57.8,89.6,13.5,0.54
2026-04-20 09:32:49.513541,45.0,60.5,36.8,10.5,0.32
2026-04-20 10:32:49.513541,68.2,52.1,29.9,9.6,0.01
2026-04-20 11:32:49.513541,57.8,66.4,49.4,9.1,0.51
2026-04-20 12:32:49.513541,40.6,63.6,10.0,9.3,0.78
2026-04-20 13:32:49.513541,48.3,38.1,425.6,8.7,0.08
2026-04-20 14:32:49.513541,35.4,61.2,84.4,18.6,1.11
2026-04-20 15:32:49.513541,47.0,72.7,13.0,23.0,0.1
2026-04-20 16:32:49.513541,35.1,47.4,27.0,8.3,0.27
2026-04-20 17:32:49.513541,36.7,41.2,58.6,7.8,0.37
2026-04-20 18:32:49.513541,59.0,52.0,120.3,11.1,0.19
2026-04-20 19:32:49.513541,47.7,54.7,182.5,7.9,0.35
2026-04-20 20:32:49.513541,49.4,55.3,55.2,7.3,0.63
2026-04-20 21:32:49.513541,39.0,65.5,474.1,10.2,0.63
2026-04-20 22:32:49.513541,41.3,48.1,214.3,13.8,1.28
2026-04-20 23:32:49.513541,40.7,60.3,262.1,13.7,0.99
2026-04-21 00:32:49.513541,37.9,62.7,58.7,10.4,2.1
2026-04-21 01:32:49.513541,37.5,56.0,71.9,9.4,0.45
2026-04-21 02:32:49.513541,34.6,48.8,115.8,16.5,0.26
2026-04-21 03:32:49.513541,28.4,43.4,90.1,14.8,0.14
2026-04-21 04:32:49.513541,44.1,39.6,45.1,13.3,0.14
2026-04-21 05:32:49.513541,33.6,40.3,885.6,9.2,0.08
2026-04-21 06:32:49.513541,64.9,38.9,282.9,23.7,0.65
2026-04-21 07:32:49.513541,28.9,70.2,40.8,6.3,0.53
2026-04-21 08:32:49.513541,40.2,53.2,334.4,9.2,0.17
2026-04-21 09:32:49.513541,96.3,95.2,132.6,7.4,9.93
2026-04-21 10:32:49.513541,19.3,58.7,10.0,12.2,0.4
2026-04-21 11:32:49.513541,54.3,39.6,63.7,8.7,0.04
2026-04-21 12:32:49.513541,35.1,53.0,10.0,12.8,0.03
2026-04-21 13:32:49.513541,32.0,61.3,13.8,15.8,0.08
2026-04-21 14:32:49.513541,52.0,58.1,29.6,22.9,0.12
2026-04-21 15:32:49.513541,53.4,50.6,99.4,13.6,1.09
2026-04-21 16:32:49.513541,31.7,63.9,72.0,13.5,0.75
2026-04-21 17:32:49.513541,41.0,44.5,24.2,15.1,0.11
2026-04-21 18:32:49.513541,59.5,56.7,75.3,3.9,0.14
2026-04-21 19:32:49.513541,39.7,62.9,54.4,12.5,0.51
2026-04-21 20:32:49.513541,32.9,51.2,79.2,7.0,1.03
2026-04-21 21:32:49.513541,43.5,59.9,28.4,8.8,0.19
2026-04-21 22:32:49.513541,43.9,53.7,141.1,11.5,0.37
2026-04-21 23:32:49.513541,41.9,57.0,10.0,19.6,1.11
2026-04-22 00:32:49.513541,50.4,59.1,73.6,5.0,0.74
2026-04-22 01:32:49.513541,37.3,52.0,337.9,13.7,1.11
2026-04-22 02:32:49.513541,52.6,68.9,81.6,12.8,0.16
2026-04-22 03:32:49.513541,40.6,57.5,87.3,15.1,0.59
2026-04-22 04:32:49.513541,27.7,60.5,10.6,37.3,0.06
2026-04-22 05:32:49.513541,64.1,66.3,139.5,26.5,0.48
2026-04-22 06:32:49.513541,26.5,60.9,413.3,14.1,0.18
2026-04-22 07:32:49.513541,54.9,45.5,51.7,16.1,0.6
2026-04-22 08:32:49.513541,43.1,62.2,74.9,12.0,0.08
2026-04-22 09:32:49.513541,45.2,57.5,133.1,17.8,0.55
2026-04-22 10:32:49.513541,34.5,48.0,14.7,12.4,0.62
2026-04-22 11:32:49.513541,39.2,66.4,450.2,15.1,0.97
2026-04-22 12:32:49.513541,54.6,44.7,94.6,8.7,0.58
2026-04-22 13:32:49.513541,31.7,49.5,18.3,13.7,0.37
2026-04-22 14:32:49.513541,39.0,50.8,61.2,24.1,0.77
2026-04-22 15:32:49.513541,57.7,42.2,70.2,16.2,0.17
2026-04-22 16:32:49.513541,38.0,54.8,63.6,12.9,0.57
2026-04-22 17:32:49.513541,45.3,48.4,177.2,2.9,0.64
2026-04-22 18:32:49.513541,46.3,57.3,63.6,14.8,0.25
2026-04-22 19:32:49.513541,34.6,72.3,58.7,11.7,2.25
2026-04-22 20:32:49.513541,50.1,54.6,58.3,7.1,0.22
2026-04-22 21:32:49.513541,44.1,59.8,225.7,11.8,0.04
2026-04-22 22:32:49.513541,35.4,54.8,55.3,11.8,0.18
2026-04-22 23:32:49.513541,52.6,51.8,10.0,12.2,0.05
2026-04-23 00:32:49.513541,46.7,62.3,68.2,17.7,0.21
2026-04-23 01:32:49.513541,44.2,45.6,48.9,11.0,0.07
2026-04-23 02:32:49.513541,41.3,65.0,359.6,10.8,0.29
2026-04-23 03:32:49.513541,27.4,47.3,97.5,10.2,0.75
2026-04-23 04:32:49.513541,43.2,68.5,40.1,13.8,0.03
2026-04-23 05:32:49.513541,18.3,51.3,599.2,16.0,0.41
2026-04-23 06:32:49.513541,53.9,46.8,42.5,23.2,0.02
2026-04-23 07:32:49.513541,31.1,56.0,216.0,15.9,1.08
2026-04-23 08:32:49.513541,51.5,39.3,157.3,20.9,1.27
2026-04-23 09:32:49.513541,85.4,92.3,93.0,18.6,10.25
2026-04-23 10:32:49.513541,29.4,59.7,78.1,13.2,0.73
2026-04-23 11:32:49.513541,36.1,66.8,308.8,8.5,0.45
2026-04-23 12:32:49.513541,67.4,49.1,96.7,14.9,0.21
2026-04-23 13:32:49.513541,39.8,67.8,70.6,26.6,0.14
2026-04-23 14:32:49.513541,65.1,50.9,65.6,21.0,0.71
2026-04-23 15:32:49.513541,50.6,56.8,48.4,23.1,0.28
2026-04-23 16:32:49.513541,41.9,56.9,78.9,4.8,1.26
2026-04-23 17:32:49.513541,47.1,70.3,19.2,4.6,1.86
2026-04-23 18:32:49.513541,49.0,63.8,10.1,9.6,0.12
2026-04-23 19:32:49.513541,50.3,53.0,117.0,15.4,0.41
2026-04-23 20:32:49.513541,60.9,79.4,90.8,10.1,0.38
2026-04-23 21:32:49.513541,46.0,54.4,28.6,11.0,1.01
2026-04-23 22:32:49.513541,52.4,55.2,16.9,5.8,0.59
2026-04-23 23:32:49.513541,68.5,58.3,23.2,9.0,0.47
2026-04-24 00:32:49.513541,26.2,50.8,56.8,7.8,0.57
2026-04-24 01:32:49.513541,43.6,68.8,90.1,7.9,0.25
2026-04-24 02:32:49.513541,54.6,54.0,32.2,8.4,1.61
2026-04-24 03:32:49.513541,28.4,61.5,211.4,7.0,0.03
2026-04-24 04:32:49.513541,33.4,27.6,32.2,3.7,0.01
2026-04-24 05:32:49.513541,33.7,56.3,19.9,24.7,0.27
2026-04-24 06:32:49.513541,49.6,51.6,782.0,11.5,0.08
2026-04-24 07:32:49.513541,89.8,96.5,89.1,8.6,17.81
2026-04-24 08:32:49.513541,34.4,43.4,28.0,11.3,0.0
2026-04-24 09:32:49.513541,50.1,53.2,337.4,14.4,0.31
2026-04-24 10:32:49.513541,37.2,56.8,39.4,12.9,0.17
2026-04-24 11:32:49.513541,60.1,51.4,389.7,8.4,0.11
2026-04-24 12:32:49.513541,51.1,61.0,19.0,20.0,0.29
2026-04-24 13:32:49.513541,53.8,55.6,276.6,9.0,0.96
2026-04-24 14:32:49.513541,64.1,61.4,30.6,10.8,0.53
2026-04-24 15:32:49.513541,53.3,64.8,417.9,28.8,0.09
2026-04-24 16:32:49.513541,38.2,65.6,128.1,34.1,0.35
2026-04-24 17:32:49.513541,46.5,51.2,31.6,21.6,1.34
2026-04-24 18:32:49.513541,29.3,51.0,279.5,8.7,0.29
2026-04-24 19:32:49.513541,31.8,71.0,74.3,9.8,0.32
2026-04-24 20:32:49.513541,52.2,45.8,198.0,8.3,1.42
2026-04-24 21:32:49.513541,65.1,50.8,154.7,10.8,0.07
2026-04-24 22:32:49.513541,57.9,53.4,187.9,15.9,0.66
2026-04-24 23:32:49.513541,49.1,46.4,63.2,4.8,0.18
2026-04-25 00:32:49.513541,27.0,56.1,419.1,7.3,1.0
2026-04-25 01:32:49.513541,46.6,67.2,123.1,12.9,0.03
2026-04-25 02:32:49.513541,86.1,83.6,12.1,11.6,19.8
2026-04-25 03:32:49.513541,49.7,49.8,10.4,9.7,0.73
2026-04-25 04:32:49.513541,29.1,56.2,201.0,6.1,0.17
2026-04-25 05:32:49.513541,47.0,70.6,284.5,9.0,0.72
2026-04-25 06:32:49.513541,38.8,40.1,178.3,9.6,1.28
2026-04-25 07:32:49.513541,46.0,63.7,48.8,6.3,0.06
2026-04-25 08:32:49.513541,96.5,91.5,38.4,8.0,17.82
2026-04-25 09:32:49.513541,26.2,56.6,125.0,11.1,0.22
2026-04-25 10:32:49.513541,57.3,67.3,32.9,15.4,0.0
2026-04-25 11:32:49.513541,41.4,53.7,71.5,19.2,0.06
2026-04-25 12:32:49.513541,39.8,54.7,148.6,7.2,1.08
2026-04-25 13:32:49.513541,43.3,56.3,50.3,10.2,2.03
2026-04-25 14:32:49.513541,37.1,57.0,70.6,10.8,1.13
2026-04-25 15:32:49.513541,37.1,44.1,67.1,11.0,0.29
2026-04-25 16:32:49.513541,62.3,56.6,92.6,10.7,1.63
2026-04-25 17:32:49.513541,46.0,59.3,168.3,6.8,0.26
2026-04-25 18:32:49.513541,39.8,38.9,228.7,15.4,0.06
2026-04-25 19:32:49.513541,25.1,63.6,164.1,10.4,0.21
2026-04-25 20:32:49.513541,38.9,64.2,10.0,12.4,3.23
2026-04-25 21:32:49.513541,33.3,57.5,340.7,12.7,0.49
2026-04-25 22:32:49.513541,39.9,41.6,130.6,9.0,0.21
2026-04-25 23:32:49.513541,63.2,48.5,379.3,17.9,0.49
2026-04-26 00:32:49.513541,62.2,31.7,498.1,9.7,0.28
2026-04-26 01:32:49.513541,97.5,84.1,94.6,13.3,11.31
2026-04-26 02:32:49.513541,92.8,90.0,372.2,12.8,18.01
2026-04-26 03:32:49.513541,51.9,54.3,68.2,13.9,0.01
2026-04-26 04:32:49.513541,58.4,65.0,45.2,20.9,0.15
2026-04-26 05:32:49.513541,41.7,50.0,11.5,8.5,0.67
2026-04-26 06:32:49.513541,69.2,59.1,90.2,12.1,0.11
2026-04-26 07:32:49.513541,38.5,54.1,175.0,11.9,0.38
2026-04-26 08:32:49.513541,40.7,46.0,564.8,10.5,0.6
2026-04-26 09:32:49.513541,43.1,69.1,110.5,15.6,0.4
2026-04-26 10:32:49.513541,41.0,63.3,198.9,6.8,0.01
2026-04-26 11:32:49.513541,31.2,43.9,339.7,24.5,0.23
2026-04-26 12:32:49.513541,54.3,59.5,117.5,25.1,0.29
2026-04-26 13:32:49.513541,41.6,52.9,27.4,8.9,0.21
2026-04-26 14:32:49.513541,87.8,85.7,282.8,11.6,15.73
2026-04-26 15:32:49.513541,54.3,41.6,128.1,5.0,0.36
2026-04-26 16:32:49.513541,48.9,51.5,213.1,8.8,0.1
2026-04-26 17:32:49.513541,68.2,58.5,161.2,38.7,0.7
2026-04-26 18:32:49.513541,53.6,44.1,10.0,16.4,0.09
2026-04-26 19:32:49.513541,53.2,57.6,27.8,17.2,0.31
2026-04-26 20:32:49.513541,37.0,51.7,50.6,9.5,0.71
2026-04-26 21:32:49.513541,42.1,55.4,50.3,11.6,0.6
2026-04-26 22:32:49.513541,57.0,65.2,274.1,11.8,0.28
2026-04-26 23:32:49.513541,54.7,82.1,136.8,6.0,0.78
2026-04-27 00:32:49.513541,37.8,55.8,13.1,12.9,0.63
2026-04-27 01:32:49.513541,73.0,53.1,73.5,17.7,0.24
2026-04-27 02:32:49.513541,93.4,89.1,121.9,29.5,16.96
2026-04-27 03:32:49.513541,59.1,66.3,43.5,13.7,0.08
2026-04-27 04:32:49.513541,48.1,72.8,10.0,11.4,0.22
2026-04-27 05:32:49.513541,50.5,57.4,71.8,11.4,0.6
2026-04-27 06:32:49.513541,40.9,63.2,92.8,14.6,1.03
2026-04-27 07:32:49.513541,47.4,55.5,352.7,17.9,0.19
2026-04-27 08:32:49.513541,26.4,55.6,358.5,20.8,0.41
2026-04-27 09:32:49.513541,58.2,56.1,104.1,4.2,0.01
2026-04-27 10:32:49.513541,54.0,59.2,95.7,20.8,0.23
2026-04-27 11:32:49.513541,67.4,55.7,153.5,6.7,0.2
2026-04-27 12:32:49.513541,45.9,68.9,44.8,7.5,0.92
2026-04-27 13:32:49.513541,33.1,60.8,50.5,11.0,0.04
2026-04-27 14:32:49.513541,96.8,95.6,10.0,15.7,15.91
2026-04-27 15:32:49.513541,41.8,56.6,12.2,6.3,0.29
2026-04-27 16:32:49.513541,5.0,50.7,29.5,9.0,0.26
2026-04-27 17:32:49.513541,51.0,44.2,153.5,14.1,0.09
2026-04-27 18:32:49.513541,56.2,65.0,35.9,15.5,0.15
2026-04-27 19:32:49.513541,59.6,65.0,19.9,15.3,1.83
2026-04-27 20:32:49.513541,34.2,43.9,143.7,19.5,0.36
2026-04-27 21:32:49.513541,51.1,44.1,158.2,21.6,0.05
2026-04-27 22:32:49.513541,52.0,62.0,10.0,12.9,0.03
2026-04-27 23:32:49.513541,52.4,51.8,222.4,11.8,0.02
2026-04-28 00:32:49.513541,37.8,45.1,139.8,8.2,0.25
2026-04-28 01:32:49.513541,49.3,39.0,75.9,9.1,1.0
2026-04-28 02:32:49.513541,58.4,50.4,612.8,6.2,0.89
2026-04-28 03:32:49.513541,22.4,56.3,10.0,24.4,0.23
2026-04-28 04:32:49.513541,44.8,52.2,118.1,11.8,0.74
2026-04-28 05:32:49.513541,57.0,41.7,26.1,17.7,0.7
2026-04-28 06:32:49.513541,64.4,49.1,59.9,46.5,0.33
2026-04-28 07:32:49.513541,63.6,60.6,21.4,37.1,0.26
2026-04-28 08:32:49.513541,56.3,70.8,165.5,21.2,0.1
2026-04-28 09:32:49.513541,67.4,55.5,77.0,10.1,0.16
2026-04-28 10:32:49.513541,56.7,65.3,643.5,18.2,0.21
2026-04-28 11:32:49.513541,17.1,62.2,159.1,12.2,0.84
2026-04-28 12:32:49.513541,39.6,49.2,373.9,7.6,0.4
2026-04-28 13:32:49.513541,62.1,64.4,41.3,7.7,0.11
2026-04-28 14:32:49.513541,38.9,66.2,57.6,18.7,0.05
2026-04-28 15:32:49.513541,60.6,50.2,67.6,17.6,0.34
2026-04-28 16:32:49.513541,90.0,88.3,273.5,22.4,12.61
2026-04-28 17:32:49.513541,67.6,49.3,35.7,10.8,0.85
2026-04-28 18:32:49.513541,98.8,91.1,439.8,9.8,14.88
2026-04-28 19:32:49.513541,98.2,90.6,10.0,7.1,12.61
2026-04-28 20:32:49.513541,42.5,71.0,330.9,5.3,0.3
2026-04-28 21:32:49.513541,27.9,54.4,90.1,8.0,1.0
2026-04-28 22:32:49.513541,39.5,49.7,111.9,8.8,0.29
2026-04-28 23:32:49.513541,87.3,80.9,892.7,6.9,17.82
2026-04-29 00:32:49.513541,45.2,66.8,306.1,9.4,0.25
2026-04-29 01:32:49.513541,50.2,46.3,351.5,31.4,0.21
2026-04-29 02:32:49.513541,50.9,56.4,132.1,8.6,0.25
2026-04-29 03:32:49.513541,56.9,74.8,469.7,4.8,0.54
2026-04-29 04:32:49.513541,48.9,73.2,174.6,13.1,0.53
2026-04-29 05:32:49.513541,37.2,45.8,256.7,16.8,0.13
2026-04-29 06:32:49.513541,60.0,41.1,191.4,7.8,0.19
2026-04-29 07:32:49.513541,53.6,58.5,227.7,17.8,0.45
2026-04-29 08:32:49.513541,44.2,62.1,152.4,30.0,0.04
2026-04-29 09:32:49.513541,43.7,62.2,194.4,10.8,0.58
2026-04-29 10:32:49.513541,37.5,60.5,85.9,17.7,0.1
2026-04-29 11:32:49.513541,60.5,57.8,184.1,19.3,0.95
2026-04-29 12:32:49.513541,45.5,50.8,48.6,15.0,0.26
2026-04-29 13:32:49.513541,55.6,48.7,151.2,19.2,0.12
2026-04-29 14:32:49.513541,21.0,63.0,111.3,15.9,0.55
2026-04-29 15:32:49.513541,46.8,47.9,343.2,7.6,0.4
2026-04-29 16:32:49.513541,48.4,38.3,167.8,4.0,0.09
2026-04-29 17:32:49.513541,31.0,56.4,136.2,13.4,0.88
2026-04-29 18:32:49.513541,36.1,57.9,56.3,10.9,0.3
2026-04-29 19:32:49.513541,54.0,74.2,298.0,5.4,0.08
2026-04-29 20:32:49.513541,52.3,55.3,10.0,10.9,0.8
2026-04-29 21:32:49.513541,48.6,41.7,345.0,11.4,0.07
2026-04-29 22:32:49.513541,60.6,67.2,158.8,14.1,1.72
2026-04-29 23:32:49.513541,51.9,54.5,31.5,21.3,0.29
2026-04-30 00:32:49.513541,61.9,53.4,349.9,8.1,0.65
2026-04-30 01:32:49.513541,34.1,43.4,59.3,4.3,0.3
2026-04-30 02:32:49.513541,47.9,60.1,27.6,10.0,0.1
2026-04-30 03:32:49.513541,46.2,56.6,57.7,18.3,0.71
2026-04-30 04:32:49.513541,30.5,55.8,486.9,23.8,0.17
2026-04-30 05:32:49.513541,66.3,64.4,209.6,9.0,0.57
2026-04-30 06:32:49.513541,39.5,65.6,373.0,16.3,0.15
2026-04-30 07:32:49.513541,49.7,58.2,53.3,7.0,0.14
2026-04-30 08:32:49.513541,39.1,60.4,12.9,12.2,0.31
2026-04-30 09:32:49.513541,58.7,58.5,124.1,2.9,0.85
2026-04-30 10:32:49.513541,41.9,71.7,99.0,10.3,0.48
2026-04-30 11:32:49.513541,41.9,45.9,191.3,14.3,0.03
2026-04-30 12:32:49.513541,45.3,44.1,117.4,9.7,0.66
2026-04-30 13:32:49.513541,46.0,43.1,75.7,6.0,0.43
2026-04-30 14:32:49.513541,38.4,60.2,10.0,12.7,0.49
2026-04-30 15:32:49.513541,35.7,53.9,94.6,30.2,0.22
2026-04-30 16:32:49.513541,38.5,43.9,19.3,8.0,0.41
2026-04-30 17:32:49.513541,43.1,53.1,382.7,8.5,0.23
2026-04-30 18:32:49.513541,48.3,76.6,382.1,10.8,0.04
2026-04-30 19:32:49.513541,86.5,83.8,244.2,28.0,17.71
2026-04-30 20:32:49.513541,31.3,69.7,25.8,6.3,0.57
2026-04-30 21:32:49.513541,30.5,42.0,23.9,8.3,0.55
2026-04-30 22:32:49.513541,34.0,57.9,124.3,17.1,0.11
2026-04-30 23:32:49.513541,49.0,60.1,195.0,6.6,0.54
2026-05-01 00:32:49.513541,55.5,61.9,352.4,7.9,0.13
2026-05-01 01:32:49.513541,31.8,52.5,336.7,29.6,0.58
2026-05-01 02:32:49.513541,50.1,64.9,25.3,29.2,0.2
2026-05-01 03:32:49.513541,49.4,59.9,809.7,16.4,0.09
2026-05-01 04:32:49.513541,67.0,55.9,25.6,14.4,1.18
2026-05-01 05:32:49.513541,72.9,50.7,275.0,9.1,0.06
2026-05-01 06:32:49.513541,57.7,40.1,132.6,12.2,0.72
2026-05-01 07:32:49.513541,53.4,35.8,170.1,8.3,0.05
2026-05-01 08:32:49.513541,51.4,48.3,138.9,26.0,0.58
2026-05-01 09:32:49.513541,36.2,53.5,305.7,13.1,0.06
2026-05-01 10:32:49.513541,31.3,48.2,152.0,11.3,0.36
2026-05-01 11:32:49.513541,26.3,58.4,283.2,12.5,0.1
2026-05-01 12:32:49.513541,46.9,63.2,25.2,8.9,1.01
2026-05-01 13:32:49.513541,36.0,42.5,302.3,15.7,0.26
2026-05-01 14:32:49.513541,54.5,60.5,743.3,10.9,0.01
2026-05-01 15:32:49.513541,86.5,93.5,162.5,52.1,11.2
2026-05-01 16:32:49.513541,48.0,37.8,561.7,9.8,0.29
2026-05-01 17:32:49.513541,35.8,64.1,37.2,18.5,0.98
2026-05-01 18:32:49.513541,28.5,45.6,265.2,30.7,0.28
2026-05-01 19:32:49.513541,35.2,80.7,27.8,3.0,0.26
2026-05-01 20:32:49.513541,90.5,84.8,108.8,9.8,17.27
2026-05-01 21:32:49.513541,44.7,53.6,163.6,26.2,0.98
2026-05-01 22:32:49.513541,37.7,55.0,161.9,4.0,0.44
2026-05-01 23:32:49.513541,33.9,41.1,166.7,22.1,0.55
2026-05-02 00:32:49.513541,35.4,72.6,58.1,14.4,0.64
2026-05-02 01:32:49.513541,5.0,46.5,545.8,26.3,1.39
2026-05-02 02:32:49.513541,40.4,55.4,10.0,10.5,0.91
2026-05-02 03:32:49.513541,45.4,48.6,145.5,13.9,1.31
2026-05-02 04:32:49.513541,39.9,59.6,301.6,6.8,0.21
2026-05-02 05:32:49.513541,47.4,54.8,332.6,10.9,0.12
2026-05-02 06:32:49.513541,56.6,48.7,191.1,8.3,0.11
2026-05-02 07:32:49.513541,57.7,59.6,128.3,9.1,0.98
2026-05-02 08:32:49.513541,56.7,70.0,91.7,13.1,0.89
2026-05-02 09:32:49.513541,37.6,55.5,89.5,8.2,0.53
2026-05-02 10:32:49.513541,33.9,33.1,83.0,4.0,0.03
2026-05-02 11:32:49.513541,38.3,58.8,180.5,13.8,0.19
2026-05-02 12:32:49.513541,52.2,40.2,197.1,13.6,0.66
2026-05-02 13:32:49.513541,48.7,41.3,108.5,17.7,0.14
2026-05-02 14:32:49.513541,35.9,40.3,202.5,12.1,0.49
2026-05-02 15:32:49.513541,57.9,62.1,112.8,7.1,0.39
2026-05-02 16:32:49.513541,31.7,40.5,15.4,26.1,0.15
2026-05-02 17:32:49.513541,38.7,64.9,286.2,10.3,1.36
2026-05-02 18:32:49.513541,47.5,63.1,306.6,7.5,0.15
2026-05-02 19:32:49.513541,55.0,46.4,46.5,25.2,1.13
2026-05-02 20:32:49.513541,58.9,59.8,231.6,28.5,0.39
2026-05-02 21:32:49.513541,48.7,66.8,107.4,3.1,0.05
2026-05-02 22:32:49.513541,30.2,49.2,19.9,7.7,0.9
2026-05-02 23:32:49.513541,57.7,67.3,76.1,11.1,0.78
2026-05-03 00:32:49.513541,32.5,56.7,11.9,14.0,0.89
2026-05-03 01:32:49.513541,39.2,48.1,231.6,16.9,0.51
2026-05-03 02:32:49.513541,33.2,63.3,32.8,42.9,0.62
2026-05-03 03:32:49.513541,43.9,47.7,26.9,7.0,1.19
2026-05-03 04:32:49.513541,32.8,68.9,35.1,13.2,0.07
2026-05-03 05:32:49.513541,50.7,43.5,38.5,5.8,0.04
2026-05-03 06:32:49.513541,50.0,68.1,168.1,13.6,0.07
2026-05-03 07:32:49.513541,54.0,57.2,152.7,27.9,1.02
2026-05-03 08:32:49.513541,48.4,62.1,20.8,3.0,0.41
2026-05-03 09:32:49.513541,47.7,51.1,193.3,5.9,0.1
2026-05-03 10:32:49.513541,33.2,58.9,64.4,18.0,0.08
2026-05-03 11:32:49.513541,36.9,29.7,91.7,18.3,0.29
2026-05-03 12:32:49.513541,43.8,57.2,20.0,8.0,0.85
2026-05-03 13:32:49.513541,44.8,41.9,185.0,18.3,0.82
2026-05-03 14:32:49.513541,41.0,62.5,70.8,23.4,0.95
2026-05-03 15:32:49.513541,51.7,49.7,150.0,16.1,0.73
2026-05-03 16:32:49.513541,72.8,49.6,83.6,25.3,0.03
2026-05-03 17:32:49.513541,49.9,43.4,10.0,14.3,0.64
2026-05-03 18:32:49.513541,37.0,56.8,182.4,10.7,0.37
2026-05-03 19:32:49.513541,54.4,46.5,120.6,14.0,0.65
2026-05-03 20:32:49.513541,37.5,54.5,85.4,18.6,0.33
2026-05-03 21:32:49.513541,49.2,51.7,33.8,5.4,0.33
2026-05-03 22:32:49.513541,50.7,44.8,146.9,13.9,0.07
2026-05-03 23:32:49.513541,47.8,51.1,48.3,11.4,1.18
2026-05-04 00:32:49.513541,37.9,49.1,84.1,9.3,0.23
2026-05-04 01:32:49.513541,45.9,64.7,10.0,6.9,0.44
2026-05-04 02:32:49.513541,39.0,66.4,224.9,4.8,0.12
2026-05-04 03:32:49.513541,38.9,41.8,14.2,9.4,0.23
2026-05-04 04:32:49.513541,25.2,56.9,332.2,9.0,1.02
2026-05-04 05:32:49.513541,43.5,52.2,303.3,19.5,0.12
2026-05-04 06:32:49.513541,71.0,46.2,531.5,21.4,0.12
2026-05-04 07:32:49.513541,15.0,56.5,358.6,8.0,0.15
2026-05-04 08:32:49.513541,18.3,59.7,533.2,7.9,0.43
2026-05-04 09:32:49.513541,45.7,28.4,327.4,9.2,0.37
2026-05-04 10:32:49.513541,54.0,65.0,17.9,21.3,0.1
2026-05-04 11:32:49.513541,28.9,62.1,86.4,8.7,0.59
2026-05-04 12:32:49.513541,47.6,54.7,11.9,32.5,1.19
2026-05-04 13:32:49.513541,43.1,46.2,118.2,13.0,0.11
2026-05-04 14:32:49.513541,37.8,59.9,113.2,15.2,0.56
2026-05-04 15:32:49.513541,49.6,48.5,383.0,9.6,0.44
2026-05-04 16:32:49.513541,85.4,88.6,524.5,27.4,9.27
2026-05-04 17:32:49.513541,57.2,64.0,45.1,15.1,0.48
2026-05-04 18:32:49.513541,22.0,55.2,131.0,9.6,0.12
2026-05-04 19:32:49.513541,44.0,46.9,93.7,6.3,0.9
2026-05-04 20:32:49.513541,46.3,60.0,118.7,17.2,0.01
2026-05-04 21:32:49.513541,43.0,62.9,113.8,8.8,0.42
2026-05-04 22:32:49.513541,38.8,51.7,368.2,11.1,0.19
2026-05-04 23:32:49.513541,52.5,59.1,339.7,7.6,1.07
2026-05-05 00:32:49.513541,40.1,50.2,19.6,7.7,0.35
2026-05-05 01:32:49.513541,26.8,37.6,63.5,9.0,0.81
2026-05-05 02:32:49.513541,36.8,38.4,209.6,11.8,1.29
2026-05-05 03:32:49.513541,46.1,56.6,172.8,6.7,0.2
2026-05-05 04:32:49.513541,38.4,70.2,149.6,10.7,1.06
2026-05-05 05:32:49.513541,41.1,45.3,762.7,8.5,0.65
2026-05-05 06:32:49.513541,54.3,47.0,61.6,11.5,0.06
2026-05-05 07:32:49.513541,37.8,58.0,108.6,19.3,0.05
2026-05-05 08:32:49.513541,43.9,55.4,580.6,13.5,0.85
2026-05-05 09:32:49.513541,42.7,57.9,178.4,9.0,0.32
2026-05-05 10:32:49.513541,57.9,60.2,156.9,11.9,0.34
2026-05-05 11:32:49.513541,45.6,54.8,25.2,16.4,1.11
2026-05-05 12:32:49.513541,54.6,56.4,42.5,17.3,1.17
2026-05-05 13:32:49.513541,36.4,43.7,71.1,13.5,0.06
2026-05-05 14:32:49.513541,66.0,50.8,93.8,29.9,0.23
2026-05-05 15:32:49.513541,55.0,67.6,103.1,7.8,1.13
2026-05-05 16:32:49.513541,64.9,59.7,348.6,15.9,0.86
2026-05-05 17:32:49.513541,47.4,57.8,17.0,11.8,0.64
2026-05-05 18:32:49.513541,37.7,46.3,42.8,20.3,0.05
2026-05-05 19:32:49.513541,42.3,47.0,23.3,12.2,0.49
2026-05-05 20:32:49.513541,47.5,44.3,199.4,34.5,0.44
2026-05-05 21:32:49.513541,47.4,36.6,528.9,12.7,0.09
2026-05-05 22:32:49.513541,40.1,52.3,336.6,17.6,0.74
2026-05-05 23:32:49.513541,44.8,51.1,192.7,11.0,0.19
2026-05-06 00:32:49.513541,48.1,56.8,10.0,14.5,0.48
2026-05-06 01:32:49.513541,35.2,65.4,63.9,9.0,0.22
2026-05-06 02:32:49.513541,40.6,48.7,298.8,15.1,0.04
2026-05-06 03:32:49.513541,61.1,67.5,158.8,4.6,0.37
2026-05-06 04:32:49.513541,59.4,60.1,35.3,9.3,0.18
2026-05-06 05:32:49.513541,35.5,69.2,94.2,8.6,0.04
2026-05-06 06:32:49.513541,67.7,43.6,13.8,31.6,0.11
2026-05-06 07:32:49.513541,35.4,66.7,110.3,8.5,0.48
2026-05-06 08:32:49.513541,49.9,48.3,346.9,9.6,0.05
2026-05-06 09:32:49.513541,60.9,47.0,10.0,8.3,0.05
2026-05-06 10:32:49.513541,35.4,54.4,142.7,15.0,1.44
2026-05-06 11:32:49.513541,31.5,46.5,39.8,10.3,0.06
2026-05-06 12:32:49.513541,50.9,59.3,696.7,9.7,0.24
2026-05-06 13:32:49.513541,44.1,63.4,10.1,35.5,0.07
2026-05-06 14:32:49.513541,40.8,59.9,144.1,13.2,1.4
2026-05-06 15:32:49.513541,28.7,54.4,44.4,17.1,0.33
2026-05-06 16:32:49.513541,60.8,66.8,321.2,14.9,0.06
2026-05-06 17:32:49.513541,48.0,59.3,19.5,8.0,0.73
2026-05-06 18:32:49.513541,53.3,53.5,84.1,9.1,0.76
2026-05-06 19:32:49.513541,59.0,53.7,30.8,7.0,1.16
2026-05-06 20:32:49.513541,24.1,46.2,241.0,6.6,0.61
2026-05-06 21:32:49.513541,47.1,45.4,65.0,12.4,0.03
2026-05-06 22:32:49.513541,26.8,50.5,31.0,12.8,0.4
2026-05-06 23:32:49.513541,54.0,44.5,194.1,11.4,0.24
2026-05-07 00:32:49.513541,61.2,43.5,254.9,14.7,0.69
2026-05-07 01:32:49.513541,43.9,45.8,93.1,11.2,0.45
2026-05-07 02:32:49.513541,44.2,65.7,71.4,22.6,0.65
2026-05-07 03:32:49.513541,51.9,46.9,150.0,9.5,0.1
2026-05-07 04:32:49.513541,50.7,63.2,158.1,19.9,0.29
2026-05-07 05:32:49.513541,42.3,48.6,162.2,17.8,0.28
2026-05-07 06:32:49.513541,53.5,56.9,48.4,3.4,1.98
2026-05-07 07:32:49.513541,42.2,46.9,425.3,5.7,0.01
2026-05-07 08:32:49.513541,48.7,57.0,36.0,5.1,0.85
2026-05-07 09:32:49.513541,30.0,77.8,70.3,14.2,0.05
2026-05-07 10:32:49.513541,58.8,48.0,50.0,7.1,0.04
2026-05-07 11:32:49.513541,34.5,52.1,401.3,20.5,0.2
2026-05-07 12:32:49.513541,48.8,43.1,264.4,7.0,0.6
2026-05-07 13:32:49.513541,31.5,66.0,250.1,13.3,0.57
2026-05-07 14:32:49.513541,39.7,67.6,10.0,7.3,0.49
2026-05-07 15:32:49.513541,38.8,45.7,173.7,16.2,0.74
2026-05-07 16:32:49.513541,51.3,53.4,39.3,10.4,0.13
2026-05-07 17:32:49.513541,62.7,59.2,515.1,9.7,0.5
2026-05-07 18:32:49.513541,35.8,55.7,113.5,8.6,0.51
2026-05-07 19:32:49.513541,88.4,84.4,124.8,7.0,19.07
2026-05-07 20:32:49.513541,57.5,45.3,66.1,14.6,0.45
2026-05-07 21:32:49.513541,36.4,42.7,115.4,8.7,0.13
2026-05-07 22:32:49.513541,72.8,65.2,207.8,40.3,1.23
2026-05-07 23:32:49.513541,32.3,61.6,123.8,27.0,1.86
2026-05-08 00:32:49.513541,53.7,71.7,153.8,10.7,0.58
2026-05-08 01:32:49.513541,26.6,44.9,95.9,9.9,0.29
2026-05-08 02:32:49.513541,32.8,58.0,189.0,11.1,0.39
2026-05-08 03:32:49.513541,33.2,56.4,344.7,25.8,0.06
2026-05-08 04:32:49.513541,37.8,58.7,10.0,34.9,0.23
2026-05-08 05:32:49.513541,54.9,61.1,17.0,4.6,1.87
2026-05-08 06:32:49.513541,44.5,87.0,173.6,23.8,0.4
2026-05-08 07:32:49.513541,58.7,86.6,71.2,10.5,0.41
2026-05-08 08:32:49.513541,54.7,58.6,49.6,8.1,1.54
2026-05-08 09:32:49.513541,33.1,71.1,29.5,21.3,1.09
2026-05-08 10:32:49.513541,43.7,46.4,127.5,12.7,0.42
2026-05-08 11:32:49.513541,59.7,54.0,64.0,24.1,0.16
2026-05-08 12:32:49.513541,34.7,47.0,106.4,19.6,0.06
2026-05-08 13:32:49.513541,51.9,57.5,477.5,14.4,1.0
2026-05-08 14:32:49.513541,36.3,60.3,213.0,27.4,1.26
2026-05-08 15:32:49.513541,33.6,78.0,238.4,11.3,0.34
2026-05-08 16:32:49.513541,41.4,45.7,19.9,7.0,0.05
2026-05-08 17:32:49.513541,31.7,68.3,59.0,31.8,0.47
2026-05-08 18:32:49.513541,59.9,50.9,16.8,10.8,0.23
2026-05-08 19:32:49.513541,11.1,49.4,518.8,13.3,0.09
2026-05-08 20:32:49.513541,51.2,52.6,171.9,9.2,1.26
2026-05-08 21:32:49.513541,51.2,74.8,10.0,12.8,0.14
2026-05-08 22:32:49.513541,39.5,35.4,96.8,14.3,0.62
2026-05-08 23:32:49.513541,21.0,59.5,45.9,7.0,0.28
2026-05-09 00:32:49.513541,50.5,66.3,116.5,7.1,0.88
2026-05-09 01:32:49.513541,39.6,45.3,29.5,7.8,0.6
2026-05-09 02:32:49.513541,37.5,60.3,10.0,11.4,0.07
2026-05-09 03:32:49.513541,59.3,47.8,58.6,15.1,0.3
2026-05-09 04:32:49.513541,62.6,74.6,52.5,23.3,0.15
2026-05-09 05:32:49.513541,38.9,42.1,189.3,41.5,0.63
2026-05-09 06:32:49.513541,35.7,60.8,96.5,13.3,0.39
2026-05-09 07:32:49.513541,11.9,50.7,51.7,9.7,0.21
2026-05-09 08:32:49.513541,25.8,53.6,126.7,3.7,0.2
2026-05-09 09:32:49.513541,35.6,52.1,11.1,13.9,0.06
2026-05-09 10:32:49.513541,86.4,90.3,162.9,11.2,15.47
2026-05-09 11:32:49.513541,50.4,56.9,23.9,10.2,0.62
2026-05-09 12:32:49.513541,57.7,40.9,49.2,8.8,0.47
2026-05-09 13:32:49.513541,53.3,58.8,49.7,8.9,0.22
2026-05-09 14:32:49.513541,45.0,57.8,94.1,14.4,0.9
2026-05-09 15:32:49.513541,46.1,65.5,459.1,16.8,0.33
2026-05-09 16:32:49.513541,51.5,58.5,58.9,12.0,0.79
2026-05-09 17:32:49.513541,85.8,93.9,49.6,18.1,8.83
2026-05-09 18:32:49.513541,48.8,66.9,27.7,23.2,0.94
2026-05-09 19:32:49.513541,49.3,66.5,74.6,11.6,0.95
2026-05-09 20:32:49.513541,47.9,60.4,30.1,22.5,0.57
2026-05-09 21:32:49.513541,38.2,58.0,22.2,7.6,0.69
2026-05-09 22:32:49.513541,61.1,58.9,292.1,14.1,0.75
2026-05-09 23:32:49.513541,60.9,66.7,10.0,10.1,0.09
2026-05-10 00:32:49.513541,29.8,68.8,186.1,15.6,0.18
2026-05-10 01:32:49.513541,20.8,60.5,34.0,4.1,0.06
2026-05-10 02:32:49.513541,39.7,61.5,10.0,21.9,0.1
2026-05-10 03:32:49.513541,35.4,57.1,237.8,11.9,0.75
2026-05-10 04:32:49.513541,25.2,79.2,181.7,15.1,1.47
2026-05-10 05:32:49.513541,40.5,34.7,61.0,8.2,0.56
2026-05-10 06:32:49.513541,62.1,48.5,12.4,28.1,1.09
2026-05-10 07:32:49.513541,50.5,47.2,67.1,14.5,0.19
2026-05-10 08:32:49.513541,54.8,76.2,30.0,10.1,0.93
2026-05-10 09:32:49.513541,60.9,53.0,404.4,4.3,0.21
2026-05-10 10:32:49.513541,54.3,35.2,113.1,10.2,1.12
2026-05-10 11:32:49.513541,43.0,47.1,498.0,3.8,0.8
2026-05-10 12:32:49.513541,59.0,60.7,64.9,13.0,2.06
2026-05-10 13:32:49.513541,35.4,55.5,121.9,16.4,0.88
2026-05-10 14:32:49.513541,26.8,54.2,31.6,17.4,0.25
2026-05-10 15:32:49.513541,61.8,57.2,247.9,7.9,0.06
2026-05-10 16:32:49.513541,63.5,66.6,10.0,8.9,1.04
2026-05-10 17:32:49.513541,40.1,64.4,178.4,11.6,0.42
2026-05-10 18:32:49.513541,38.6,47.0,74.6,9.3,0.98
2026-05-10 19:32:49.513541,51.7,58.2,129.6,5.3,0.24
2026-05-10 20:32:49.513541,31.8,70.7,134.6,8.9,0.01
2026-05-10 21:32:49.513541,42.1,57.4,186.1,14.9,0.03
2026-05-10 22:32:49.513541,47.8,49.3,34.3,9.7,0.56
2026-05-10 23:32:49.513541,36.7,43.7,113.7,10.8,0.06
2026-05-11 00:32:49.513541,58.2,57.5,83.5,9.4,0.68
2026-05-11 01:32:49.513541,48.1,53.0,49.7,39.3,0.27
2026-05-11 02:32:49.513541,43.4,52.9,102.7,13.0,0.41
2026-05-11 03:32:49.513541,56.8,57.3,455.5,13.6,0.81
2026-05-11 04:32:49.513541,46.8,48.3,446.1,9.2,0.15
2026-05-11 05:32:49.513541,36.4,67.9,49.0,15.4,0.27
2026-05-11 06:32:49.513541,60.2,54.3,323.4,12.8,0.65
2026-05-11 07:32:49.513541,44.7,74.9,314.0,5.1,1.25
2026-05-11 08:32:49.513541,85.8,80.9,43.1,25.7,8.17
2026-05-11 09:32:49.513541,48.4,54.2,137.1,11.5,0.49
2026-05-11 10:32:49.513541,22.0,42.2,306.0,15.9,1.51
2026-05-11 11:32:49.513541,70.1,61.6,108.5,8.9,0.52
2026-05-11 12:32:49.513541,87.7,88.2,69.3,15.2,19.21
2026-05-11 13:32:49.513541,49.3,48.0,157.8,17.0,1.4
2026-05-11 14:32:49.513541,54.0,43.5,28.4,5.9,1.32
2026-05-11 15:32:49.513541,23.6,54.9,26.5,15.8,0.71
2026-05-11 16:32:49.513541,49.8,57.3,268.1,11.5,0.4
2026-05-11 17:32:49.513541,32.8,56.6,10.0,7.3,0.05
2026-05-11 18:32:49.513541,40.1,55.0,244.2,28.1,0.13
2026-05-11 19:32:49.513541,50.2,67.0,51.5,7.6,0.15
2026-05-11 20:32:49.513541,38.3,48.6,99.0,13.7,0.02
2026-05-11 21:32:49.513541,22.0,74.0,117.6,6.6,0.05
2026-05-11 22:32:49.513541,50.8,38.3,218.6,7.0,0.17
2026-05-11 23:32:49.513541,53.6,47.7,322.9,20.7,0.05
2026-05-12 00:32:49.513541,31.7,43.1,244.6,10.2,0.09
2026-05-12 01:32:49.513541,35.5,57.2,127.4,25.1,0.03
2026-05-12 02:32:49.513541,42.6,59.0,64.2,9.9,0.27
2026-05-12 03:32:49.513541,68.1,72.5,112.2,9.7,0.86
2026-05-12 04:32:49.513541,65.8,57.1,10.0,8.3,0.84
2026-05-12 05:32:49.513541,58.1,63.5,42.2,9.5,1.18
2026-05-12 06:32:49.513541,69.9,44.1,68.4,16.6,0.68
2026-05-12 07:32:49.513541,57.9,41.2,57.8,12.7,0.14
2026-05-12 08:32:49.513541,48.3,68.1,15.0,10.4,0.61
2026-05-12 09:32:49.513541,31.7,64.4,10.0,17.2,0.7
2026-05-12 10:32:49.513541,24.2,57.4,81.9,16.0,0.39
2026-05-12 11:32:49.513541,39.1,46.2,11.7,10.6,0.82
2026-05-12 12:32:49.513541,98.3,90.7,50.6,26.1,11.35
2026-05-12 13:32:49.513541,72.6,63.3,96.6,5.6,0.45
2026-05-12 14:32:49.513541,42.3,48.1,35.4,14.9,0.33
2026-05-12 15:32:49.513541,46.8,55.5,12.4,11.5,0.82
2026-05-12 16:32:49.513541,49.1,40.4,84.9,15.7,0.07
2026-05-12 17:32:49.513541,47.5,56.2,89.3,12.8,0.12
2026-05-12 18:32:49.513541,66.3,50.4,370.9,13.9,0.41
2026-05-12 19:32:49.513541,60.9,78.9,20.5,5.0,1.47
2026-05-12 20:32:49.513541,45.1,62.6,143.2,13.6,0.04
2026-05-12 21:32:49.513541,37.5,29.7,57.8,20.5,0.68
2026-05-12 22:32:49.513541,38.2,73.4,19.8,9.0,0.11
2026-05-12 23:32:49.513541,45.4,59.0,74.9,20.0,0.06
2026-05-13 00:32:49.513541,36.5,70.4,83.8,10.2,0.25
2026-05-13 01:32:49.513541,55.9,57.8,67.8,9.1,0.44
2026-05-13 02:32:49.513541,36.9,56.5,217.7,9.2,0.88
2026-05-13 03:32:49.513541,63.7,46.7,274.1,7.3,0.5
2026-05-13 04:32:49.513541,53.3,61.5,24.2,12.6,0.34
2026-05-13 05:32:49.513541,29.3,65.9,27.6,8.9,0.17
2026-05-13 06:32:49.513541,62.7,37.5,82.0,9.3,0.17
2026-05-13 07:32:49.513541,29.1,46.8,57.9,8.7,0.74
2026-05-13 08:32:49.513541,64.3,42.7,256.9,14.3,0.06
2026-05-13 09:32:49.513541,53.9,72.8,862.2,6.5,0.08
2026-05-13 10:32:49.513541,71.9,66.2,30.0,16.4,0.64
2026-05-13 11:32:49.513541,14.6,51.4,215.7,15.7,1.62
2026-05-13 12:32:49.513541,46.7,65.8,140.2,15.7,0.06
2026-05-13 13:32:49.513541,44.7,41.3,155.1,7.5,0.47
2026-05-13 14:32:49.513541,37.6,58.0,46.1,13.7,0.14
2026-05-13 15:32:49.513541,56.9,64.3,15.3,23.4,0.01
2026-05-13 16:32:49.513541,41.2,49.6,117.5,6.7,0.89
2026-05-13 17:32:49.513541,62.3,54.9,142.6,13.3,0.36
2026-05-13 18:32:49.513541,33.8,60.0,494.7,7.0,0.01
2026-05-13 19:32:49.513541,22.0,66.5,168.7,10.6,1.13
2026-05-13 20:32:49.513541,36.0,39.7,88.0,12.0,0.38
2026-05-13 21:32:49.513541,51.9,53.3,767.4,8.9,0.67
2026-05-13 22:32:49.513541,57.0,45.8,70.1,8.4,0.28
2026-05-13 23:32:49.513541,33.5,60.5,26.6,13.8,0.1
2026-05-14 00:32:49.513541,51.3,51.9,144.3,7.4,0.31
2026-05-14 01:32:49.513541,49.2,63.1,46.4,15.8,0.17
2026-05-14 02:32:49.513541,47.5,41.6,383.1,29.1,0.18
2026-05-14 03:32:49.513541,66.0,50.3,83.8,6.4,0.52
2026-05-14 04:32:49.513541,41.6,75.0,24.3,6.2,0.05
2026-05-14 05:32:49.513541,33.7,53.0,22.9,5.7,0.25
2026-05-14 06:32:49.513541,45.9,65.8,157.3,9.6,0.4
2026-05-14 07:32:49.513541,43.1,44.4,68.3,18.7,0.62
2026-05-14 08:32:49.513541,55.8,40.1,67.8,19.6,0.5
2026-05-14 09:32:49.513541,45.1,69.1,142.1,15.0,1.09
2026-05-14 10:32:49.513541,48.0,63.1,37.6,13.5,2.44
2026-05-14 11:32:49.513541,41.6,50.8,23.6,23.1,1.39
2026-05-14 12:32:49.513541,17.6,71.3,160.6,9.5,0.72
2026-05-14 13:32:49.513541,47.2,48.8,10.0,16.1,0.58
2026-05-14 14:32:49.513541,59.2,46.4,356.9,32.9,0.02
2026-05-14 15:32:49.513541,52.0,55.2,30.3,22.6,0.38
2026-05-14 16:32:49.513541,26.8,52.3,89.1,7.0,0.54
2026-05-14 17:32:49.513541,40.9,43.4,35.6,9.1,0.27
2026-05-14 18:32:49.513541,42.0,53.8,36.9,33.7,0.24
2026-05-14 19:32:49.513541,51.7,57.5,270.3,9.1,0.39
2026-05-14 20:32:49.513541,46.7,63.3,131.9,27.1,1.19
2026-05-14 21:32:49.513541,8.9,81.6,56.0,9.8,0.15
2026-05-14 22:32:49.513541,32.7,67.2,43.4,11.0,0.25
2026-05-14 23:32:49.513541,40.6,44.4,35.9,7.7,0.53
2026-05-15 00:32:49.513541,37.2,82.2,121.3,8.4,0.1
2026-05-15 01:32:49.513541,42.6,55.5,196.8,11.0,0.9
2026-05-15 02:32:49.513541,39.3,58.3,43.9,13.4,0.55
2026-05-15 03:32:49.513541,42.1,48.2,60.6,10.0,0.22
2026-05-15 04:32:49.513541,54.5,54.9,191.1,17.3,0.64
2026-05-15 05:32:49.513541,59.0,54.8,200.5,10.0,0.16
2026-05-15 06:32:49.513541,43.1,61.8,34.9,4.3,0.74
2026-05-15 07:32:49.513541,52.0,64.1,72.2,11.0,0.04
2026-05-15 08:32:49.513541,50.0,51.2,306.0,9.6,0.28
2026-05-15 09:32:49.513541,61.4,66.9,202.2,25.6,0.15
2026-05-15 10:32:49.513541,53.1,49.5,26.6,19.1,0.85
2026-05-15 11:32:49.513541,69.8,66.2,73.2,20.0,0.7
2026-05-15 12:32:49.513541,53.4,48.4,543.4,17.3,0.92
2026-05-15 13:32:49.513541,25.6,43.7,111.8,15.2,0.53
2026-05-15 14:32:49.513541,61.1,52.0,190.6,15.2,0.79
2026-05-15 15:32:49.513541,56.0,52.5,14.5,19.3,0.29
2026-05-15 16:32:49.513541,55.8,45.2,268.0,16.3,0.57
2026-05-15 17:32:49.513541,29.3,51.2,139.2,9.4,0.02
2026-05-15 18:32:49.513541,58.1,49.6,29.0,6.0,1.06
2026-05-15 19:32:49.513541,56.9,55.0,71.8,4.7,0.58
2026-05-15 20:32:49.513541,28.2,60.5,13.0,8.0,1.01
2026-05-15 21:32:49.513541,53.5,54.2,225.1,8.4,0.74
2026-05-15 22:32:49.513541,48.5,45.7,204.9,11.6,0.17
2026-05-15 23:32:49.513541,45.1,51.4,101.1,11.5,0.16
2026-05-16 00:32:49.513541,44.0,64.9,90.2,29.1,0.8
2026-05-16 01:32:49.513541,22.1,48.4,93.4,16.1,0.1
2026-05-16 02:32:49.513541,44.2,45.4,10.0,8.4,0.06
2026-05-16 03:32:49.513541,54.3,39.6,68.9,24.2,0.01
2026-05-16 04:32:49.513541,35.1,48.2,20.6,10.9,0.18
2026-05-16 05:32:49.513541,44.3,63.3,30.6,16.2,0.05
2026-05-16 06:32:49.513541,38.9,47.7,491.0,15.4,0.81
2026-05-16 07:32:49.513541,39.9,54.6,45.5,12.4,0.33
2026-05-16 08:32:49.513541,23.0,50.1,99.1,24.7,0.15
2026-05-16 09:32:49.513541,52.9,49.5,328.1,9.1,0.46
2026-05-16 10:32:49.513541,45.2,68.1,80.0,13.0,0.04
2026-05-16 11:32:49.513541,35.2,53.5,112.8,7.8,0.65
2026-05-16 12:32:49.513541,59.4,42.5,27.7,14.5,0.35
2026-05-16 13:32:49.513541,55.3,39.7,50.3,14.9,0.0
2026-05-16 14:32:49.513541,44.2,44.4,105.8,12.7,0.19
2026-05-16 15:32:49.513541,60.0,43.3,68.1,12.6,0.69
2026-05-16 16:32:49.513541,64.0,63.6,10.0,11.2,0.1
2026-05-16 17:32:49.513541,33.7,52.9,76.8,14.7,1.63
2026-05-16 18:32:49.513541,31.6,55.7,253.2,16.6,1.13
2026-05-16 19:32:49.513541,18.2,52.5,18.5,6.6,0.75
2026-05-16 20:32:49.513541,36.5,53.0,10.0,10.6,0.04
2026-05-16 21:32:49.513541,86.8,86.9,19.0,10.2,13.22
2026-05-16 22:32:49.513541,25.4,65.2,174.2,17.0,0.18
2026-05-16 23:32:49.513541,34.9,72.9,237.5,22.3,0.07
2026-05-17 00:32:49.513541,53.9,46.2,10.0,15.1,3.94
2026-05-17 01:32:49.513541,48.2,51.1,327.8,13.1,0.08
2026-05-17 02:32:49.513541,35.9,56.9,148.1,8.3,0.19
2026-05-17 03:32:49.513541,59.9,70.7,109.5,30.9,1.06
2026-05-17 04:32:49.513541,28.8,48.1,43.9,7.7,0.08
2026-05-17 05:32:49.513541,91.0,95.1,69.7,6.5,16.37
2026-05-17 06:32:49.513541,42.2,48.9,440.5,17.5,1.86
2026-05-17 07:32:49.513541,46.1,64.7,363.8,9.4,0.14
2026-05-17 08:32:49.513541,48.6,55.9,147.3,17.9,0.61
2026-05-17 09:32:49.513541,59.4,44.6,129.7,24.9,0.04
2026-05-17 10:32:49.513541,53.5,53.8,35.5,10.7,0.46
2026-05-17 11:32:49.513541,58.1,61.1,459.5,15.3,0.21
2026-05-17 12:32:49.513541,32.8,26.2,211.2,9.7,0.6
2026-05-17 13:32:49.513541,41.5,64.1,72.3,12.6,0.28
2026-05-17 14:32:49.513541,33.6,40.3,253.8,11.4,0.18
2026-05-17 15:32:49.513541,29.3,52.8,35.7,19.7,0.39
2026-05-17 16:32:49.513541,55.8,53.9,36.0,9.3,0.08
2026-05-17 17:32:49.513541,21.5,27.7,234.8,8.7,0.84
2026-05-17 18:32:49.513541,38.0,48.9,122.9,11.0,0.69
2026-05-17 19:32:49.513541,38.4,59.2,121.7,17.0,0.39
2026-05-17 20:32:49.513541,42.5,73.6,127.9,8.2,0.23
2026-05-17 21:32:49.513541,31.3,63.2,20.2,6.7,1.23
2026-05-17 22:32:49.513541,36.2,64.1,64.5,21.9,0.5
2026-05-17 23:32:49.513541,67.4,33.4,127.7,4.0,0.17
2026-05-18 00:32:49.513541,41.9,52.0,42.7,6.4,0.82
2026-05-18 01:32:49.513541,34.4,73.2,105.2,36.0,0.5
2026-05-18 02:32:49.513541,47.8,65.0,122.1,5.1,0.07
2026-05-18 03:32:49.513541,45.9,49.9,429.2,9.8,0.06
2026-05-18 04:32:49.513541,68.1,56.1,42.3,8.8,1.39
2026-05-18 05:32:49.513541,41.7,64.8,86.8,3.9,0.17
2026-05-18 06:32:49.513541,50.8,64.5,598.6,7.4,0.54
2026-05-18 07:32:49.513541,30.6,53.7,31.0,13.9,0.02
2026-05-18 08:32:49.513541,36.4,52.6,227.1,17.8,0.41
2026-05-18 09:32:49.513541,37.5,59.4,29.2,21.2,0.13
2026-05-18 10:32:49.513541,27.2,64.7,284.6,10.1,0.08
2026-05-18 11:32:49.513541,45.6,51.1,100.4,4.8,0.74
2026-05-18 12:32:49.513541,48.0,36.5,537.2,12.5,0.83
2026-05-18 13:32:49.513541,46.5,54.2,28.0,24.2,0.63
2026-05-18 14:32:49.513541,92.6,84.1,174.7,26.1,9.17
2026-05-18 15:32:49.513541,33.4,74.3,178.3,19.9,0.17
2026-05-18 16:32:49.513541,40.3,45.5,190.3,6.2,0.22
2026-05-18 17:32:49.513541,31.0,53.8,16.0,11.1,0.59
2026-05-18 18:32:49.513541,20.5,47.9,51.1,13.7,0.7
2026-05-18 19:32:49.513541,56.5,49.8,61.9,14.8,0.49
2026-05-18 20:32:49.513541,63.1,63.3,58.8,5.0,0.78
2026-05-18 21:32:49.513541,58.7,65.5,168.6,34.1,0.28
2026-05-18 22:32:49.513541,48.5,61.6,10.0,23.6,0.39
2026-05-18 23:32:49.513541,37.9,64.7,196.4,12.2,0.03
2026-05-19 00:32:49.513541,71.0,49.7,112.2,13.0,0.28
2026-05-19 01:32:49.513541,57.9,44.0,28.5,9.5,0.28
2026-05-19 02:32:49.513541,35.1,47.5,38.5,22.6,0.47
