timestamp,metric,value
2025-12-12 07:38:38,cpu_usage,52.86
2025-12-12 08:38:38,cpu_usage,58.54
2025-12-12 09:38:38,cpu_usage,42.55
2025-12-12 10:38:38,cpu_usage,49.92
2025-12-12 11:38:38,cpu_usage,40.44
2025-12-12 12:38:38,cpu_usage,59.91
2025-12-12 13:38:38,cpu_usage,48.93
2025-12-12 14:38:38,cpu_usage,49.94
2025-12-12 15:38:38,cpu_usage,49.42
2025-12-12 16:38:38,cpu_usage,45.45
2025-12-12 17:38:38,cpu_usage,46.46
2025-12-12 18:38:38,cpu_usage,56.3
2025-12-12 19:38:38,cpu_usage,37.39
2025-12-12 20:38:38,cpu_usage,46.1
2025-12-12 21:38:38,cpu_usage,42.12
2025-12-12 22:38:38,cpu_usage,53.46
2025-12-12 23:38:38,cpu_usage,50.02
2025-12-13 00:38:38,cpu_usage,38.36
2025-12-13 01:38:38,cpu_usage,45.64
2025-12-13 02:38:38,cpu_usage,41.93
2025-12-13 03:38:38,cpu_usage,44.69
2025-12-13 04:38:38,cpu_usage,38.14
2025-12-13 05:38:38,cpu_usage,38.68
2025-12-13 06:38:38,cpu_usage,26.22
2025-12-13 07:38:38,cpu_usage,31.7
2025-12-13 08:38:38,cpu_usage,61.26
2025-12-13 09:38:38,cpu_usage,38.4
2025-12-13 10:38:38,cpu_usage,55.82
2025-12-13 11:38:38,cpu_usage,56.67
2025-12-13 12:38:38,cpu_usage,84.7
2025-12-13 13:38:38,cpu_usage,31.32
2025-12-13 14:38:38,cpu_usage,33.94
2025-12-13 15:38:38,cpu_usage,44.44
2025-12-13 16:38:38,cpu_usage,41.17
2025-12-13 17:38:38,cpu_usage,47.13
2025-12-13 18:38:38,cpu_usage,41.66
2025-12-13 19:38:38,cpu_usage,32.54
2025-12-13 20:38:38,cpu_usage,50.23
2025-12-13 21:38:38,cpu_usage,46.15
2025-12-13 22:38:38,cpu_usage,44.44
2025-12-13 23:38:38,cpu_usage,32.55
2025-12-14 00:38:38,cpu_usage,44.74
2025-12-14 01:38:38,cpu_usage,22.31
2025-12-14 02:38:38,cpu_usage,42.91
2025-12-14 03:38:38,cpu_usage,28.44
2025-12-14 04:38:38,cpu_usage,80.13
2025-12-14 05:38:38,cpu_usage,43.29
2025-12-14 06:38:38,cpu_usage,63.3
2025-12-14 07:38:38,cpu_usage,60.03
2025-12-14 08:38:38,cpu_usage,94.79
2025-12-14 09:38:38,cpu_usage,46.07
2025-12-14 10:38:38,cpu_usage,41.81
2025-12-14 11:38:38,cpu_usage,47.05
2025-12-14 12:38:38,cpu_usage,28.77
2025-12-14 13:38:38,cpu_usage,51.98
2025-12-14 14:38:38,cpu_usage,36.64
2025-12-14 15:38:38,cpu_usage,49.52
2025-12-14 16:38:38,cpu_usage,41.44
2025-12-14 17:38:38,cpu_usage,11.1
2025-12-14 18:38:38,cpu_usage,38.16
2025-12-14 19:38:38,cpu_usage,45.29
2025-12-14 20:38:38,cpu_usage,33.42
2025-12-14 21:38:38,cpu_usage,34.7
2025-12-14 22:38:38,cpu_usage,42.92
2025-12-14 23:38:38,cpu_usage,55.96
2025-12-15 00:38:38,cpu_usage,51.94
2025-12-15 01:38:38,cpu_usage,35.39
2025-12-15 02:38:38,cpu_usage,50.3
2025-12-15 03:38:38,cpu_usage,37.23
2025-12-15 04:38:38,cpu_usage,36.04
2025-12-15 05:38:38,cpu_usage,51.23
2025-12-15 06:38:38,cpu_usage,36.79
2025-12-15 07:38:38,cpu_usage,35.27
2025-12-15 08:38:38,cpu_usage,45.36
2025-12-15 09:38:38,cpu_usage,38.44
2025-12-15 10:38:38,cpu_usage,27.91
2025-12-15 11:38:38,cpu_usage,40.73
2025-12-15 12:38:38,cpu_usage,34.53
2025-12-15 13:38:38,cpu_usage,45.2
2025-12-15 14:38:38,cpu_usage,65.0
2025-12-15 15:38:38,cpu_usage,63.57
2025-12-15 16:38:38,cpu_usage,57.46
2025-12-15 17:38:38,cpu_usage,44.77
2025-12-15 18:38:38,cpu_usage,44.29
2025-12-15 19:38:38,cpu_usage,48.51
2025-12-15 20:38:38,cpu_usage,32.55
2025-12-15 21:38:38,cpu_usage,10.0
2025-12-15 22:38:38,cpu_usage,47.21
2025-12-15 23:38:38,cpu_usage,51.73
2025-12-16 00:38:38,cpu_usage,62.71
2025-12-16 01:38:38,cpu_usage,51.62
2025-12-16 02:38:38,cpu_usage,33.94
2025-12-16 03:38:38,cpu_usage,30.43
2025-12-16 04:38:38,cpu_usage,63.66
2025-12-16 05:38:38,cpu_usage,44.41
2025-12-16 06:38:38,cpu_usage,58.09
2025-12-16 07:38:38,cpu_usage,36.1
2025-12-16 08:38:38,cpu_usage,51.28
2025-12-16 09:38:38,cpu_usage,35.99
2025-12-16 10:38:38,cpu_usage,20.38
2025-12-16 11:38:38,cpu_usage,55.82
2025-12-16 12:38:38,cpu_usage,32.42
2025-12-16 13:38:38,cpu_usage,31.25
2025-12-16 14:38:38,cpu_usage,4.59
2025-12-16 15:38:38,cpu_usage,42.31
2025-12-16 16:38:38,cpu_usage,60.0
2025-12-16 17:38:38,cpu_usage,50.73
2025-12-16 18:38:38,cpu_usage,49.55
2025-12-16 19:38:38,cpu_usage,40.71
2025-12-16 20:38:38,cpu_usage,49.69
2025-12-16 21:38:38,cpu_usage,44.68
2025-12-16 22:38:38,cpu_usage,65.38
2025-12-16 23:38:38,cpu_usage,82.47
2025-12-17 00:38:38,cpu_usage,55.78
2025-12-17 01:38:38,cpu_usage,49.51
2025-12-17 02:38:38,cpu_usage,55.07
2025-12-17 03:38:38,cpu_usage,45.38
2025-12-17 04:38:38,cpu_usage,55.92
2025-12-17 05:38:38,cpu_usage,43.48
2025-12-17 06:38:38,cpu_usage,55.6
2025-12-17 07:38:38,cpu_usage,43.24
2025-12-17 08:38:38,cpu_usage,16.0
2025-12-17 09:38:38,cpu_usage,50.06
2025-12-17 10:38:38,cpu_usage,44.13
2025-12-17 11:38:38,cpu_usage,42.65
2025-12-17 12:38:38,cpu_usage,36.06
2025-12-17 13:38:38,cpu_usage,51.46
2025-12-17 14:38:38,cpu_usage,34.01
2025-12-17 15:38:38,cpu_usage,51.44
2025-12-17 16:38:38,cpu_usage,45.82
2025-12-17 17:38:38,cpu_usage,51.72
2025-12-17 18:38:38,cpu_usage,46.67
2025-12-17 19:38:38,cpu_usage,56.81
2025-12-17 20:38:38,cpu_usage,49.03
2025-12-17 21:38:38,cpu_usage,46.03
2025-12-17 22:38:38,cpu_usage,21.86
2025-12-17 23:38:38,cpu_usage,57.27
2025-12-18 00:38:38,cpu_usage,29.19
2025-12-18 01:38:38,cpu_usage,31.79
2025-12-18 02:38:38,cpu_usage,52.71
2025-12-18 03:38:38,cpu_usage,45.01
2025-12-18 04:38:38,cpu_usage,29.56
2025-12-18 05:38:38,cpu_usage,38.99
2025-12-18 06:38:38,cpu_usage,56.66
2025-12-18 07:38:38,cpu_usage,46.37
2025-12-18 08:38:38,cpu_usage,79.77
2025-12-18 09:38:38,cpu_usage,46.42
2025-12-18 10:38:38,cpu_usage,51.06
2025-12-18 11:38:38,cpu_usage,56.68
2025-12-18 12:38:38,cpu_usage,45.02
2025-12-18 13:38:38,cpu_usage,49.75
2025-12-18 14:38:38,cpu_usage,64.61
2025-12-18 15:38:38,cpu_usage,30.53
2025-12-18 16:38:38,cpu_usage,57.59
2025-12-18 17:38:38,cpu_usage,55.01
2025-12-18 18:38:38,cpu_usage,40.24
2025-12-18 19:38:38,cpu_usage,59.74
2025-12-18 20:38:38,cpu_usage,53.72
2025-12-18 21:38:38,cpu_usage,68.05
2025-12-18 22:38:38,cpu_usage,42.9
2025-12-18 23:38:38,cpu_usage,54.46
2025-12-19 00:38:38,cpu_usage,56.83
2025-12-19 01:38:38,cpu_usage,31.89
2025-12-19 02:38:38,cpu_usage,39.48
2025-12-19 03:38:38,cpu_usage,92.9
2025-12-19 04:38:38,cpu_usage,44.17
2025-12-19 05:38:38,cpu_usage,54.39
2025-12-19 06:38:38,cpu_usage,32.77
2025-12-19 07:38:38,cpu_usage,42.15
2025-12-19 08:38:38,cpu_usage,51.4
2025-12-19 09:38:38,cpu_usage,30.02
2025-12-19 10:38:38,cpu_usage,56.43
2025-12-19 11:38:38,cpu_usage,30.65
2025-12-19 12:38:38,cpu_usage,39.21
2025-12-19 13:38:38,cpu_usage,55.99
2025-12-19 14:38:38,cpu_usage,43.11
2025-12-19 15:38:38,cpu_usage,46.38
2025-12-19 16:38:38,cpu_usage,64.57
2025-12-19 17:38:38,cpu_usage,54.05
2025-12-19 18:38:38,cpu_usage,43.66
2025-12-19 19:38:38,cpu_usage,28.64
2025-12-19 20:38:38,cpu_usage,54.68
2025-12-19 21:38:38,cpu_usage,43.89
2025-12-19 22:38:38,cpu_usage,42.09
2025-12-19 23:38:38,cpu_usage,44.56
2025-12-20 00:38:38,cpu_usage,40.85
2025-12-20 01:38:38,cpu_usage,37.76
2025-12-20 02:38:38,cpu_usage,39.88
2025-12-20 03:38:38,cpu_usage,38.84
2025-12-20 04:38:38,cpu_usage,34.76
2025-12-20 05:38:38,cpu_usage,50.89
2025-12-20 06:38:38,cpu_usage,52.28
2025-12-20 07:38:38,cpu_usage,42.21
2025-12-20 08:38:38,cpu_usage,91.84
2025-12-20 09:38:38,cpu_usage,34.48
2025-12-20 10:38:38,cpu_usage,1.14
2025-12-20 11:38:38,cpu_usage,41.37
2025-12-20 12:38:38,cpu_usage,53.54
2025-12-20 13:38:38,cpu_usage,45.75
2025-12-20 14:38:38,cpu_usage,55.26
2025-12-20 15:38:38,cpu_usage,45.49
2025-12-20 16:38:38,cpu_usage,52.22
2025-12-20 17:38:38,cpu_usage,46.8
2025-12-20 18:38:38,cpu_usage,42.27
2025-12-20 19:38:38,cpu_usage,53.67
2025-12-20 20:38:38,cpu_usage,40.03
2025-12-20 21:38:38,cpu_usage,50.76
2025-12-20 22:38:38,cpu_usage,29.91
2025-12-20 23:38:38,cpu_usage,62.07
2025-12-21 00:38:38,cpu_usage,37.29
2025-12-21 01:38:38,cpu_usage,81.8
2025-12-21 02:38:38,cpu_usage,85.75
2025-12-21 03:38:38,cpu_usage,32.03
2025-12-21 04:38:38,cpu_usage,38.43
2025-12-21 05:38:38,cpu_usage,43.64
2025-12-21 06:38:38,cpu_usage,52.72
2025-12-21 07:38:38,cpu_usage,48.98
2025-12-21 08:38:38,cpu_usage,47.45
2025-12-21 09:38:38,cpu_usage,52.03
2025-12-21 10:38:38,cpu_usage,43.78
2025-12-21 11:38:38,cpu_usage,52.06
2025-12-21 12:38:38,cpu_usage,47.28
2025-12-21 13:38:38,cpu_usage,46.8
2025-12-21 14:38:38,cpu_usage,37.69
2025-12-21 15:38:38,cpu_usage,41.55
2025-12-21 16:38:38,cpu_usage,26.28
2025-12-21 17:38:38,cpu_usage,36.31
2025-12-21 18:38:38,cpu_usage,55.64
2025-12-21 19:38:38,cpu_usage,37.38
2025-12-21 20:38:38,cpu_usage,48.85
2025-12-21 21:38:38,cpu_usage,36.54
2025-12-21 22:38:38,cpu_usage,53.83
2025-12-21 23:38:38,cpu_usage,49.62
2025-12-22 00:38:38,cpu_usage,32.67
2025-12-22 01:38:38,cpu_usage,54.5
2025-12-22 02:38:38,cpu_usage,57.72
2025-12-22 03:38:38,cpu_usage,36.77
2025-12-22 04:38:38,cpu_usage,42.47
2025-12-22 05:38:38,cpu_usage,34.96
2025-12-22 06:38:38,cpu_usage,53.35
2025-12-22 07:38:38,cpu_usage,45.28
2025-12-22 08:38:38,cpu_usage,45.22
2025-12-22 09:38:38,cpu_usage,23.61
2025-12-22 10:38:38,cpu_usage,7.16
2025-12-22 11:38:38,cpu_usage,51.57
2025-12-22 12:38:38,cpu_usage,46.57
2025-12-22 13:38:38,cpu_usage,49.3
2025-12-22 14:38:38,cpu_usage,53.46
2025-12-22 15:38:38,cpu_usage,42.86
2025-12-22 16:38:38,cpu_usage,58.94
2025-12-22 17:38:38,cpu_usage,45.42
2025-12-22 18:38:38,cpu_usage,28.47
2025-12-22 19:38:38,cpu_usage,63.02
2025-12-22 20:38:38,cpu_usage,31.73
2025-12-22 21:38:38,cpu_usage,56.3
2025-12-22 22:38:38,cpu_usage,27.06
2025-12-22 23:38:38,cpu_usage,46.91
2025-12-23 00:38:38,cpu_usage,38.74
2025-12-23 01:38:38,cpu_usage,49.58
2025-12-23 02:38:38,cpu_usage,62.4
2025-12-23 03:38:38,cpu_usage,42.4
2025-12-23 04:38:38,cpu_usage,31.99
2025-12-23 05:38:38,cpu_usage,11.83
2025-12-23 06:38:38,cpu_usage,42.66
2025-12-23 07:38:38,cpu_usage,60.91
2025-12-23 08:38:38,cpu_usage,53.77
2025-12-23 09:38:38,cpu_usage,27.71
2025-12-23 10:38:38,cpu_usage,64.53
2025-12-23 11:38:38,cpu_usage,49.17
2025-12-23 12:38:38,cpu_usage,56.67
2025-12-23 13:38:38,cpu_usage,55.83
2025-12-23 14:38:38,cpu_usage,34.24
2025-12-23 15:38:38,cpu_usage,17.87
2025-12-23 16:38:38,cpu_usage,43.51
2025-12-23 17:38:38,cpu_usage,42.01
2025-12-23 18:38:38,cpu_usage,41.42
2025-12-23 19:38:38,cpu_usage,39.48
2025-12-23 20:38:38,cpu_usage,90.53
2025-12-23 21:38:38,cpu_usage,36.97
2025-12-23 22:38:38,cpu_usage,56.69
2025-12-23 23:38:38,cpu_usage,44.6
2025-12-24 00:38:38,cpu_usage,42.02
2025-12-24 01:38:38,cpu_usage,60.28
2025-12-24 02:38:38,cpu_usage,39.79
2025-12-24 03:38:38,cpu_usage,42.41
2025-12-24 04:38:38,cpu_usage,73.51
2025-12-24 05:38:38,cpu_usage,44.72
2025-12-24 06:38:38,cpu_usage,51.8
2025-12-24 07:38:38,cpu_usage,41.48
2025-12-24 08:38:38,cpu_usage,43.14
2025-12-24 09:38:38,cpu_usage,30.16
2025-12-24 10:38:38,cpu_usage,27.29
2025-12-24 11:38:38,cpu_usage,52.0
2025-12-24 12:38:38,cpu_usage,12.39
2025-12-24 13:38:38,cpu_usage,40.44
2025-12-24 14:38:38,cpu_usage,57.84
2025-12-24 15:38:38,cpu_usage,2.82
2025-12-24 16:38:38,cpu_usage,21.31
2025-12-24 17:38:38,cpu_usage,31.75
2025-12-24 18:38:38,cpu_usage,19.04
2025-12-24 19:38:38,cpu_usage,0.0
2025-12-24 20:38:38,cpu_usage,44.41
2025-12-24 21:38:38,cpu_usage,38.95
2025-12-24 22:38:38,cpu_usage,49.98
2025-12-24 23:38:38,cpu_usage,28.06
2025-12-25 00:38:38,cpu_usage,55.07
2025-12-25 01:38:38,cpu_usage,71.38
2025-12-25 02:38:38,cpu_usage,48.02
2025-12-25 03:38:38,cpu_usage,58.9
2025-12-25 04:38:38,cpu_usage,31.55
2025-12-25 05:38:38,cpu_usage,34.97
2025-12-25 06:38:38,cpu_usage,41.69
2025-12-25 07:38:38,cpu_usage,43.42
2025-12-25 08:38:38,cpu_usage,48.08
2025-12-25 09:38:38,cpu_usage,39.0
2025-12-25 10:38:38,cpu_usage,46.4
2025-12-25 11:38:38,cpu_usage,54.67
2025-12-25 12:38:38,cpu_usage,3.27
2025-12-25 13:38:38,cpu_usage,51.44
2025-12-25 14:38:38,cpu_usage,46.54
2025-12-25 15:38:38,cpu_usage,0.82
2025-12-25 16:38:38,cpu_usage,27.34
2025-12-25 17:38:38,cpu_usage,51.65
2025-12-25 18:38:38,cpu_usage,34.79
2025-12-25 19:38:38,cpu_usage,51.7
2025-12-25 20:38:38,cpu_usage,51.65
2025-12-25 21:38:38,cpu_usage,49.51
2025-12-25 22:38:38,cpu_usage,54.88
2025-12-25 23:38:38,cpu_usage,37.77
2025-12-26 00:38:38,cpu_usage,41.51
2025-12-26 01:38:38,cpu_usage,53.81
2025-12-26 02:38:38,cpu_usage,44.04
2025-12-26 03:38:38,cpu_usage,38.84
2025-12-26 04:38:38,cpu_usage,47.86
2025-12-26 05:38:38,cpu_usage,58.02
2025-12-26 06:38:38,cpu_usage,38.09
2025-12-26 07:38:38,cpu_usage,65.74
2025-12-26 08:38:38,cpu_usage,37.14
2025-12-26 09:38:38,cpu_usage,43.48
2025-12-26 10:38:38,cpu_usage,60.46
2025-12-26 11:38:38,cpu_usage,44.95
2025-12-26 12:38:38,cpu_usage,54.76
2025-12-26 13:38:38,cpu_usage,30.74
2025-12-26 14:38:38,cpu_usage,40.27
2025-12-26 15:38:38,cpu_usage,46.39
2025-12-26 16:38:38,cpu_usage,29.53
2025-12-26 17:38:38,cpu_usage,32.17
2025-12-26 18:38:38,cpu_usage,52.17
2025-12-26 19:38:38,cpu_usage,42.2
2025-12-26 20:38:38,cpu_usage,40.09
2025-12-26 21:38:38,cpu_usage,40.68
2025-12-26 22:38:38,cpu_usage,63.08
2025-12-26 23:38:38,cpu_usage,54.73
2025-12-27 00:38:38,cpu_usage,51.24
2025-12-27 01:38:38,cpu_usage,43.85
2025-12-27 02:38:38,cpu_usage,29.16
2025-12-27 03:38:38,cpu_usage,44.87
2025-12-27 04:38:38,cpu_usage,41.57
2025-12-27 05:38:38,cpu_usage,27.67
2025-12-27 06:38:38,cpu_usage,64.01
2025-12-27 07:38:38,cpu_usage,54.08
2025-12-27 08:38:38,cpu_usage,50.06
2025-12-27 09:38:38,cpu_usage,26.92
2025-12-27 10:38:38,cpu_usage,56.83
2025-12-27 11:38:38,cpu_usage,41.32
2025-12-27 12:38:38,cpu_usage,40.4
2025-12-27 13:38:38,cpu_usage,48.96
2025-12-27 14:38:38,cpu_usage,46.41
2025-12-27 15:38:38,cpu_usage,65.99
2025-12-27 16:38:38,cpu_usage,31.15
2025-12-27 17:38:38,cpu_usage,42.44
2025-12-27 18:38:38,cpu_usage,31.63
2025-12-27 19:38:38,cpu_usage,32.33
2025-12-27 20:38:38,cpu_usage,49.39
2025-12-27 21:38:38,cpu_usage,44.98
2025-12-27 22:38:38,cpu_usage,60.68
2025-12-27 23:38:38,cpu_usage,35.3
2025-12-28 00:38:38,cpu_usage,62.28
2025-12-28 01:38:38,cpu_usage,38.32
2025-12-28 02:38:38,cpu_usage,39.75
2025-12-28 03:38:38,cpu_usage,36.21
2025-12-28 04:38:38,cpu_usage,47.97
2025-12-28 05:38:38,cpu_usage,52.38
2025-12-28 06:38:38,cpu_usage,37.94
2025-12-28 07:38:38,cpu_usage,59.82
2025-12-28 08:38:38,cpu_usage,34.68
2025-12-28 09:38:38,cpu_usage,45.45
2025-12-28 10:38:38,cpu_usage,50.33
2025-12-28 11:38:38,cpu_usage,54.66
2025-12-28 12:38:38,cpu_usage,58.57
2025-12-28 13:38:38,cpu_usage,42.67
2025-12-28 14:38:38,cpu_usage,50.48
2025-12-28 15:38:38,cpu_usage,50.72
2025-12-28 16:38:38,cpu_usage,36.39
2025-12-28 17:38:38,cpu_usage,42.84
2025-12-28 18:38:38,cpu_usage,34.83
2025-12-28 19:38:38,cpu_usage,40.09
2025-12-28 20:38:38,cpu_usage,43.5
2025-12-28 21:38:38,cpu_usage,50.17
2025-12-28 22:38:38,cpu_usage,40.0
2025-12-28 23:38:38,cpu_usage,54.57
2025-12-29 00:38:38,cpu_usage,31.04
2025-12-29 01:38:38,cpu_usage,40.6
2025-12-29 02:38:38,cpu_usage,39.05
2025-12-29 03:38:38,cpu_usage,54.03
2025-12-29 04:38:38,cpu_usage,41.73
2025-12-29 05:38:38,cpu_usage,39.8
2025-12-29 06:38:38,cpu_usage,32.55
2025-12-29 07:38:38,cpu_usage,51.17
2025-12-29 08:38:38,cpu_usage,28.18
2025-12-29 09:38:38,cpu_usage,51.57
2025-12-29 10:38:38,cpu_usage,43.61
2025-12-29 11:38:38,cpu_usage,39.36
2025-12-29 12:38:38,cpu_usage,41.3
2025-12-29 13:38:38,cpu_usage,41.73
2025-12-29 14:38:38,cpu_usage,89.63
2025-12-29 15:38:38,cpu_usage,36.86
2025-12-29 16:38:38,cpu_usage,42.25
2025-12-29 17:38:38,cpu_usage,48.09
2025-12-29 18:38:38,cpu_usage,46.63
2025-12-29 19:38:38,cpu_usage,37.29
2025-12-29 20:38:38,cpu_usage,32.77
2025-12-29 21:38:38,cpu_usage,47.8
2025-12-29 22:38:38,cpu_usage,25.45
2025-12-29 23:38:38,cpu_usage,28.93
2025-12-30 00:38:38,cpu_usage,41.27
2025-12-30 01:38:38,cpu_usage,56.85
2025-12-30 02:38:38,cpu_usage,32.3
2025-12-30 03:38:38,cpu_usage,34.38
2025-12-30 04:38:38,cpu_usage,0.0
2025-12-30 05:38:38,cpu_usage,55.65
2025-12-30 06:38:38,cpu_usage,42.42
2025-12-30 07:38:38,cpu_usage,57.69
2025-12-30 08:38:38,cpu_usage,49.91
2025-12-30 09:38:38,cpu_usage,32.77
2025-12-30 10:38:38,cpu_usage,59.25
2025-12-30 11:38:38,cpu_usage,37.38
2025-12-30 12:38:38,cpu_usage,41.94
2025-12-30 13:38:38,cpu_usage,61.92
2025-12-30 14:38:38,cpu_usage,46.44
2025-12-30 15:38:38,cpu_usage,41.52
2025-12-30 16:38:38,cpu_usage,44.25
2025-12-30 17:38:38,cpu_usage,41.31
2025-12-30 18:38:38,cpu_usage,53.07
2025-12-30 19:38:38,cpu_usage,41.61
2025-12-30 20:38:38,cpu_usage,44.59
2025-12-30 21:38:38,cpu_usage,50.79
2025-12-30 22:38:38,cpu_usage,49.6
2025-12-30 23:38:38,cpu_usage,38.14
2025-12-31 00:38:38,cpu_usage,53.2
2025-12-31 01:38:38,cpu_usage,39.83
2025-12-31 02:38:38,cpu_usage,34.77
2025-12-31 03:38:38,cpu_usage,93.92
2025-12-31 04:38:38,cpu_usage,43.23
2025-12-31 05:38:38,cpu_usage,37.98
2025-12-31 06:38:38,cpu_usage,43.02
2025-12-31 07:38:38,cpu_usage,50.57
2025-12-31 08:38:38,cpu_usage,24.68
2025-12-31 09:38:38,cpu_usage,57.09
2025-12-31 10:38:38,cpu_usage,55.21
2025-12-31 11:38:38,cpu_usage,34.71
2025-12-31 12:38:38,cpu_usage,43.03
2025-12-31 13:38:38,cpu_usage,36.83
2025-12-31 14:38:38,cpu_usage,39.67
2025-12-31 15:38:38,cpu_usage,33.11
2025-12-31 16:38:38,cpu_usage,94.36
2025-12-31 17:38:38,cpu_usage,13.04
2025-12-31 18:38:38,cpu_usage,50.93
2025-12-31 19:38:38,cpu_usage,61.03
2025-12-31 20:38:38,cpu_usage,44.37
2025-12-31 21:38:38,cpu_usage,44.26
2025-12-31 22:38:38,cpu_usage,54.77
2025-12-31 23:38:38,cpu_usage,4.66
2026-01-01 00:38:38,cpu_usage,55.18
2026-01-01 01:38:38,cpu_usage,59.31
2026-01-01 02:38:38,cpu_usage,42.4
2026-01-01 03:38:38,cpu_usage,42.84
2026-01-01 04:38:38,cpu_usage,33.22
2026-01-01 05:38:38,cpu_usage,26.6
2026-01-01 06:38:38,cpu_usage,58.28
2026-01-01 07:38:38,cpu_usage,27.35
2026-01-01 08:38:38,cpu_usage,62.41
2026-01-01 09:38:38,cpu_usage,54.13
2026-01-01 10:38:38,cpu_usage,49.22
2026-01-01 11:38:38,cpu_usage,36.9
2026-01-01 12:38:38,cpu_usage,46.88
2026-01-01 13:38:38,cpu_usage,51.82
2026-01-01 14:38:38,cpu_usage,54.63
2026-01-01 15:38:38,cpu_usage,52.67
2026-01-01 16:38:38,cpu_usage,44.98
2026-01-01 17:38:38,cpu_usage,13.67
2026-01-01 18:38:38,cpu_usage,6.03
2026-01-01 19:38:38,cpu_usage,81.36
2026-01-01 20:38:38,cpu_usage,43.58
2026-01-01 21:38:38,cpu_usage,38.13
2026-01-01 22:38:38,cpu_usage,58.89
2026-01-01 23:38:38,cpu_usage,43.33
2026-01-02 00:38:38,cpu_usage,53.42
2026-01-02 01:38:38,cpu_usage,44.79
2026-01-02 02:38:38,cpu_usage,27.56
2026-01-02 03:38:38,cpu_usage,57.23
2026-01-02 04:38:38,cpu_usage,36.07
2026-01-02 05:38:38,cpu_usage,28.31
2026-01-02 06:38:38,cpu_usage,47.99
2026-01-02 07:38:38,cpu_usage,36.91
2026-01-02 08:38:38,cpu_usage,35.58
2026-01-02 09:38:38,cpu_usage,48.76
2026-01-02 10:38:38,cpu_usage,47.08
2026-01-02 11:38:38,cpu_usage,49.48
2026-01-02 12:38:38,cpu_usage,41.06
2026-01-02 13:38:38,cpu_usage,55.91
2026-01-02 14:38:38,cpu_usage,52.82
2026-01-02 15:38:38,cpu_usage,54.09
2026-01-02 16:38:38,cpu_usage,29.39
2026-01-02 17:38:38,cpu_usage,54.42
2026-01-02 18:38:38,cpu_usage,56.76
2026-01-02 19:38:38,cpu_usage,41.58
2026-01-02 20:38:38,cpu_usage,34.1
2026-01-02 21:38:38,cpu_usage,13.17
2026-01-02 22:38:38,cpu_usage,37.32
2026-01-02 23:38:38,cpu_usage,38.47
2026-01-03 00:38:38,cpu_usage,39.5
2026-01-03 01:38:38,cpu_usage,52.15
2026-01-03 02:38:38,cpu_usage,44.49
2026-01-03 03:38:38,cpu_usage,45.16
2026-01-03 04:38:38,cpu_usage,46.43
2026-01-03 05:38:38,cpu_usage,27.45
2026-01-03 06:38:38,cpu_usage,38.05
2026-01-03 07:38:38,cpu_usage,7.8
2026-01-03 08:38:38,cpu_usage,37.97
2026-01-03 09:38:38,cpu_usage,80.04
2026-01-03 10:38:38,cpu_usage,43.48
2026-01-03 11:38:38,cpu_usage,44.19
2026-01-03 12:38:38,cpu_usage,53.0
2026-01-03 13:38:38,cpu_usage,33.4
2026-01-03 14:38:38,cpu_usage,42.45
2026-01-03 15:38:38,cpu_usage,44.54
2026-01-03 16:38:38,cpu_usage,41.06
2026-01-03 17:38:38,cpu_usage,6.87
2026-01-03 18:38:38,cpu_usage,47.41
2026-01-03 19:38:38,cpu_usage,41.91
2026-01-03 20:38:38,cpu_usage,41.68
2026-01-03 21:38:38,cpu_usage,53.53
2026-01-03 22:38:38,cpu_usage,57.36
2026-01-03 23:38:38,cpu_usage,47.78
2026-01-04 00:38:38,cpu_usage,55.53
2026-01-04 01:38:38,cpu_usage,49.38
2026-01-04 02:38:38,cpu_usage,48.83
2026-01-04 03:38:38,cpu_usage,43.84
2026-01-04 04:38:38,cpu_usage,48.74
2026-01-04 05:38:38,cpu_usage,45.2
2026-01-04 06:38:38,cpu_usage,46.58
2026-01-04 07:38:38,cpu_usage,53.18
2026-01-04 08:38:38,cpu_usage,32.89
2026-01-04 09:38:38,cpu_usage,55.31
2026-01-04 10:38:38,cpu_usage,51.49
2026-01-04 11:38:38,cpu_usage,25.14
2026-01-04 12:38:38,cpu_usage,43.7
2026-01-04 13:38:38,cpu_usage,32.3
2026-01-04 14:38:38,cpu_usage,42.81
2026-01-04 15:38:38,cpu_usage,56.88
2026-01-04 16:38:38,cpu_usage,32.24
2026-01-04 17:38:38,cpu_usage,40.19
2026-01-04 18:38:38,cpu_usage,5.59
2026-01-04 19:38:38,cpu_usage,48.46
2026-01-04 20:38:38,cpu_usage,49.92
2026-01-04 21:38:38,cpu_usage,53.2
2026-01-04 22:38:38,cpu_usage,43.05
2026-01-04 23:38:38,cpu_usage,23.76
2026-01-05 00:38:38,cpu_usage,49.14
2026-01-05 01:38:38,cpu_usage,61.51
2026-01-05 02:38:38,cpu_usage,38.71
2026-01-05 03:38:38,cpu_usage,22.82
2026-01-05 04:38:38,cpu_usage,33.32
2026-01-05 05:38:38,cpu_usage,53.72
2026-01-05 06:38:38,cpu_usage,48.24
2026-01-05 07:38:38,cpu_usage,91.0
2026-01-05 08:38:38,cpu_usage,45.09
2026-01-05 09:38:38,cpu_usage,40.38
2026-01-05 10:38:38,cpu_usage,29.02
2026-01-05 11:38:38,cpu_usage,46.03
2026-01-05 12:38:38,cpu_usage,54.56
2026-01-05 13:38:38,cpu_usage,51.41
2026-01-05 14:38:38,cpu_usage,45.8
2026-01-05 15:38:38,cpu_usage,32.1
2026-01-05 16:38:38,cpu_usage,29.92
2026-01-05 17:38:38,cpu_usage,42.99
2026-01-05 18:38:38,cpu_usage,74.82
2026-01-05 19:38:38,cpu_usage,28.16
2026-01-05 20:38:38,cpu_usage,61.17
2026-01-05 21:38:38,cpu_usage,44.99
2026-01-05 22:38:38,cpu_usage,50.72
2026-01-05 23:38:38,cpu_usage,54.56
2026-01-06 00:38:38,cpu_usage,44.49
2026-01-06 01:38:38,cpu_usage,5.04
2026-01-06 02:38:38,cpu_usage,44.86
2026-01-06 03:38:38,cpu_usage,62.66
2026-01-06 04:38:38,cpu_usage,50.02
2026-01-06 05:38:38,cpu_usage,44.93
2026-01-06 06:38:38,cpu_usage,33.74
2026-01-06 07:38:38,cpu_usage,36.36
2026-01-06 08:38:38,cpu_usage,40.77
2026-01-06 09:38:38,cpu_usage,40.15
2026-01-06 10:38:38,cpu_usage,49.62
2026-01-06 11:38:38,cpu_usage,27.78
2026-01-06 12:38:38,cpu_usage,52.98
2026-01-06 13:38:38,cpu_usage,42.0
2026-01-06 14:38:38,cpu_usage,31.99
2026-01-06 15:38:38,cpu_usage,45.12
2026-01-06 16:38:38,cpu_usage,41.92
2026-01-06 17:38:38,cpu_usage,37.07
2026-01-06 18:38:38,cpu_usage,69.61
2026-01-06 19:38:38,cpu_usage,39.86
2026-01-06 20:38:38,cpu_usage,54.53
2026-01-06 21:38:38,cpu_usage,61.93
2026-01-06 22:38:38,cpu_usage,45.31
2026-01-06 23:38:38,cpu_usage,53.5
2026-01-07 00:38:38,cpu_usage,51.21
2026-01-07 01:38:38,cpu_usage,54.49
2026-01-07 02:38:38,cpu_usage,43.21
2026-01-07 03:38:38,cpu_usage,52.03
2026-01-07 04:38:38,cpu_usage,48.51
2026-01-07 05:38:38,cpu_usage,37.15
2026-01-07 06:38:38,cpu_usage,52.11
2026-01-07 07:38:38,cpu_usage,38.33
2026-01-07 08:38:38,cpu_usage,60.56
2026-01-07 09:38:38,cpu_usage,36.67
2026-01-07 10:38:38,cpu_usage,39.45
2026-01-07 11:38:38,cpu_usage,23.02
2026-01-07 12:38:38,cpu_usage,36.17
2026-01-07 13:38:38,cpu_usage,61.92
2026-01-07 14:38:38,cpu_usage,60.45
2026-01-07 15:38:38,cpu_usage,45.25
2026-01-07 16:38:38,cpu_usage,38.27
2026-01-07 17:38:38,cpu_usage,47.31
2026-01-07 18:38:38,cpu_usage,36.61
2026-01-07 19:38:38,cpu_usage,40.89
2026-01-07 20:38:38,cpu_usage,50.41
2026-01-07 21:38:38,cpu_usage,41.01
2026-01-07 22:38:38,cpu_usage,44.93
2026-01-07 23:38:38,cpu_usage,50.72
2026-01-08 00:38:38,cpu_usage,50.96
2026-01-08 01:38:38,cpu_usage,39.72
2026-01-08 02:38:38,cpu_usage,37.9
2026-01-08 03:38:38,cpu_usage,50.93
2026-01-08 04:38:38,cpu_usage,43.83
2026-01-08 05:38:38,cpu_usage,52.33
2026-01-08 06:38:38,cpu_usage,37.76
2026-01-08 07:38:38,cpu_usage,40.69
2026-01-08 08:38:38,cpu_usage,53.06
2026-01-08 09:38:38,cpu_usage,40.05
2026-01-08 10:38:38,cpu_usage,11.52
2026-01-08 11:38:38,cpu_usage,52.15
2026-01-08 12:38:38,cpu_usage,48.04
2026-01-08 13:38:38,cpu_usage,40.04
2026-01-08 14:38:38,cpu_usage,62.14
2026-01-08 15:38:38,cpu_usage,34.2
2026-01-08 16:38:38,cpu_usage,45.2
2026-01-08 17:38:38,cpu_usage,43.65
2026-01-08 18:38:38,cpu_usage,28.04
2026-01-08 19:38:38,cpu_usage,42.13
2026-01-08 20:38:38,cpu_usage,88.33
2026-01-08 21:38:38,cpu_usage,88.09
2026-01-08 22:38:38,cpu_usage,46.98
2026-01-08 23:38:38,cpu_usage,27.06
2026-01-09 00:38:38,cpu_usage,55.83
2026-01-09 01:38:38,cpu_usage,41.32
2026-01-09 02:38:38,cpu_usage,52.03
2026-01-09 03:38:38,cpu_usage,30.35
2026-01-09 04:38:38,cpu_usage,38.32
2026-01-09 05:38:38,cpu_usage,45.95
2026-01-09 06:38:38,cpu_usage,9.15
2026-01-09 07:38:38,cpu_usage,51.08
2026-01-09 08:38:38,cpu_usage,51.4
2026-01-09 09:38:38,cpu_usage,43.06
2026-01-09 10:38:38,cpu_usage,45.24
2026-01-09 11:38:38,cpu_usage,45.52
2026-01-09 12:38:38,cpu_usage,31.41
2026-01-09 13:38:38,cpu_usage,45.42
2026-01-09 14:38:38,cpu_usage,37.83
2026-01-09 15:38:38,cpu_usage,43.87
2026-01-09 16:38:38,cpu_usage,53.02
2026-01-09 17:38:38,cpu_usage,36.39
2026-01-09 18:38:38,cpu_usage,47.35
2026-01-09 19:38:38,cpu_usage,49.64
2026-01-09 20:38:38,cpu_usage,50.48
2026-01-09 21:38:38,cpu_usage,40.54
2026-01-09 22:38:38,cpu_usage,49.96
2026-01-09 23:38:38,cpu_usage,58.8
2026-01-10 00:38:38,cpu_usage,53.76
2026-01-10 01:38:38,cpu_usage,46.18
2026-01-10 02:38:38,cpu_usage,53.2
2026-01-10 03:38:38,cpu_usage,88.96
2026-01-10 04:38:38,cpu_usage,51.72
2026-01-10 05:38:38,cpu_usage,42.16
2026-01-10 06:38:38,cpu_usage,40.01
2026-01-10 07:38:38,cpu_usage,42.21
2026-01-10 08:38:38,cpu_usage,44.96
2026-01-10 09:38:38,cpu_usage,37.49
2026-01-10 10:38:38,cpu_usage,46.39
2026-01-10 11:38:38,cpu_usage,45.52
2026-01-10 12:38:38,cpu_usage,45.77
2026-01-10 13:38:38,cpu_usage,59.59
2026-01-10 14:38:38,cpu_usage,58.4
2026-01-10 15:38:38,cpu_usage,49.38
2026-01-10 16:38:38,cpu_usage,48.26
2026-01-10 17:38:38,cpu_usage,67.44
2026-01-10 18:38:38,cpu_usage,17.74
2026-01-10 19:38:38,cpu_usage,1.94
2026-01-10 20:38:38,cpu_usage,70.66
2026-01-10 21:38:38,cpu_usage,56.1
2026-01-10 22:38:38,cpu_usage,47.95
2026-01-10 23:38:38,cpu_usage,61.16
2026-01-11 00:38:38,cpu_usage,39.37
2026-01-11 01:38:38,cpu_usage,48.68
2026-01-11 02:38:38,cpu_usage,40.63
2026-01-11 03:38:38,cpu_usage,58.15
2026-01-11 04:38:38,cpu_usage,38.14
2026-01-11 05:38:38,cpu_usage,54.78
2026-01-11 06:38:38,cpu_usage,39.15
2026-01-11 07:38:38,cpu_usage,27.89
2026-01-11 08:38:38,cpu_usage,49.39
2026-01-11 09:38:38,cpu_usage,52.62
2026-01-11 10:38:38,cpu_usage,92.03
2026-01-11 11:38:38,cpu_usage,55.5
2026-01-11 12:38:38,cpu_usage,48.25
2026-01-11 13:38:38,cpu_usage,42.3
2026-01-11 14:38:38,cpu_usage,44.73
2026-01-11 15:38:38,cpu_usage,60.36
2026-01-11 16:38:38,cpu_usage,50.98
2026-01-11 17:38:38,cpu_usage,47.36
2026-01-11 18:38:38,cpu_usage,35.61
2026-01-11 19:38:38,cpu_usage,61.06
2026-01-11 20:38:38,cpu_usage,24.19
2026-01-11 21:38:38,cpu_usage,31.28
2026-01-11 22:38:38,cpu_usage,56.8
2026-01-11 23:38:38,cpu_usage,89.04
2026-01-12 00:38:38,cpu_usage,65.6
2026-01-12 01:38:38,cpu_usage,46.32
2026-01-12 02:38:38,cpu_usage,64.7
2026-01-12 03:38:38,cpu_usage,51.12
2026-01-12 04:38:38,cpu_usage,63.74
2026-01-12 05:38:38,cpu_usage,85.51
2026-01-12 06:38:38,cpu_usage,24.85
2026-01-12 07:38:38,cpu_usage,64.97
2026-01-12 08:38:38,cpu_usage,35.18
2026-01-12 09:38:38,cpu_usage,44.35
2026-01-12 10:38:38,cpu_usage,72.23
2026-01-12 11:38:38,cpu_usage,38.0
2026-01-12 12:38:38,cpu_usage,42.76
2026-01-12 13:38:38,cpu_usage,32.42
2026-01-12 14:38:38,cpu_usage,53.79
2026-01-12 15:38:38,cpu_usage,46.75
2026-01-12 16:38:38,cpu_usage,25.68
2026-01-12 17:38:38,cpu_usage,26.3
2026-01-12 18:38:38,cpu_usage,35.83
2026-01-12 19:38:38,cpu_usage,43.29
2026-01-12 20:38:38,cpu_usage,57.47
2026-01-12 21:38:38,cpu_usage,49.74
2026-01-12 22:38:38,cpu_usage,51.96
2026-01-12 23:38:38,cpu_usage,85.35
2026-01-13 00:38:38,cpu_usage,28.48
2026-01-13 01:38:38,cpu_usage,38.22
2026-01-13 02:38:38,cpu_usage,41.65
2026-01-13 03:38:38,cpu_usage,35.62
2026-01-13 04:38:38,cpu_usage,31.33
2026-01-13 05:38:38,cpu_usage,51.68
2026-01-13 06:38:38,cpu_usage,28.15
2026-01-13 07:38:38,cpu_usage,53.74
2026-01-13 08:38:38,cpu_usage,53.92
2026-01-13 09:38:38,cpu_usage,48.08
2026-01-13 10:38:38,cpu_usage,43.4
2026-01-13 11:38:38,cpu_usage,46.08
2026-01-13 12:38:38,cpu_usage,27.62
2026-01-13 13:38:38,cpu_usage,50.12
2026-01-13 14:38:38,cpu_usage,10.91
2026-01-13 15:38:38,cpu_usage,41.15
2026-01-13 16:38:38,cpu_usage,24.29
2026-01-13 17:38:38,cpu_usage,36.46
2026-01-13 18:38:38,cpu_usage,40.97
2026-01-13 19:38:38,cpu_usage,50.48
2026-01-13 20:38:38,cpu_usage,31.61
2026-01-13 21:38:38,cpu_usage,63.98
2026-01-13 22:38:38,cpu_usage,43.86
2026-01-13 23:38:38,cpu_usage,40.16
2026-01-14 00:38:38,cpu_usage,42.53
2026-01-14 01:38:38,cpu_usage,58.75
2026-01-14 02:38:38,cpu_usage,48.6
2026-01-14 03:38:38,cpu_usage,40.85
2026-01-14 04:38:38,cpu_usage,37.76
2026-01-14 05:38:38,cpu_usage,52.3
2026-01-14 06:38:38,cpu_usage,35.69
2026-01-14 07:38:38,cpu_usage,24.35
2026-01-14 08:38:38,cpu_usage,66.22
2026-01-14 09:38:38,cpu_usage,46.58
2026-01-14 10:38:38,cpu_usage,45.33
2026-01-14 11:38:38,cpu_usage,44.18
2026-01-14 12:38:38,cpu_usage,54.91
2026-01-14 13:38:38,cpu_usage,49.5
2026-01-14 14:38:38,cpu_usage,43.96
2026-01-14 15:38:38,cpu_usage,46.4
2026-01-14 16:38:38,cpu_usage,45.65
2026-01-14 17:38:38,cpu_usage,27.56
2026-01-14 18:38:38,cpu_usage,46.57
2026-01-14 19:38:38,cpu_usage,32.3
2026-01-14 20:38:38,cpu_usage,56.55
2026-01-14 21:38:38,cpu_usage,32.09
2026-01-14 22:38:38,cpu_usage,40.93
2026-01-14 23:38:38,cpu_usage,39.09
2026-01-15 00:38:38,cpu_usage,60.55
2026-01-15 01:38:38,cpu_usage,56.07
2026-01-15 02:38:38,cpu_usage,22.25
2026-01-15 03:38:38,cpu_usage,44.88
2026-01-15 04:38:38,cpu_usage,33.79
2026-01-15 05:38:38,cpu_usage,46.61
2026-01-15 06:38:38,cpu_usage,51.62
2026-01-15 07:38:38,cpu_usage,47.45
2026-01-15 08:38:38,cpu_usage,52.27
2026-01-15 09:38:38,cpu_usage,42.43
2026-01-15 10:38:38,cpu_usage,47.78
2026-01-15 11:38:38,cpu_usage,2.56
2026-01-15 12:38:38,cpu_usage,40.56
2026-01-15 13:38:38,cpu_usage,67.51
2026-01-15 14:38:38,cpu_usage,6.41
2026-01-15 15:38:38,cpu_usage,35.65
2026-01-15 16:38:38,cpu_usage,42.77
2026-01-15 17:38:38,cpu_usage,0.0
2026-01-15 18:38:38,cpu_usage,54.36
2026-01-15 19:38:38,cpu_usage,70.25
2026-01-15 20:38:38,cpu_usage,31.03
2026-01-15 21:38:38,cpu_usage,50.29
2026-01-15 22:38:38,cpu_usage,40.26
2026-01-15 23:38:38,cpu_usage,18.6
2026-01-16 00:38:38,cpu_usage,46.7
2026-01-16 01:38:38,cpu_usage,45.35
2026-01-16 02:38:38,cpu_usage,55.7
2026-01-16 03:38:38,cpu_usage,49.37
2026-01-16 04:38:38,cpu_usage,47.06
2026-01-16 05:38:38,cpu_usage,14.53
2026-01-16 06:38:38,cpu_usage,47.59
2026-01-16 07:38:38,cpu_usage,53.74
2026-01-16 08:38:38,cpu_usage,45.78
2026-01-16 09:38:38,cpu_usage,46.83
2026-01-16 10:38:38,cpu_usage,36.66
2026-01-16 11:38:38,cpu_usage,54.05
2026-01-16 12:38:38,cpu_usage,42.74
2026-01-16 13:38:38,cpu_usage,34.45
2026-01-16 14:38:38,cpu_usage,44.33
2026-01-16 15:38:38,cpu_usage,8.23
2026-01-16 16:38:38,cpu_usage,58.68
2026-01-16 17:38:38,cpu_usage,42.61
2026-01-16 18:38:38,cpu_usage,44.58
2026-01-16 19:38:38,cpu_usage,41.04
2026-01-16 20:38:38,cpu_usage,39.56
2026-01-16 21:38:38,cpu_usage,47.56
2026-01-16 22:38:38,cpu_usage,27.76
2026-01-16 23:38:38,cpu_usage,51.48
2026-01-17 00:38:38,cpu_usage,48.73
2026-01-17 01:38:38,cpu_usage,37.93
2026-01-17 02:38:38,cpu_usage,57.72
2026-01-17 03:38:38,cpu_usage,53.29
2026-01-17 04:38:38,cpu_usage,37.54
2026-01-17 05:38:38,cpu_usage,50.44
2026-01-17 06:38:38,cpu_usage,38.42
2026-01-17 07:38:38,cpu_usage,44.07
2026-01-17 08:38:38,cpu_usage,47.34
2026-01-17 09:38:38,cpu_usage,37.27
2026-01-17 10:38:38,cpu_usage,52.26
2026-01-17 11:38:38,cpu_usage,45.37
2026-01-17 12:38:38,cpu_usage,46.22
2026-01-17 13:38:38,cpu_usage,45.33
2026-01-17 14:38:38,cpu_usage,54.78
2026-01-17 15:38:38,cpu_usage,57.22
2026-01-17 16:38:38,cpu_usage,61.07
2026-01-17 17:38:38,cpu_usage,69.69
2026-01-17 18:38:38,cpu_usage,34.03
2026-01-17 19:38:38,cpu_usage,44.31
2026-01-17 20:38:38,cpu_usage,45.19
2026-01-17 21:38:38,cpu_usage,36.85
2026-01-17 22:38:38,cpu_usage,32.65
2026-01-17 23:38:38,cpu_usage,44.61
2026-01-18 00:38:38,cpu_usage,60.9
2026-01-18 01:38:38,cpu_usage,36.54
2026-01-18 02:38:38,cpu_usage,32.17
2026-01-18 03:38:38,cpu_usage,47.09
2026-01-18 04:38:38,cpu_usage,53.27
2026-01-18 05:38:38,cpu_usage,43.48
2026-01-18 06:38:38,cpu_usage,49.72
2026-01-18 07:38:38,cpu_usage,47.96
2026-01-18 08:38:38,cpu_usage,44.99
2026-01-18 09:38:38,cpu_usage,33.35
2026-01-18 10:38:38,cpu_usage,29.89
2026-01-18 11:38:38,cpu_usage,41.53
2026-01-18 12:38:38,cpu_usage,35.39
2026-01-18 13:38:38,cpu_usage,61.67
2026-01-18 14:38:38,cpu_usage,52.7
2026-01-18 15:38:38,cpu_usage,44.26
2026-01-18 16:38:38,cpu_usage,55.19
2026-01-18 17:38:38,cpu_usage,54.42
2026-01-18 18:38:38,cpu_usage,47.58
2026-01-18 19:38:38,cpu_usage,58.37
2026-01-18 20:38:38,cpu_usage,24.47
2026-01-18 21:38:38,cpu_usage,55.47
2026-01-18 22:38:38,cpu_usage,34.58
2026-01-18 23:38:38,cpu_usage,50.67
2026-01-19 00:38:38,cpu_usage,37.27
2026-01-19 01:38:38,cpu_usage,62.96
2026-01-19 02:38:38,cpu_usage,49.01
2026-01-19 03:38:38,cpu_usage,50.44
2026-01-19 04:38:38,cpu_usage,50.33
2026-01-19 05:38:38,cpu_usage,65.49
2026-01-19 06:38:38,cpu_usage,36.23
2026-01-19 07:38:38,cpu_usage,44.62
2026-01-19 08:38:38,cpu_usage,60.31
2026-01-19 09:38:38,cpu_usage,39.95
2026-01-19 10:38:38,cpu_usage,46.28
2026-01-19 11:38:38,cpu_usage,32.7
2026-01-19 12:38:38,cpu_usage,57.6
2026-01-19 13:38:38,cpu_usage,40.02
2026-01-19 14:38:38,cpu_usage,47.7
2026-01-19 15:38:38,cpu_usage,47.35
2026-01-19 16:38:38,cpu_usage,60.66
2026-01-19 17:38:38,cpu_usage,33.02
2026-01-19 18:38:38,cpu_usage,11.66
2026-01-19 19:38:38,cpu_usage,30.76
2026-01-19 20:38:38,cpu_usage,40.06
2026-01-19 21:38:38,cpu_usage,32.71
2026-01-19 22:38:38,cpu_usage,45.3
2026-01-19 23:38:38,cpu_usage,44.18
2026-01-20 00:38:38,cpu_usage,35.11
2026-01-20 01:38:38,cpu_usage,47.01
2026-01-20 02:38:38,cpu_usage,27.85
2026-01-20 03:38:38,cpu_usage,67.09
2026-01-20 04:38:38,cpu_usage,58.06
2026-01-20 05:38:38,cpu_usage,37.7
2026-01-20 06:38:38,cpu_usage,54.42
2026-01-20 07:38:38,cpu_usage,49.01
2026-01-20 08:38:38,cpu_usage,49.08
2026-01-20 09:38:38,cpu_usage,34.78
2026-01-20 10:38:38,cpu_usage,34.43
2026-01-20 11:38:38,cpu_usage,36.79
2026-01-20 12:38:38,cpu_usage,50.38
2026-01-20 13:38:38,cpu_usage,3.75
2026-01-20 14:38:38,cpu_usage,21.74
2026-01-20 15:38:38,cpu_usage,48.92
2026-01-20 16:38:38,cpu_usage,40.32
2026-01-20 17:38:38,cpu_usage,25.25
2026-01-20 18:38:38,cpu_usage,36.55
2026-01-20 19:38:38,cpu_usage,39.59
2026-01-20 20:38:38,cpu_usage,54.02
2026-01-20 21:38:38,cpu_usage,38.67
2026-01-20 22:38:38,cpu_usage,64.79
2026-01-20 23:38:38,cpu_usage,53.79
2026-01-21 00:38:38,cpu_usage,35.16
2026-01-21 01:38:38,cpu_usage,40.03
2026-01-21 02:38:38,cpu_usage,54.1
2026-01-21 03:38:38,cpu_usage,39.89
2026-01-21 04:38:38,cpu_usage,35.8
2026-01-21 05:38:38,cpu_usage,37.73
2026-01-21 06:38:38,cpu_usage,43.22
2026-01-21 07:38:38,cpu_usage,92.99
2026-01-21 08:38:38,cpu_usage,49.7
2026-01-21 09:38:38,cpu_usage,42.36
2026-01-21 10:38:38,cpu_usage,11.61
2026-01-21 11:38:38,cpu_usage,47.63
2026-01-21 12:38:38,cpu_usage,57.15
2026-01-21 13:38:38,cpu_usage,44.35
2026-01-21 14:38:38,cpu_usage,37.1
2026-01-21 15:38:38,cpu_usage,51.3
2026-01-21 16:38:38,cpu_usage,9.24
2026-01-21 17:38:38,cpu_usage,46.6
2026-01-21 18:38:38,cpu_usage,32.81
2026-01-21 19:38:38,cpu_usage,54.24
2026-01-21 20:38:38,cpu_usage,59.8
2026-01-21 21:38:38,cpu_usage,47.38
2026-01-21 22:38:38,cpu_usage,62.85
2026-01-21 23:38:38,cpu_usage,51.11
2026-01-22 00:38:38,cpu_usage,46.54
2026-01-22 01:38:38,cpu_usage,54.78
2026-01-22 02:38:38,cpu_usage,44.02
2026-01-22 03:38:38,cpu_usage,43.14
2026-01-22 04:38:38,cpu_usage,50.89
2026-01-22 05:38:38,cpu_usage,65.27
2026-01-22 06:38:38,cpu_usage,13.62
2026-01-22 07:38:38,cpu_usage,38.21
2026-01-22 08:38:38,cpu_usage,35.62
2026-01-22 09:38:38,cpu_usage,43.84
2026-01-22 10:38:38,cpu_usage,40.0
2026-01-22 11:38:38,cpu_usage,34.95
2026-01-22 12:38:38,cpu_usage,57.64
2026-01-22 13:38:38,cpu_usage,52.3
2026-01-22 14:38:38,cpu_usage,32.12
2026-01-22 15:38:38,cpu_usage,48.46
2026-01-22 16:38:38,cpu_usage,47.6
2026-01-22 17:38:38,cpu_usage,52.76
2026-01-22 18:38:38,cpu_usage,92.82
2026-01-22 19:38:38,cpu_usage,58.14
2026-01-22 20:38:38,cpu_usage,44.85
2026-01-22 21:38:38,cpu_usage,29.67
2026-01-22 22:38:38,cpu_usage,33.71
2026-01-22 23:38:38,cpu_usage,48.63
2026-01-23 00:38:38,cpu_usage,27.79
2026-01-23 01:38:38,cpu_usage,41.42
2026-01-23 02:38:38,cpu_usage,32.75
2026-01-23 03:38:38,cpu_usage,34.14
2026-01-23 04:38:38,cpu_usage,45.3
2026-01-23 05:38:38,cpu_usage,37.65
2026-01-23 06:38:38,cpu_usage,31.01
2026-01-23 07:38:38,cpu_usage,0.0
2026-01-23 08:38:38,cpu_usage,30.71
2026-01-23 09:38:38,cpu_usage,22.62
2026-01-23 10:38:38,cpu_usage,79.11
2026-01-23 11:38:38,cpu_usage,53.9
2026-01-23 12:38:38,cpu_usage,55.57
2026-01-23 13:38:38,cpu_usage,49.21
2026-01-23 14:38:38,cpu_usage,53.08
2026-01-23 15:38:38,cpu_usage,42.5
2026-01-23 16:38:38,cpu_usage,31.63
2026-01-23 17:38:38,cpu_usage,38.26
2026-01-23 18:38:38,cpu_usage,59.34
2026-01-23 19:38:38,cpu_usage,34.15
2026-01-23 20:38:38,cpu_usage,41.36
2026-01-23 21:38:38,cpu_usage,32.56
2026-01-23 22:38:38,cpu_usage,54.59
2026-01-23 23:38:38,cpu_usage,78.86
2026-01-24 00:38:38,cpu_usage,41.59
2026-01-24 01:38:38,cpu_usage,45.18
2026-01-24 02:38:38,cpu_usage,35.91
2026-01-24 03:38:38,cpu_usage,48.45
2026-01-24 04:38:38,cpu_usage,25.35
2026-01-24 05:38:38,cpu_usage,64.02
2026-01-24 06:38:38,cpu_usage,42.95
2026-01-24 07:38:38,cpu_usage,43.54
2026-01-24 08:38:38,cpu_usage,47.75
2026-01-24 09:38:38,cpu_usage,56.95
2026-01-24 10:38:38,cpu_usage,28.21
2026-01-24 11:38:38,cpu_usage,61.03
2026-01-24 12:38:38,cpu_usage,27.12
2026-01-24 13:38:38,cpu_usage,64.81
2026-01-24 14:38:38,cpu_usage,46.61
2026-01-24 15:38:38,cpu_usage,34.11
2026-01-24 16:38:38,cpu_usage,42.73
2026-01-24 17:38:38,cpu_usage,24.74
2026-01-24 18:38:38,cpu_usage,42.27
2026-01-24 19:38:38,cpu_usage,44.56
2026-01-24 20:38:38,cpu_usage,50.46
2026-01-24 21:38:38,cpu_usage,48.12
2026-01-24 22:38:38,cpu_usage,37.38
2026-01-24 23:38:38,cpu_usage,46.43
2026-01-25 00:38:38,cpu_usage,43.95
2026-01-25 01:38:38,cpu_usage,31.88
2026-01-25 02:38:38,cpu_usage,40.56
2026-01-25 03:38:38,cpu_usage,51.24
2026-01-25 04:38:38,cpu_usage,47.6
2026-01-25 05:38:38,cpu_usage,33.49
2026-01-25 06:38:38,cpu_usage,45.0
2026-01-25 07:38:38,cpu_usage,33.89
2026-01-25 08:38:38,cpu_usage,9.56
2026-01-25 09:38:38,cpu_usage,50.33
2026-01-25 10:38:38,cpu_usage,36.94
2026-01-25 11:38:38,cpu_usage,54.94
2026-01-25 12:38:38,cpu_usage,54.02
2026-01-25 13:38:38,cpu_usage,40.0
2026-01-25 14:38:38,cpu_usage,50.43
2026-01-25 15:38:38,cpu_usage,49.1
2026-01-25 16:38:38,cpu_usage,39.03
2026-01-25 17:38:38,cpu_usage,51.18
2026-01-25 18:38:38,cpu_usage,7.09
2026-01-25 19:38:38,cpu_usage,40.89
2026-01-25 20:38:38,cpu_usage,59.74
2026-01-25 21:38:38,cpu_usage,49.79
2026-01-25 22:38:38,cpu_usage,54.98
2026-01-25 23:38:38,cpu_usage,50.9
2026-01-26 00:38:38,cpu_usage,46.95
2026-01-26 01:38:38,cpu_usage,56.57
2026-01-26 02:38:38,cpu_usage,38.44
2026-01-26 03:38:38,cpu_usage,42.61
2026-01-26 04:38:38,cpu_usage,43.56
2026-01-26 05:38:38,cpu_usage,53.83
2026-01-26 06:38:38,cpu_usage,57.69
2026-01-26 07:38:38,cpu_usage,36.81
2026-01-26 08:38:38,cpu_usage,53.98
2026-01-26 09:38:38,cpu_usage,36.9
2026-01-26 10:38:38,cpu_usage,39.11
2026-01-26 11:38:38,cpu_usage,87.31
2026-01-26 12:38:38,cpu_usage,46.0
2026-01-26 13:38:38,cpu_usage,60.76
2026-01-26 14:38:38,cpu_usage,36.37
2026-01-26 15:38:38,cpu_usage,42.71
2026-01-26 16:38:38,cpu_usage,46.5
2026-01-26 17:38:38,cpu_usage,41.55
2026-01-26 18:38:38,cpu_usage,45.12
2026-01-26 19:38:38,cpu_usage,52.54
2026-01-26 20:38:38,cpu_usage,46.29
2026-01-26 21:38:38,cpu_usage,41.53
2026-01-26 22:38:38,cpu_usage,42.18
2026-01-26 23:38:38,cpu_usage,51.81
2026-01-27 00:38:38,cpu_usage,53.26
2026-01-27 01:38:38,cpu_usage,34.98
2026-01-27 02:38:38,cpu_usage,45.87
2026-01-27 03:38:38,cpu_usage,52.97
2026-01-27 04:38:38,cpu_usage,61.33
2026-01-27 05:38:38,cpu_usage,58.0
2026-01-27 06:38:38,cpu_usage,30.98
2026-01-27 07:38:38,cpu_usage,44.72
2026-01-27 08:38:38,cpu_usage,30.79
2026-01-27 09:38:38,cpu_usage,60.39
2026-01-27 10:38:38,cpu_usage,47.08
2026-01-27 11:38:38,cpu_usage,53.21
2026-01-27 12:38:38,cpu_usage,35.88
2026-01-27 13:38:38,cpu_usage,38.63
2026-01-27 14:38:38,cpu_usage,48.48
2026-01-27 15:38:38,cpu_usage,57.08
2026-01-27 16:38:38,cpu_usage,27.45
2026-01-27 17:38:38,cpu_usage,55.73
2026-01-27 18:38:38,cpu_usage,47.19
2026-01-27 19:38:38,cpu_usage,25.91
2026-01-27 20:38:38,cpu_usage,51.88
2026-01-27 21:38:38,cpu_usage,52.53
2026-01-27 22:38:38,cpu_usage,45.38
2026-01-27 23:38:38,cpu_usage,39.51
2026-01-28 00:38:38,cpu_usage,36.65
2026-01-28 01:38:38,cpu_usage,49.52
2026-01-28 02:38:38,cpu_usage,31.76
2026-01-28 03:38:38,cpu_usage,59.2
2026-01-28 04:38:38,cpu_usage,36.78
2026-01-28 05:38:38,cpu_usage,25.27
2026-01-28 06:38:38,cpu_usage,54.64
2026-01-28 07:38:38,cpu_usage,52.21
2026-01-28 08:38:38,cpu_usage,48.2
2026-01-28 09:38:38,cpu_usage,55.48
2026-01-28 10:38:38,cpu_usage,35.14
2026-01-28 11:38:38,cpu_usage,54.76
2026-01-28 12:38:38,cpu_usage,54.31
2026-01-28 13:38:38,cpu_usage,83.29
2026-01-28 14:38:38,cpu_usage,50.08
2026-01-28 15:38:38,cpu_usage,52.06
2026-01-28 16:38:38,cpu_usage,43.54
2026-01-28 17:38:38,cpu_usage,47.35
2026-01-28 18:38:38,cpu_usage,52.37
2026-01-28 19:38:38,cpu_usage,43.18
2026-01-28 20:38:38,cpu_usage,61.27
2026-01-28 21:38:38,cpu_usage,43.52
2026-01-28 22:38:38,cpu_usage,50.0
2026-01-28 23:38:38,cpu_usage,41.13
2026-01-29 00:38:38,cpu_usage,45.35
2026-01-29 01:38:38,cpu_usage,49.37
2026-01-29 02:38:38,cpu_usage,30.27
2026-01-29 03:38:38,cpu_usage,37.86
2026-01-29 04:38:38,cpu_usage,55.47
2026-01-29 05:38:38,cpu_usage,57.91
2026-01-29 06:38:38,cpu_usage,39.88
2026-01-29 07:38:38,cpu_usage,50.28
2026-01-29 08:38:38,cpu_usage,54.66
2026-01-29 09:38:38,cpu_usage,43.49
2026-01-29 10:38:38,cpu_usage,36.5
2026-01-29 11:38:38,cpu_usage,70.29
2026-01-29 12:38:38,cpu_usage,34.13
2026-01-29 13:38:38,cpu_usage,56.51
2026-01-29 14:38:38,cpu_usage,39.33
2026-01-29 15:38:38,cpu_usage,53.61
2026-01-29 16:38:38,cpu_usage,51.37
2026-01-29 17:38:38,cpu_usage,51.7
2026-01-29 18:38:38,cpu_usage,86.31
2026-01-29 19:38:38,cpu_usage,39.08
2026-01-29 20:38:38,cpu_usage,48.27
2026-01-29 21:38:38,cpu_usage,31.8
2026-01-29 22:38:38,cpu_usage,42.61
2026-01-29 23:38:38,cpu_usage,46.42
2026-01-30 00:38:38,cpu_usage,49.75
2026-01-30 01:38:38,cpu_usage,50.85
2026-01-30 02:38:38,cpu_usage,42.32
2026-01-30 03:38:38,cpu_usage,76.59
2026-01-30 04:38:38,cpu_usage,34.87
2026-01-30 05:38:38,cpu_usage,44.78
2026-01-30 06:38:38,cpu_usage,51.62
2026-01-30 07:38:38,cpu_usage,49.54
2026-01-30 08:38:38,cpu_usage,37.3
2026-01-30 09:38:38,cpu_usage,56.09
2026-01-30 10:38:38,cpu_usage,53.54
2026-01-30 11:38:38,cpu_usage,49.1
2026-01-30 12:38:38,cpu_usage,43.29
2026-01-30 13:38:38,cpu_usage,52.82
2026-01-30 14:38:38,cpu_usage,55.1
2026-01-30 15:38:38,cpu_usage,45.92
2026-01-30 16:38:38,cpu_usage,41.53
2026-01-30 17:38:38,cpu_usage,49.8
2026-01-30 18:38:38,cpu_usage,44.27
2026-01-30 19:38:38,cpu_usage,11.96
2026-01-30 20:38:38,cpu_usage,51.63
2026-01-30 21:38:38,cpu_usage,48.01
2026-01-30 22:38:38,cpu_usage,0.0
2026-01-30 23:38:38,cpu_usage,51.18
2026-01-31 00:38:38,cpu_usage,46.65
2026-01-31 01:38:38,cpu_usage,55.59
2026-01-31 02:38:38,cpu_usage,37.6
2026-01-31 03:38:38,cpu_usage,54.09
2026-01-31 04:38:38,cpu_usage,30.2
2026-01-31 05:38:38,cpu_usage,42.65
2026-01-31 06:38:38,cpu_usage,44.35
2026-01-31 07:38:38,cpu_usage,48.48
2026-01-31 08:38:38,cpu_usage,51.71
2026-01-31 09:38:38,cpu_usage,41.13
2026-01-31 10:38:38,cpu_usage,36.17
2026-01-31 11:38:38,cpu_usage,45.76
2026-01-31 12:38:38,cpu_usage,53.52
2026-01-31 13:38:38,cpu_usage,60.54
2026-01-31 14:38:38,cpu_usage,53.32
2026-01-31 15:38:38,cpu_usage,48.56
2026-01-31 16:38:38,cpu_usage,50.53
2026-01-31 17:38:38,cpu_usage,42.48
2026-01-31 18:38:38,cpu_usage,38.6
2026-01-31 19:38:38,cpu_usage,56.0
2026-01-31 20:38:38,cpu_usage,63.69
2026-01-31 21:38:38,cpu_usage,54.41
2026-01-31 22:38:38,cpu_usage,6.67
2026-01-31 23:38:38,cpu_usage,37.2
2026-02-01 00:38:38,cpu_usage,52.35
2026-02-01 01:38:38,cpu_usage,55.3
2026-02-01 02:38:38,cpu_usage,41.2
2026-02-01 03:38:38,cpu_usage,60.97
2026-02-01 04:38:38,cpu_usage,51.45
2026-02-01 05:38:38,cpu_usage,45.8
2026-02-01 06:38:38,cpu_usage,48.21
2026-02-01 07:38:38,cpu_usage,35.12
2026-02-01 08:38:38,cpu_usage,52.23
2026-02-01 09:38:38,cpu_usage,35.71
2026-02-01 10:38:38,cpu_usage,14.52
2026-02-01 11:38:38,cpu_usage,31.29
2026-02-01 12:38:38,cpu_usage,51.93
2026-02-01 13:38:38,cpu_usage,0.0
2026-02-01 14:38:38,cpu_usage,58.77
2026-02-01 15:38:38,cpu_usage,48.18
2026-02-01 16:38:38,cpu_usage,55.96
2026-02-01 17:38:38,cpu_usage,51.11
2026-02-01 18:38:38,cpu_usage,87.5
2026-02-01 19:38:38,cpu_usage,50.19
2026-02-01 20:38:38,cpu_usage,54.51
2026-02-01 21:38:38,cpu_usage,49.72
2026-02-01 22:38:38,cpu_usage,42.59
2026-02-01 23:38:38,cpu_usage,44.31
2026-02-02 00:38:38,cpu_usage,57.13
2026-02-02 01:38:38,cpu_usage,10.74
2026-02-02 02:38:38,cpu_usage,26.62
2026-02-02 03:38:38,cpu_usage,35.29
2026-02-02 04:38:38,cpu_usage,25.26
2026-02-02 05:38:38,cpu_usage,49.63
2026-02-02 06:38:38,cpu_usage,49.38
2026-02-02 07:38:38,cpu_usage,45.45
2026-02-02 08:38:38,cpu_usage,43.79
2026-02-02 09:38:38,cpu_usage,4.74
2026-02-02 10:38:38,cpu_usage,55.64
2026-02-02 11:38:38,cpu_usage,40.85
2026-02-02 12:38:38,cpu_usage,60.02
2026-02-02 13:38:38,cpu_usage,41.73
2026-02-02 14:38:38,cpu_usage,64.85
2026-02-02 15:38:38,cpu_usage,44.16
2026-02-02 16:38:38,cpu_usage,67.54
2026-02-02 17:38:38,cpu_usage,42.98
2026-02-02 18:38:38,cpu_usage,43.17
2026-02-02 19:38:38,cpu_usage,54.53
2026-02-02 20:38:38,cpu_usage,52.89
2026-02-02 21:38:38,cpu_usage,32.07
2026-02-02 22:38:38,cpu_usage,45.84
2026-02-02 23:38:38,cpu_usage,40.76
2026-02-03 00:38:38,cpu_usage,40.11
2026-02-03 01:38:38,cpu_usage,45.79
2026-02-03 02:38:38,cpu_usage,42.12
2026-02-03 03:38:38,cpu_usage,46.83
2026-02-03 04:38:38,cpu_usage,35.08
2026-02-03 05:38:38,cpu_usage,29.97
2026-02-03 06:38:38,cpu_usage,54.96
2026-02-03 07:38:38,cpu_usage,56.64
2026-02-03 08:38:38,cpu_usage,54.26
2026-02-03 09:38:38,cpu_usage,45.34
2026-02-03 10:38:38,cpu_usage,41.38
2026-02-03 11:38:38,cpu_usage,38.82
2026-02-03 12:38:38,cpu_usage,37.05
2026-02-03 13:38:38,cpu_usage,44.17
2026-02-03 14:38:38,cpu_usage,56.36
2026-02-03 15:38:38,cpu_usage,38.03
2026-02-03 16:38:38,cpu_usage,56.38
2026-02-03 17:38:38,cpu_usage,30.41
2026-02-03 18:38:38,cpu_usage,47.35
2026-02-03 19:38:38,cpu_usage,49.4
2026-02-03 20:38:38,cpu_usage,81.45
2026-02-03 21:38:38,cpu_usage,47.28
2026-02-03 22:38:38,cpu_usage,50.78
2026-02-03 23:38:38,cpu_usage,39.64
2026-02-04 00:38:38,cpu_usage,39.1
2026-02-04 01:38:38,cpu_usage,63.38
2026-02-04 02:38:38,cpu_usage,46.25
2026-02-04 03:38:38,cpu_usage,43.45
2026-02-04 04:38:38,cpu_usage,40.04
2026-02-04 05:38:38,cpu_usage,52.23
2026-02-04 06:38:38,cpu_usage,2.53
2026-02-04 07:38:38,cpu_usage,40.51
2026-02-04 08:38:38,cpu_usage,55.63
2026-02-04 09:38:38,cpu_usage,51.64
2026-02-04 10:38:38,cpu_usage,43.05
2026-02-04 11:38:38,cpu_usage,43.28
2026-02-04 12:38:38,cpu_usage,35.63
2026-02-04 13:38:38,cpu_usage,3.46
2026-02-04 14:38:38,cpu_usage,33.42
2026-02-04 15:38:38,cpu_usage,50.23
2026-02-04 16:38:38,cpu_usage,50.94
2026-02-04 17:38:38,cpu_usage,53.43
2026-02-04 18:38:38,cpu_usage,36.19
2026-02-04 19:38:38,cpu_usage,38.33
2026-02-04 20:38:38,cpu_usage,10.29
2026-02-04 21:38:38,cpu_usage,42.27
2026-02-04 22:38:38,cpu_usage,50.85
2026-02-04 23:38:38,cpu_usage,47.81
2026-02-05 00:38:38,cpu_usage,63.33
2026-02-05 01:38:38,cpu_usage,35.91
2026-02-05 02:38:38,cpu_usage,51.04
2026-02-05 03:38:38,cpu_usage,38.7
2026-02-05 04:38:38,cpu_usage,37.66
2026-02-05 05:38:38,cpu_usage,55.85
2026-02-05 06:38:38,cpu_usage,44.75
2026-02-05 07:38:38,cpu_usage,47.64
2026-02-05 08:38:38,cpu_usage,39.41
2026-02-05 09:38:38,cpu_usage,39.96
2026-02-05 10:38:38,cpu_usage,29.8
2026-02-05 11:38:38,cpu_usage,46.82
2026-02-05 12:38:38,cpu_usage,34.64
2026-02-05 13:38:38,cpu_usage,43.58
2026-02-05 14:38:38,cpu_usage,53.78
2026-02-05 15:38:38,cpu_usage,27.32
2026-02-05 16:38:38,cpu_usage,74.93
2026-02-05 17:38:38,cpu_usage,37.47
2026-02-05 18:38:38,cpu_usage,43.86
2026-02-05 19:38:38,cpu_usage,47.63
2026-02-05 20:38:38,cpu_usage,37.16
2026-02-05 21:38:38,cpu_usage,40.29
2026-02-05 22:38:38,cpu_usage,56.21
2026-02-05 23:38:38,cpu_usage,52.57
2026-02-06 00:38:38,cpu_usage,42.47
2026-02-06 01:38:38,cpu_usage,44.98
2026-02-06 02:38:38,cpu_usage,46.4
2026-02-06 03:38:38,cpu_usage,50.57
2026-02-06 04:38:38,cpu_usage,51.32
2026-02-06 05:38:38,cpu_usage,51.04
2026-02-06 06:38:38,cpu_usage,40.9
2026-02-06 07:38:38,cpu_usage,46.08
2026-02-06 08:38:38,cpu_usage,54.98
2026-02-06 09:38:38,cpu_usage,67.06
2026-02-06 10:38:38,cpu_usage,45.8
2026-02-06 11:38:38,cpu_usage,39.6
2026-02-06 12:38:38,cpu_usage,36.99
2026-02-06 13:38:38,cpu_usage,51.12
2026-02-06 14:38:38,cpu_usage,29.41
2026-02-06 15:38:38,cpu_usage,51.23
2026-02-06 16:38:38,cpu_usage,51.42
2026-02-06 17:38:38,cpu_usage,39.93
2026-02-06 18:38:38,cpu_usage,47.4
2026-02-06 19:38:38,cpu_usage,42.79
2026-02-06 20:38:38,cpu_usage,31.67
2026-02-06 21:38:38,cpu_usage,50.45
2026-02-06 22:38:38,cpu_usage,49.49
2026-02-06 23:38:38,cpu_usage,40.67
2026-02-07 00:38:38,cpu_usage,66.86
2026-02-07 01:38:38,cpu_usage,45.06
2026-02-07 02:38:38,cpu_usage,26.52
2026-02-07 03:38:38,cpu_usage,55.56
2026-02-07 04:38:38,cpu_usage,52.88
2026-02-07 05:38:38,cpu_usage,54.14
2026-02-07 06:38:38,cpu_usage,35.13
2026-02-07 07:38:38,cpu_usage,47.13
2026-02-07 08:38:38,cpu_usage,44.9
2026-02-07 09:38:38,cpu_usage,43.26
2026-02-07 10:38:38,cpu_usage,58.39
2026-02-07 11:38:38,cpu_usage,45.2
2026-02-07 12:38:38,cpu_usage,41.0
2026-02-07 13:38:38,cpu_usage,40.91
2026-02-07 14:38:38,cpu_usage,34.44
2026-02-07 15:38:38,cpu_usage,46.15
2026-02-07 16:38:38,cpu_usage,59.27
2026-02-07 17:38:38,cpu_usage,41.77
2026-02-07 18:38:38,cpu_usage,47.69
2026-02-07 19:38:38,cpu_usage,43.11
2026-02-07 20:38:38,cpu_usage,44.14
2026-02-07 21:38:38,cpu_usage,53.36
2026-02-07 22:38:38,cpu_usage,34.32
2026-02-07 23:38:38,cpu_usage,30.23
2026-02-08 00:38:38,cpu_usage,87.0
2026-02-08 01:38:38,cpu_usage,34.89
2026-02-08 02:38:38,cpu_usage,55.87
2026-02-08 03:38:38,cpu_usage,68.22
2026-02-08 04:38:38,cpu_usage,36.43
2026-02-08 05:38:38,cpu_usage,45.54
2026-02-08 06:38:38,cpu_usage,37.57
2026-02-08 07:38:38,cpu_usage,51.19
2026-02-08 08:38:38,cpu_usage,48.56
2026-02-08 09:38:38,cpu_usage,52.59
2026-02-08 10:38:38,cpu_usage,38.92
2026-02-08 11:38:38,cpu_usage,38.26
2026-02-08 12:38:38,cpu_usage,56.12
2026-02-08 13:38:38,cpu_usage,41.26
2026-02-08 14:38:38,cpu_usage,49.9
2026-02-08 15:38:38,cpu_usage,46.16
2026-02-08 16:38:38,cpu_usage,43.67
2026-02-08 17:38:38,cpu_usage,90.18
2026-02-08 18:38:38,cpu_usage,49.05
2026-02-08 19:38:38,cpu_usage,46.28
2026-02-08 20:38:38,cpu_usage,39.09
2026-02-08 21:38:38,cpu_usage,46.31
2026-02-08 22:38:38,cpu_usage,36.44
2026-02-08 23:38:38,cpu_usage,59.48
2026-02-09 00:38:38,cpu_usage,51.85
2026-02-09 01:38:38,cpu_usage,50.51
2026-02-09 02:38:38,cpu_usage,43.9
2026-02-09 03:38:38,cpu_usage,42.75
2026-02-09 04:38:38,cpu_usage,33.11
2026-02-09 05:38:38,cpu_usage,60.18
2026-02-09 06:38:38,cpu_usage,50.06
2026-02-09 07:38:38,cpu_usage,40.71
2026-02-09 08:38:38,cpu_usage,53.08
2026-02-09 09:38:38,cpu_usage,52.88
2026-02-09 10:38:38,cpu_usage,49.61
2026-02-09 11:38:38,cpu_usage,62.62
2026-02-09 12:38:38,cpu_usage,57.24
2026-02-09 13:38:38,cpu_usage,52.24
2026-02-09 14:38:38,cpu_usage,42.4
2026-02-09 15:38:38,cpu_usage,41.62
2026-02-09 16:38:38,cpu_usage,57.15
2026-02-09 17:38:38,cpu_usage,59.01
2026-02-09 18:38:38,cpu_usage,70.33
2026-02-09 19:38:38,cpu_usage,45.74
2026-02-09 20:38:38,cpu_usage,45.97
2026-02-09 21:38:38,cpu_usage,32.34
2026-02-09 22:38:38,cpu_usage,62.54
2026-02-09 23:38:38,cpu_usage,49.37
2026-02-10 00:38:38,cpu_usage,63.33
2026-02-10 01:38:38,cpu_usage,31.1
2026-02-10 02:38:38,cpu_usage,43.82
2026-02-10 03:38:38,cpu_usage,43.13
2026-02-10 04:38:38,cpu_usage,53.0
2026-02-10 05:38:38,cpu_usage,48.74
2026-02-10 06:38:38,cpu_usage,50.59
2026-02-10 07:38:38,cpu_usage,39.11
2026-02-10 08:38:38,cpu_usage,49.12
2026-02-10 09:38:38,cpu_usage,52.81
2026-02-10 10:38:38,cpu_usage,45.21
2026-02-10 11:38:38,cpu_usage,40.37
2026-02-10 12:38:38,cpu_usage,34.35
2026-02-10 13:38:38,cpu_usage,54.93
2026-02-10 14:38:38,cpu_usage,49.51
2026-02-10 15:38:38,cpu_usage,71.54
2026-02-10 16:38:38,cpu_usage,56.89
2026-02-10 17:38:38,cpu_usage,30.84
2026-02-10 18:38:38,cpu_usage,31.29
2026-02-10 19:38:38,cpu_usage,53.11
2026-02-10 20:38:38,cpu_usage,53.25
2026-02-10 21:38:38,cpu_usage,44.39
2026-02-10 22:38:38,cpu_usage,54.69
2026-02-10 23:38:38,cpu_usage,49.43
2026-02-11 00:38:38,cpu_usage,46.82
2026-02-11 01:38:38,cpu_usage,25.35
2026-02-11 02:38:38,cpu_usage,56.55
2026-02-11 03:38:38,cpu_usage,21.94
2026-02-11 04:38:38,cpu_usage,61.61
2026-02-11 05:38:38,cpu_usage,66.19
2026-02-11 06:38:38,cpu_usage,76.4
2026-02-11 07:38:38,cpu_usage,34.57
2026-02-11 08:38:38,cpu_usage,21.39
2026-02-11 09:38:38,cpu_usage,40.99
2026-02-11 10:38:38,cpu_usage,60.85
2026-02-11 11:38:38,cpu_usage,10.05
2026-02-11 12:38:38,cpu_usage,50.55
2026-02-11 13:38:38,cpu_usage,27.21
2026-02-11 14:38:38,cpu_usage,39.67
2026-02-11 15:38:38,cpu_usage,38.63
2026-02-11 16:38:38,cpu_usage,52.41
2026-02-11 17:38:38,cpu_usage,46.58
2026-02-11 18:38:38,cpu_usage,46.95
2026-02-11 19:38:38,cpu_usage,37.04
2026-02-11 20:38:38,cpu_usage,58.99
2026-02-11 21:38:38,cpu_usage,46.88
2026-02-11 22:38:38,cpu_usage,36.49
2026-02-11 23:38:38,cpu_usage,37.13
2026-02-12 00:38:38,cpu_usage,48.32
2026-02-12 01:38:38,cpu_usage,93.99
2026-02-12 02:38:38,cpu_usage,38.75
2026-02-12 03:38:38,cpu_usage,51.92
2026-02-12 04:38:38,cpu_usage,40.43
2026-02-12 05:38:38,cpu_usage,48.88
2026-02-12 06:38:38,cpu_usage,90.13
2026-02-12 07:38:38,cpu_usage,29.11
2026-02-12 08:38:38,cpu_usage,57.93
2026-02-12 09:38:38,cpu_usage,29.58
2026-02-12 10:38:38,cpu_usage,44.24
2026-02-12 11:38:38,cpu_usage,37.95
2026-02-12 12:38:38,cpu_usage,52.21
2026-02-12 13:38:38,cpu_usage,54.98
2026-02-12 14:38:38,cpu_usage,47.11
2026-02-12 15:38:38,cpu_usage,44.58
2026-02-12 16:38:38,cpu_usage,42.22
2026-02-12 17:38:38,cpu_usage,35.29
2026-02-12 18:38:38,cpu_usage,49.25
2026-02-12 19:38:38,cpu_usage,37.22
2026-02-12 20:38:38,cpu_usage,0.0
2026-02-12 21:38:38,cpu_usage,36.24
2026-02-12 22:38:38,cpu_usage,53.48
2026-02-12 23:38:38,cpu_usage,10.72
2026-02-13 00:38:38,cpu_usage,0.0
2026-02-13 01:38:38,cpu_usage,42.91
2026-02-13 02:38:38,cpu_usage,32.79
2026-02-13 03:38:38,cpu_usage,25.07
2026-02-13 04:38:38,cpu_usage,43.01
2026-02-13 05:38:38,cpu_usage,32.14
2026-02-13 06:38:38,cpu_usage,51.37
2026-02-13 07:38:38,cpu_usage,16.94
2026-02-13 08:38:38,cpu_usage,48.82
2026-02-13 09:38:38,cpu_usage,34.56
2026-02-13 10:38:38,cpu_usage,50.9
2026-02-13 11:38:38,cpu_usage,34.11
2026-02-13 12:38:38,cpu_usage,62.68
2026-02-13 13:38:38,cpu_usage,62.11
2026-02-13 14:38:38,cpu_usage,55.32
2026-02-13 15:38:38,cpu_usage,48.69
2026-02-13 16:38:38,cpu_usage,26.37
2026-02-13 17:38:38,cpu_usage,32.0
2026-02-13 18:38:38,cpu_usage,37.34
2026-02-13 19:38:38,cpu_usage,34.78
2026-02-13 20:38:38,cpu_usage,49.02
2026-02-13 21:38:38,cpu_usage,36.47
2026-02-13 22:38:38,cpu_usage,48.89
2026-02-13 23:38:38,cpu_usage,50.2
2026-02-14 00:38:38,cpu_usage,55.61
2026-02-14 01:38:38,cpu_usage,0.0
2026-02-14 02:38:38,cpu_usage,47.32
2026-02-14 03:38:38,cpu_usage,56.65
2026-02-14 04:38:38,cpu_usage,44.19
2026-02-14 05:38:38,cpu_usage,38.01
2026-02-14 06:38:38,cpu_usage,41.07
2026-02-14 07:38:38,cpu_usage,45.01
2026-02-14 08:38:38,cpu_usage,38.26
2026-02-14 09:38:38,cpu_usage,38.33
2026-02-14 10:38:38,cpu_usage,53.93
2026-02-14 11:38:38,cpu_usage,47.5
2026-02-14 12:38:38,cpu_usage,42.09
2026-02-14 13:38:38,cpu_usage,37.45
2026-02-14 14:38:38,cpu_usage,41.91
2026-02-14 15:38:38,cpu_usage,46.62
2026-02-14 16:38:38,cpu_usage,61.34
2026-02-14 17:38:38,cpu_usage,57.59
2026-02-14 18:38:38,cpu_usage,63.05
2026-02-14 19:38:38,cpu_usage,40.27
2026-02-14 20:38:38,cpu_usage,26.57
2026-02-14 21:38:38,cpu_usage,43.19
2026-02-14 22:38:38,cpu_usage,51.23
2026-02-14 23:38:38,cpu_usage,48.41
2026-02-15 00:38:38,cpu_usage,70.05
2026-02-15 01:38:38,cpu_usage,53.47
2026-02-15 02:38:38,cpu_usage,39.28
2026-02-15 03:38:38,cpu_usage,57.73
2026-02-15 04:38:38,cpu_usage,29.21
2026-02-15 05:38:38,cpu_usage,40.92
2026-02-15 06:38:38,cpu_usage,41.89
2026-02-15 07:38:38,cpu_usage,58.53
2026-02-15 08:38:38,cpu_usage,49.14
2026-02-15 09:38:38,cpu_usage,37.59
2026-02-15 10:38:38,cpu_usage,20.06
2026-02-15 11:38:38,cpu_usage,33.67
2026-02-15 12:38:38,cpu_usage,50.76
2026-02-15 13:38:38,cpu_usage,69.64
2026-02-15 14:38:38,cpu_usage,43.91
2026-02-15 15:38:38,cpu_usage,6.71
2026-02-15 16:38:38,cpu_usage,54.14
2026-02-15 17:38:38,cpu_usage,10.82
2026-02-15 18:38:38,cpu_usage,36.64
2026-02-15 19:38:38,cpu_usage,31.72
2026-02-15 20:38:38,cpu_usage,42.11
2026-02-15 21:38:38,cpu_usage,60.15
2026-02-15 22:38:38,cpu_usage,56.46
2026-02-15 23:38:38,cpu_usage,57.75
2026-02-16 00:38:38,cpu_usage,33.64
2026-02-16 01:38:38,cpu_usage,50.09
2026-02-16 02:38:38,cpu_usage,38.84
2026-02-16 03:38:38,cpu_usage,61.17
2026-02-16 04:38:38,cpu_usage,37.3
2026-02-16 05:38:38,cpu_usage,47.52
2026-02-16 06:38:38,cpu_usage,25.3
2026-02-16 07:38:38,cpu_usage,47.47
2026-02-16 08:38:38,cpu_usage,33.75
2026-02-16 09:38:38,cpu_usage,50.63
2026-02-16 10:38:38,cpu_usage,43.62
2026-02-16 11:38:38,cpu_usage,41.44
2026-02-16 12:38:38,cpu_usage,61.48
2026-02-16 13:38:38,cpu_usage,68.06
2026-02-16 14:38:38,cpu_usage,31.01
2026-02-16 15:38:38,cpu_usage,41.75
2026-02-16 16:38:38,cpu_usage,53.6
2026-02-16 17:38:38,cpu_usage,48.85
2026-02-16 18:38:38,cpu_usage,52.99
2026-02-16 19:38:38,cpu_usage,44.33
2026-02-16 20:38:38,cpu_usage,56.94
2026-02-16 21:38:38,cpu_usage,47.07
2026-02-16 22:38:38,cpu_usage,49.46
2026-02-16 23:38:38,cpu_usage,33.76
2026-02-17 00:38:38,cpu_usage,46.03
2026-02-17 01:38:38,cpu_usage,53.72
2026-02-17 02:38:38,cpu_usage,48.27
2026-02-17 03:38:38,cpu_usage,65.37
2026-02-17 04:38:38,cpu_usage,46.47
2026-02-17 05:38:38,cpu_usage,50.11
2026-02-17 06:38:38,cpu_usage,47.02
2026-02-17 07:38:38,cpu_usage,44.65
2026-02-17 08:38:38,cpu_usage,54.06
2026-02-17 09:38:38,cpu_usage,43.96
2026-02-17 10:38:38,cpu_usage,11.18
2026-02-17 11:38:38,cpu_usage,44.56
2026-02-17 12:38:38,cpu_usage,42.38
2026-02-17 13:38:38,cpu_usage,52.75
2026-02-17 14:38:38,cpu_usage,31.17
2026-02-17 15:38:38,cpu_usage,39.4
2026-02-17 16:38:38,cpu_usage,41.43
2026-02-17 17:38:38,cpu_usage,43.99
2026-02-17 18:38:38,cpu_usage,25.3
2026-02-17 19:38:38,cpu_usage,52.63
2026-02-17 20:38:38,cpu_usage,53.18
2026-02-17 21:38:38,cpu_usage,47.63
2026-02-17 22:38:38,cpu_usage,34.86
2026-02-17 23:38:38,cpu_usage,37.98
2026-02-18 00:38:38,cpu_usage,31.4
2026-02-18 01:38:38,cpu_usage,13.18
2026-02-18 02:38:38,cpu_usage,8.98
2026-02-18 03:38:38,cpu_usage,47.82
2026-02-18 04:38:38,cpu_usage,30.05
2026-02-18 05:38:38,cpu_usage,44.37
2026-02-18 06:38:38,cpu_usage,9.52
2026-02-18 07:38:38,cpu_usage,47.07
2026-02-18 08:38:38,cpu_usage,42.61
2026-02-18 09:38:38,cpu_usage,59.78
2026-02-18 10:38:38,cpu_usage,30.18
2026-02-18 11:38:38,cpu_usage,46.31
2026-02-18 12:38:38,cpu_usage,53.85
2026-02-18 13:38:38,cpu_usage,44.01
2026-02-18 14:38:38,cpu_usage,42.28
2026-02-18 15:38:38,cpu_usage,53.81
2026-02-18 16:38:38,cpu_usage,50.41
2026-02-18 17:38:38,cpu_usage,51.19
2026-02-18 18:38:38,cpu_usage,41.24
2026-02-18 19:38:38,cpu_usage,40.03
2026-02-18 20:38:38,cpu_usage,47.94
2026-02-18 21:38:38,cpu_usage,54.71
2026-02-18 22:38:38,cpu_usage,32.05
2026-02-18 23:38:38,cpu_usage,44.36
2026-02-19 00:38:38,cpu_usage,40.45
2026-02-19 01:38:38,cpu_usage,45.52
2026-02-19 02:38:38,cpu_usage,52.8
2026-02-19 03:38:38,cpu_usage,37.12
2026-02-19 04:38:38,cpu_usage,51.57
2026-02-19 05:38:38,cpu_usage,41.57
2026-02-19 06:38:38,cpu_usage,56.42
2026-02-19 07:38:38,cpu_usage,37.65
2026-02-19 08:38:38,cpu_usage,54.56
2026-02-19 09:38:38,cpu_usage,32.96
2026-02-19 10:38:38,cpu_usage,47.25
2026-02-19 11:38:38,cpu_usage,77.95
2026-02-19 12:38:38,cpu_usage,37.9
2026-02-19 13:38:38,cpu_usage,40.77
2026-02-19 14:38:38,cpu_usage,48.91
2026-02-19 15:38:38,cpu_usage,51.29
2026-02-19 16:38:38,cpu_usage,31.51
2026-02-19 17:38:38,cpu_usage,46.36
2026-02-19 18:38:38,cpu_usage,81.58
2026-02-19 19:38:38,cpu_usage,37.85
2026-02-19 20:38:38,cpu_usage,45.55
2026-02-19 21:38:38,cpu_usage,46.92
2026-02-19 22:38:38,cpu_usage,45.94
2026-02-19 23:38:38,cpu_usage,66.36
2026-02-20 00:38:38,cpu_usage,56.62
2026-02-20 01:38:38,cpu_usage,62.64
2026-02-20 02:38:38,cpu_usage,53.63
2026-02-20 03:38:38,cpu_usage,32.71
2026-02-20 04:38:38,cpu_usage,54.49
2026-02-20 05:38:38,cpu_usage,40.99
2026-02-20 06:38:38,cpu_usage,40.26
2026-02-20 07:38:38,cpu_usage,52.33
2026-02-20 08:38:38,cpu_usage,39.87
2026-02-20 09:38:38,cpu_usage,60.09
2026-02-20 10:38:38,cpu_usage,29.35
2026-02-20 11:38:38,cpu_usage,45.46
2026-02-20 12:38:38,cpu_usage,94.96
2026-02-20 13:38:38,cpu_usage,52.69
2026-02-20 14:38:38,cpu_usage,39.83
2026-02-20 15:38:38,cpu_usage,44.0
2026-02-20 16:38:38,cpu_usage,38.82
2026-02-20 17:38:38,cpu_usage,35.95
2026-02-20 18:38:38,cpu_usage,43.34
2026-02-20 19:38:38,cpu_usage,35.7
2026-02-20 20:38:38,cpu_usage,6.2
2026-02-20 21:38:38,cpu_usage,49.71
2026-02-20 22:38:38,cpu_usage,57.72
2026-02-20 23:38:38,cpu_usage,45.45
2026-02-21 00:38:38,cpu_usage,31.34
2026-02-21 01:38:38,cpu_usage,27.32
2026-02-21 02:38:38,cpu_usage,41.99
2026-02-21 03:38:38,cpu_usage,42.24
2026-02-21 04:38:38,cpu_usage,32.76
2026-02-21 05:38:38,cpu_usage,23.44
2026-02-21 06:38:38,cpu_usage,41.29
2026-02-21 07:38:38,cpu_usage,62.38
2026-02-21 08:38:38,cpu_usage,49.29
2026-02-21 09:38:38,cpu_usage,91.58
2026-02-21 10:38:38,cpu_usage,43.72
2026-02-21 11:38:38,cpu_usage,24.92
2026-02-21 12:38:38,cpu_usage,50.69
2026-02-21 13:38:38,cpu_usage,38.61
2026-02-21 14:38:38,cpu_usage,34.4
2026-02-21 15:38:38,cpu_usage,60.99
2026-02-21 16:38:38,cpu_usage,47.03
2026-02-21 17:38:38,cpu_usage,50.54
2026-02-21 18:38:38,cpu_usage,91.33
2026-02-21 19:38:38,cpu_usage,37.07
2026-02-21 20:38:38,cpu_usage,53.73
2026-02-21 21:38:38,cpu_usage,37.62
2026-02-21 22:38:38,cpu_usage,25.5
2026-02-21 23:38:38,cpu_usage,50.58
2026-02-22 00:38:38,cpu_usage,81.13
2026-02-22 01:38:38,cpu_usage,39.93
2026-02-22 02:38:38,cpu_usage,53.87
2026-02-22 03:38:38,cpu_usage,53.59
2026-02-22 04:38:38,cpu_usage,58.29
2026-02-22 05:38:38,cpu_usage,59.07
2026-02-22 06:38:38,cpu_usage,43.76
2026-02-22 07:38:38,cpu_usage,50.03
2026-02-22 08:38:38,cpu_usage,52.37
2026-02-22 09:38:38,cpu_usage,57.46
2026-02-22 10:38:38,cpu_usage,75.93
2026-02-22 11:38:38,cpu_usage,43.55
2026-02-22 12:38:38,cpu_usage,48.47
2026-02-22 13:38:38,cpu_usage,43.01
2026-02-22 14:38:38,cpu_usage,46.85
2026-02-22 15:38:38,cpu_usage,47.38
2026-02-22 16:38:38,cpu_usage,32.89
2026-02-22 17:38:38,cpu_usage,42.18
2026-02-22 18:38:38,cpu_usage,55.51
2026-02-22 19:38:38,cpu_usage,54.53
2026-02-22 20:38:38,cpu_usage,42.0
2026-02-22 21:38:38,cpu_usage,47.57
2026-02-22 22:38:38,cpu_usage,83.08
2026-02-22 23:38:38,cpu_usage,48.14
2026-02-23 00:38:38,cpu_usage,40.86
2026-02-23 01:38:38,cpu_usage,7.56
2026-02-23 02:38:38,cpu_usage,41.47
2026-02-23 03:38:38,cpu_usage,39.37
2026-02-23 04:38:38,cpu_usage,61.05
2026-02-23 05:38:38,cpu_usage,52.36
2026-02-23 06:38:38,cpu_usage,38.63
2026-02-23 07:38:38,cpu_usage,61.35
2026-02-23 08:38:38,cpu_usage,41.66
2026-02-23 09:38:38,cpu_usage,41.67
2026-02-23 10:38:38,cpu_usage,31.57
2026-02-23 11:38:38,cpu_usage,33.78
2026-02-23 12:38:38,cpu_usage,83.72
2026-02-23 13:38:38,cpu_usage,29.5
2026-02-23 14:38:38,cpu_usage,54.37
2026-02-23 15:38:38,cpu_usage,35.94
2026-02-23 16:38:38,cpu_usage,48.25
2026-02-23 17:38:38,cpu_usage,55.06
2026-02-23 18:38:38,cpu_usage,43.65
2026-02-23 19:38:38,cpu_usage,48.82
2026-02-23 20:38:38,cpu_usage,55.24
2026-02-23 21:38:38,cpu_usage,40.23
2026-02-23 22:38:38,cpu_usage,53.12
2026-02-23 23:38:38,cpu_usage,50.3
2026-02-24 00:38:38,cpu_usage,54.76
2026-02-24 01:38:38,cpu_usage,62.97
2026-02-24 02:38:38,cpu_usage,60.3
2026-02-24 03:38:38,cpu_usage,37.14
2026-02-24 04:38:38,cpu_usage,53.49
2026-02-24 05:38:38,cpu_usage,46.69
2026-02-24 06:38:38,cpu_usage,37.47
2026-02-24 07:38:38,cpu_usage,36.75
2026-02-24 08:38:38,cpu_usage,23.98
2026-02-24 09:38:38,cpu_usage,53.43
2026-02-24 10:38:38,cpu_usage,47.94
2026-02-24 11:38:38,cpu_usage,41.46
2026-02-24 12:38:38,cpu_usage,38.24
2026-02-24 13:38:38,cpu_usage,62.89
2026-02-24 14:38:38,cpu_usage,49.72
2026-02-24 15:38:38,cpu_usage,56.65
2026-02-24 16:38:38,cpu_usage,41.19
2026-02-24 17:38:38,cpu_usage,18.58
2026-02-24 18:38:38,cpu_usage,53.54
2026-02-24 19:38:38,cpu_usage,43.26
2026-02-24 20:38:38,cpu_usage,29.45
2026-02-24 21:38:38,cpu_usage,26.2
2026-02-24 22:38:38,cpu_usage,50.9
2026-02-24 23:38:38,cpu_usage,46.99
2026-02-25 00:38:38,cpu_usage,49.68
2026-02-25 01:38:38,cpu_usage,41.92
2026-02-25 02:38:38,cpu_usage,55.93
2026-02-25 03:38:38,cpu_usage,46.62
2026-02-25 04:38:38,cpu_usage,58.01
2026-02-25 05:38:38,cpu_usage,35.32
2026-02-25 06:38:38,cpu_usage,46.89
2026-02-25 07:38:38,cpu_usage,45.75
2026-02-25 08:38:38,cpu_usage,37.33
2026-02-25 09:38:38,cpu_usage,49.55
2026-02-25 10:38:38,cpu_usage,29.52
2026-02-25 11:38:38,cpu_usage,41.19
2026-02-25 12:38:38,cpu_usage,48.13
2026-02-25 13:38:38,cpu_usage,34.96
2026-02-25 14:38:38,cpu_usage,44.73
2026-02-25 15:38:38,cpu_usage,55.47
2026-02-25 16:38:38,cpu_usage,45.39
2026-02-25 17:38:38,cpu_usage,44.83
2026-02-25 18:38:38,cpu_usage,51.55
2026-02-25 19:38:38,cpu_usage,32.69
2026-02-25 20:38:38,cpu_usage,28.45
2026-02-25 21:38:38,cpu_usage,50.58
2026-02-25 22:38:38,cpu_usage,50.65
2026-02-25 23:38:38,cpu_usage,45.65
2026-02-26 00:38:38,cpu_usage,63.68
2026-02-26 01:38:38,cpu_usage,30.52
2026-02-26 02:38:38,cpu_usage,33.29
2026-02-26 03:38:38,cpu_usage,38.76
2026-02-26 04:38:38,cpu_usage,56.79
2026-02-26 05:38:38,cpu_usage,51.68
2026-02-26 06:38:38,cpu_usage,65.74
2026-02-26 07:38:38,cpu_usage,35.67
2026-02-26 08:38:38,cpu_usage,43.88
2026-02-26 09:38:38,cpu_usage,85.96
2026-02-26 10:38:38,cpu_usage,29.6
2026-02-26 11:38:38,cpu_usage,50.71
2026-02-26 12:38:38,cpu_usage,36.86
2026-02-26 13:38:38,cpu_usage,57.21
2026-02-26 14:38:38,cpu_usage,65.14
2026-02-26 15:38:38,cpu_usage,29.77
2026-02-26 16:38:38,cpu_usage,39.69
2026-02-26 17:38:38,cpu_usage,78.76
2026-02-26 18:38:38,cpu_usage,52.96
2026-02-26 19:38:38,cpu_usage,45.92
2026-02-26 20:38:38,cpu_usage,58.84
2026-02-26 21:38:38,cpu_usage,27.4
2026-02-26 22:38:38,cpu_usage,51.51
2026-02-26 23:38:38,cpu_usage,44.65
2026-02-27 00:38:38,cpu_usage,43.83
2026-02-27 01:38:38,cpu_usage,37.36
2026-02-27 02:38:38,cpu_usage,33.15
2026-02-27 03:38:38,cpu_usage,50.59
2026-02-27 04:38:38,cpu_usage,45.34
2026-02-27 05:38:38,cpu_usage,50.86
2026-02-27 06:38:38,cpu_usage,52.05
2026-02-27 07:38:38,cpu_usage,34.52
2026-02-27 08:38:38,cpu_usage,53.68
2026-02-27 09:38:38,cpu_usage,41.34
2026-02-27 10:38:38,cpu_usage,43.51
2026-02-27 11:38:38,cpu_usage,50.63
2026-02-27 12:38:38,cpu_usage,46.75
2026-02-27 13:38:38,cpu_usage,46.97
2026-02-27 14:38:38,cpu_usage,46.88
2026-02-27 15:38:38,cpu_usage,32.75
2026-02-27 16:38:38,cpu_usage,39.03
2026-02-27 17:38:38,cpu_usage,60.97
2026-02-27 18:38:38,cpu_usage,36.87
2026-02-27 19:38:38,cpu_usage,58.71
2026-02-27 20:38:38,cpu_usage,64.12
2026-02-27 21:38:38,cpu_usage,21.5
2026-02-27 22:38:38,cpu_usage,28.1
2026-02-27 23:38:38,cpu_usage,49.37
2026-02-28 00:38:38,cpu_usage,53.01
2026-02-28 01:38:38,cpu_usage,46.12
2026-02-28 02:38:38,cpu_usage,43.69
2026-02-28 03:38:38,cpu_usage,50.25
2026-02-28 04:38:38,cpu_usage,21.7
2026-02-28 05:38:38,cpu_usage,38.32
2026-02-28 06:38:38,cpu_usage,31.05
2026-02-28 07:38:38,cpu_usage,40.93
2026-02-28 08:38:38,cpu_usage,60.09
2026-02-28 09:38:38,cpu_usage,58.37
2026-02-28 10:38:38,cpu_usage,43.12
2026-02-28 11:38:38,cpu_usage,55.93
2026-02-28 12:38:38,cpu_usage,34.13
2026-02-28 13:38:38,cpu_usage,30.48
2026-02-28 14:38:38,cpu_usage,27.15
2026-02-28 15:38:38,cpu_usage,26.37
2026-02-28 16:38:38,cpu_usage,55.8
2026-02-28 17:38:38,cpu_usage,51.31
2026-02-28 18:38:38,cpu_usage,37.34
2026-02-28 19:38:38,cpu_usage,48.24
2026-02-28 20:38:38,cpu_usage,40.18
2026-02-28 21:38:38,cpu_usage,37.4
2026-02-28 22:38:38,cpu_usage,50.44
2026-02-28 23:38:38,cpu_usage,29.74
2026-03-01 00:38:38,cpu_usage,69.71
2026-03-01 01:38:38,cpu_usage,32.39
2026-03-01 02:38:38,cpu_usage,57.15
2026-03-01 03:38:38,cpu_usage,43.98
2026-03-01 04:38:38,cpu_usage,88.79
2026-03-01 05:38:38,cpu_usage,31.69
2026-03-01 06:38:38,cpu_usage,40.87
2026-03-01 07:38:38,cpu_usage,34.34
2026-03-01 08:38:38,cpu_usage,53.42
2026-03-01 09:38:38,cpu_usage,44.8
2026-03-01 10:38:38,cpu_usage,56.23
2026-03-01 11:38:38,cpu_usage,32.18
2026-03-01 12:38:38,cpu_usage,41.27
2026-03-01 13:38:38,cpu_usage,48.09
2026-03-01 14:38:38,cpu_usage,39.17
2026-03-01 15:38:38,cpu_usage,18.46
2026-03-01 16:38:38,cpu_usage,32.02
2026-03-01 17:38:38,cpu_usage,58.48
2026-03-01 18:38:38,cpu_usage,54.09
2026-03-01 19:38:38,cpu_usage,26.89
2026-03-01 20:38:38,cpu_usage,39.17
2026-03-01 21:38:38,cpu_usage,45.87
2026-03-01 22:38:38,cpu_usage,34.92
2026-03-01 23:38:38,cpu_usage,40.26
2026-03-02 00:38:38,cpu_usage,31.6
2026-03-02 01:38:38,cpu_usage,64.41
2026-03-02 02:38:38,cpu_usage,45.92
2026-03-02 03:38:38,cpu_usage,40.76
2026-03-02 04:38:38,cpu_usage,29.41
2026-03-02 05:38:38,cpu_usage,42.17
2026-03-02 06:38:38,cpu_usage,40.77
2026-03-02 07:38:38,cpu_usage,37.6
2026-03-02 08:38:38,cpu_usage,41.14
2026-03-02 09:38:38,cpu_usage,33.2
2026-03-02 10:38:38,cpu_usage,55.3
2026-03-02 11:38:38,cpu_usage,53.91
2026-03-02 12:38:38,cpu_usage,57.21
2026-03-02 13:38:38,cpu_usage,28.43
2026-03-02 14:38:38,cpu_usage,63.64
2026-03-02 15:38:38,cpu_usage,43.75
2026-03-02 16:38:38,cpu_usage,31.63
2026-03-02 17:38:38,cpu_usage,33.96
2026-03-02 18:38:38,cpu_usage,44.3
2026-03-02 19:38:38,cpu_usage,31.47
2026-03-02 20:38:38,cpu_usage,30.42
2026-03-02 21:38:38,cpu_usage,48.4
2026-03-02 22:38:38,cpu_usage,94.34
2026-03-02 23:38:38,cpu_usage,55.35
2026-03-03 00:38:38,cpu_usage,36.93
2026-03-03 01:38:38,cpu_usage,39.53
2026-03-03 02:38:38,cpu_usage,51.22
2026-03-03 03:38:38,cpu_usage,36.42
2026-03-03 04:38:38,cpu_usage,46.48
2026-03-03 05:38:38,cpu_usage,41.86
2026-03-03 06:38:38,cpu_usage,47.6
2026-03-03 07:38:38,cpu_usage,42.67
2026-03-03 08:38:38,cpu_usage,47.93
2026-03-03 09:38:38,cpu_usage,50.93
2026-03-03 10:38:38,cpu_usage,48.83
2026-03-03 11:38:38,cpu_usage,40.57
2026-03-03 12:38:38,cpu_usage,42.37
2026-03-03 13:38:38,cpu_usage,54.31
2026-03-03 14:38:38,cpu_usage,19.4
2026-03-03 15:38:38,cpu_usage,50.21
2026-03-03 16:38:38,cpu_usage,22.96
2026-03-03 17:38:38,cpu_usage,40.72
2026-03-03 18:38:38,cpu_usage,58.41
2026-03-03 19:38:38,cpu_usage,52.87
2026-03-03 20:38:38,cpu_usage,30.86
2026-03-03 21:38:38,cpu_usage,70.7
2026-03-03 22:38:38,cpu_usage,38.77
2026-03-03 23:38:38,cpu_usage,51.99
2026-03-04 00:38:38,cpu_usage,53.81
2026-03-04 01:38:38,cpu_usage,30.19
2026-03-04 02:38:38,cpu_usage,0.0
2026-03-04 03:38:38,cpu_usage,41.77
2026-03-04 04:38:38,cpu_usage,58.36
2026-03-04 05:38:38,cpu_usage,29.94
2026-03-04 06:38:38,cpu_usage,0.0
2026-03-04 07:38:38,cpu_usage,65.04
2026-03-04 08:38:38,cpu_usage,36.95
2026-03-04 09:38:38,cpu_usage,37.86
2026-03-04 10:38:38,cpu_usage,44.08
2026-03-04 11:38:38,cpu_usage,31.26
2026-03-04 12:38:38,cpu_usage,17.01
2026-03-04 13:38:38,cpu_usage,55.73
2026-03-04 14:38:38,cpu_usage,57.62
2026-03-04 15:38:38,cpu_usage,50.05
2026-03-04 16:38:38,cpu_usage,43.92
2026-03-04 17:38:38,cpu_usage,41.88
2026-03-04 18:38:38,cpu_usage,42.86
2026-03-04 19:38:38,cpu_usage,51.0
2026-03-04 20:38:38,cpu_usage,48.47
2026-03-04 21:38:38,cpu_usage,29.61
2026-03-04 22:38:38,cpu_usage,49.01
2026-03-04 23:38:38,cpu_usage,35.47
2026-03-05 00:38:38,cpu_usage,39.64
2026-03-05 01:38:38,cpu_usage,25.71
2026-03-05 02:38:38,cpu_usage,39.58
2026-03-05 03:38:38,cpu_usage,61.89
2026-03-05 04:38:38,cpu_usage,46.25
2026-03-05 05:38:38,cpu_usage,24.49
2026-03-05 06:38:38,cpu_usage,34.81
2026-03-05 07:38:38,cpu_usage,51.3
2026-03-05 08:38:38,cpu_usage,48.3
2026-03-05 09:38:38,cpu_usage,39.04
2026-03-05 10:38:38,cpu_usage,37.2
2026-03-05 11:38:38,cpu_usage,36.6
2026-03-05 12:38:38,cpu_usage,41.01
2026-03-05 13:38:38,cpu_usage,47.26
2026-03-05 14:38:38,cpu_usage,47.26
2026-03-05 15:38:38,cpu_usage,0.0
2026-03-05 16:38:38,cpu_usage,58.83
2026-03-05 17:38:38,cpu_usage,47.18
2026-03-05 18:38:38,cpu_usage,31.23
2026-03-05 19:38:38,cpu_usage,42.32
2026-03-05 20:38:38,cpu_usage,40.57
2026-03-05 21:38:38,cpu_usage,35.12
2026-03-05 22:38:38,cpu_usage,29.31
2026-03-05 23:38:38,cpu_usage,43.38
2026-03-06 00:38:38,cpu_usage,56.13
2026-03-06 01:38:38,cpu_usage,86.46
2026-03-06 02:38:38,cpu_usage,40.65
2026-03-06 03:38:38,cpu_usage,49.65
2026-03-06 04:38:38,cpu_usage,44.3
2026-03-06 05:38:38,cpu_usage,53.97
2026-03-06 06:38:38,cpu_usage,49.91
2026-03-06 07:38:38,cpu_usage,45.3
2026-03-06 08:38:38,cpu_usage,47.99
2026-03-06 09:38:38,cpu_usage,48.2
2026-03-06 10:38:38,cpu_usage,51.97
2026-03-06 11:38:38,cpu_usage,45.58
2026-03-06 12:38:38,cpu_usage,54.15
2026-03-06 13:38:38,cpu_usage,49.37
2026-03-06 14:38:38,cpu_usage,41.78
2026-03-06 15:38:38,cpu_usage,49.09
2026-03-06 16:38:38,cpu_usage,42.65
2026-03-06 17:38:38,cpu_usage,55.19
2026-03-06 18:38:38,cpu_usage,56.92
2026-03-06 19:38:38,cpu_usage,6.04
2026-03-06 20:38:38,cpu_usage,46.26
2026-03-06 21:38:38,cpu_usage,23.73
2026-03-06 22:38:38,cpu_usage,45.32
2026-03-06 23:38:38,cpu_usage,46.21
2026-03-07 00:38:38,cpu_usage,55.44
2026-03-07 01:38:38,cpu_usage,30.91
2026-03-07 02:38:38,cpu_usage,47.75
2026-03-07 03:38:38,cpu_usage,43.38
2026-03-07 04:38:38,cpu_usage,56.95
2026-03-07 05:38:38,cpu_usage,47.09
2026-03-07 06:38:38,cpu_usage,44.55
2026-03-07 07:38:38,cpu_usage,35.74
2026-03-07 08:38:38,cpu_usage,32.91
2026-03-07 09:38:38,cpu_usage,45.66
2026-03-07 10:38:38,cpu_usage,61.65
2026-03-07 11:38:38,cpu_usage,46.76
2026-03-07 12:38:38,cpu_usage,34.75
2026-03-07 13:38:38,cpu_usage,63.48
2026-03-07 14:38:38,cpu_usage,54.91
2026-03-07 15:38:38,cpu_usage,40.96
2026-03-07 16:38:38,cpu_usage,53.29
2026-03-07 17:38:38,cpu_usage,54.79
2026-03-07 18:38:38,cpu_usage,42.5
2026-03-07 19:38:38,cpu_usage,63.48
2026-03-07 20:38:38,cpu_usage,56.91
2026-03-07 21:38:38,cpu_usage,42.99
2026-03-07 22:38:38,cpu_usage,40.95
2026-03-07 23:38:38,cpu_usage,54.54
2026-03-08 00:38:38,cpu_usage,66.72
2026-03-08 01:38:38,cpu_usage,33.11
2026-03-08 02:38:38,cpu_usage,49.42
2026-03-08 03:38:38,cpu_usage,53.09
2026-03-08 04:38:38,cpu_usage,57.32
2026-03-08 05:38:38,cpu_usage,53.2
2026-03-08 06:38:38,cpu_usage,40.32
2026-03-08 07:38:38,cpu_usage,32.1
2026-03-08 08:38:38,cpu_usage,41.98
2026-03-08 09:38:38,cpu_usage,52.83
2026-03-08 10:38:38,cpu_usage,39.31
2026-03-08 11:38:38,cpu_usage,59.09
2026-03-08 12:38:38,cpu_usage,43.74
2026-03-08 13:38:38,cpu_usage,38.72
2026-03-08 14:38:38,cpu_usage,24.47
2026-03-08 15:38:38,cpu_usage,50.56
2026-03-08 16:38:38,cpu_usage,42.73
2026-03-08 17:38:38,cpu_usage,40.7
2026-03-08 18:38:38,cpu_usage,65.08
2026-03-08 19:38:38,cpu_usage,39.25
2026-03-08 20:38:38,cpu_usage,41.64
2026-03-08 21:38:38,cpu_usage,50.71
2026-03-08 22:38:38,cpu_usage,58.91
2026-03-08 23:38:38,cpu_usage,49.7
2026-03-09 00:38:38,cpu_usage,46.03
2026-03-09 01:38:38,cpu_usage,0.0
2026-03-09 02:38:38,cpu_usage,41.19
2026-03-09 03:38:38,cpu_usage,37.94
2026-03-09 04:38:38,cpu_usage,62.51
2026-03-09 05:38:38,cpu_usage,39.13
2026-03-09 06:38:38,cpu_usage,51.25
2026-03-09 07:38:38,cpu_usage,50.44
2026-03-09 08:38:38,cpu_usage,49.54
2026-03-09 09:38:38,cpu_usage,49.58
2026-03-09 10:38:38,cpu_usage,86.07
2026-03-09 11:38:38,cpu_usage,31.34
2026-03-09 12:38:38,cpu_usage,91.75
2026-03-09 13:38:38,cpu_usage,41.96
2026-03-09 14:38:38,cpu_usage,32.24
2026-03-09 15:38:38,cpu_usage,47.33
2026-03-09 16:38:38,cpu_usage,58.43
2026-03-09 17:38:38,cpu_usage,32.71
2026-03-09 18:38:38,cpu_usage,65.39
2026-03-09 19:38:38,cpu_usage,55.97
2026-03-09 20:38:38,cpu_usage,49.76
2026-03-09 21:38:38,cpu_usage,39.02
2026-03-09 22:38:38,cpu_usage,37.35
2026-03-09 23:38:38,cpu_usage,44.29
2026-03-10 00:38:38,cpu_usage,57.03
2026-03-10 01:38:38,cpu_usage,31.84
2026-03-10 02:38:38,cpu_usage,45.1
2026-03-10 03:38:38,cpu_usage,52.34
2026-03-10 04:38:38,cpu_usage,54.29
2026-03-10 05:38:38,cpu_usage,56.32
2026-03-10 06:38:38,cpu_usage,45.67
2026-03-10 07:38:38,cpu_usage,25.41
2026-03-10 08:38:38,cpu_usage,50.78
2026-03-10 09:38:38,cpu_usage,42.1
2026-03-10 10:38:38,cpu_usage,37.93
2026-03-10 11:38:38,cpu_usage,28.28
2026-03-10 12:38:38,cpu_usage,42.7
2026-03-10 13:38:38,cpu_usage,38.68
2026-03-10 14:38:38,cpu_usage,39.73
2026-03-10 15:38:38,cpu_usage,45.91
2026-03-10 16:38:38,cpu_usage,40.94
2026-03-10 17:38:38,cpu_usage,36.75
2026-03-10 18:38:38,cpu_usage,48.92
2026-03-10 19:38:38,cpu_usage,1.64
2026-03-10 20:38:38,cpu_usage,37.74
2026-03-10 21:38:38,cpu_usage,46.93
2026-03-10 22:38:38,cpu_usage,60.18
2026-03-10 23:38:38,cpu_usage,51.07
2026-03-11 00:38:38,cpu_usage,26.58
2026-03-11 01:38:38,cpu_usage,44.48
2026-03-11 02:38:38,cpu_usage,47.81
2026-03-11 03:38:38,cpu_usage,90.83
2026-03-11 04:38:38,cpu_usage,57.74
2026-03-11 05:38:38,cpu_usage,32.83
2026-03-11 06:38:38,cpu_usage,47.56
2026-03-11 07:38:38,cpu_usage,45.88
2026-03-11 08:38:38,cpu_usage,46.08
2026-03-11 09:38:38,cpu_usage,33.11
2026-03-11 10:38:38,cpu_usage,51.13
2026-03-11 11:38:38,cpu_usage,58.64
2026-03-11 12:38:38,cpu_usage,49.76
2026-03-11 13:38:38,cpu_usage,42.73
2026-03-11 14:38:38,cpu_usage,54.19
2026-03-11 15:38:38,cpu_usage,44.63
2026-03-11 16:38:38,cpu_usage,64.04
2026-03-11 17:38:38,cpu_usage,38.55
2026-03-11 18:38:38,cpu_usage,34.91
2026-03-11 19:38:38,cpu_usage,47.81
2026-03-11 20:38:38,cpu_usage,44.82
2026-03-11 21:38:38,cpu_usage,88.59
2026-03-11 22:38:38,cpu_usage,36.77
2026-03-11 23:38:38,cpu_usage,56.31
2026-03-12 00:38:38,cpu_usage,33.57
2026-03-12 01:38:38,cpu_usage,44.35
2026-03-12 02:38:38,cpu_usage,49.48
2026-03-12 03:38:38,cpu_usage,31.8
2026-03-12 04:38:38,cpu_usage,48.86
2026-03-12 05:38:38,cpu_usage,49.55
2026-03-12 06:38:38,cpu_usage,32.72
2025-12-12 07:38:38,memory_usage,59.03
2025-12-12 08:38:38,memory_usage,62.82
2025-12-12 09:38:38,memory_usage,71.69
2025-12-12 10:38:38,memory_usage,60.02
2025-12-12 11:38:38,memory_usage,50.76
2025-12-12 12:38:38,memory_usage,49.74
2025-12-12 13:38:38,memory_usage,56.78
2025-12-12 14:38:38,memory_usage,62.92
2025-12-12 15:38:38,memory_usage,64.46
2025-12-12 16:38:38,memory_usage,51.27
2025-12-12 17:38:38,memory_usage,63.43
2025-12-12 18:38:38,memory_usage,44.05
2025-12-12 19:38:38,memory_usage,55.8
2025-12-12 20:38:38,memory_usage,63.24
2025-12-12 21:38:38,memory_usage,69.43
2025-12-12 22:38:38,memory_usage,48.47
2025-12-12 23:38:38,memory_usage,62.26
2025-12-13 00:38:38,memory_usage,57.63
2025-12-13 01:38:38,memory_usage,46.85
2025-12-13 02:38:38,memory_usage,49.54
2025-12-13 03:38:38,memory_usage,61.85
2025-12-13 04:38:38,memory_usage,74.52
2025-12-13 05:38:38,memory_usage,60.23
2025-12-13 06:38:38,memory_usage,82.1
2025-12-13 07:38:38,memory_usage,65.23
2025-12-13 08:38:38,memory_usage,53.98
2025-12-13 09:38:38,memory_usage,66.92
2025-12-13 10:38:38,memory_usage,50.94
2025-12-13 11:38:38,memory_usage,61.05
2025-12-13 12:38:38,memory_usage,61.2
2025-12-13 13:38:38,memory_usage,61.0
2025-12-13 14:38:38,memory_usage,50.33
2025-12-13 15:38:38,memory_usage,40.22
2025-12-13 16:38:38,memory_usage,66.25
2025-12-13 17:38:38,memory_usage,57.85
2025-12-13 18:38:38,memory_usage,62.85
2025-12-13 19:38:38,memory_usage,71.42
2025-12-13 20:38:38,memory_usage,62.97
2025-12-13 21:38:38,memory_usage,50.82
2025-12-13 22:38:38,memory_usage,58.28
2025-12-13 23:38:38,memory_usage,58.75
2025-12-14 00:38:38,memory_usage,70.06
2025-12-14 01:38:38,memory_usage,47.29
2025-12-14 02:38:38,memory_usage,63.19
2025-12-14 03:38:38,memory_usage,51.9
2025-12-14 04:38:38,memory_usage,55.72
2025-12-14 05:38:38,memory_usage,66.04
2025-12-14 06:38:38,memory_usage,61.67
2025-12-14 07:38:38,memory_usage,60.03
2025-12-14 08:38:38,memory_usage,58.24
2025-12-14 09:38:38,memory_usage,65.84
2025-12-14 10:38:38,memory_usage,23.34
2025-12-14 11:38:38,memory_usage,43.99
2025-12-14 12:38:38,memory_usage,66.75
2025-12-14 13:38:38,memory_usage,69.66
2025-12-14 14:38:38,memory_usage,64.92
2025-12-14 15:38:38,memory_usage,49.38
2025-12-14 16:38:38,memory_usage,50.73
2025-12-14 17:38:38,memory_usage,55.01
2025-12-14 18:38:38,memory_usage,55.18
2025-12-14 19:38:38,memory_usage,42.11
2025-12-14 20:38:38,memory_usage,68.32
2025-12-14 21:38:38,memory_usage,71.35
2025-12-14 22:38:38,memory_usage,58.27
2025-12-14 23:38:38,memory_usage,90.29
2025-12-15 00:38:38,memory_usage,57.33
2025-12-15 01:38:38,memory_usage,65.49
2025-12-15 02:38:38,memory_usage,54.87
2025-12-15 03:38:38,memory_usage,53.14
2025-12-15 04:38:38,memory_usage,56.92
2025-12-15 05:38:38,memory_usage,64.45
2025-12-15 06:38:38,memory_usage,76.43
2025-12-15 07:38:38,memory_usage,64.25
2025-12-15 08:38:38,memory_usage,51.41
2025-12-15 09:38:38,memory_usage,62.57
2025-12-15 10:38:38,memory_usage,60.93
2025-12-15 11:38:38,memory_usage,60.47
2025-12-15 12:38:38,memory_usage,50.18
2025-12-15 13:38:38,memory_usage,62.55
2025-12-15 14:38:38,memory_usage,59.83
2025-12-15 15:38:38,memory_usage,97.26
2025-12-15 16:38:38,memory_usage,73.7
2025-12-15 17:38:38,memory_usage,51.02
2025-12-15 18:38:38,memory_usage,54.03
2025-12-15 19:38:38,memory_usage,65.9
2025-12-15 20:38:38,memory_usage,44.9
2025-12-15 21:38:38,memory_usage,61.33
2025-12-15 22:38:38,memory_usage,34.74
2025-12-15 23:38:38,memory_usage,65.02
2025-12-16 00:38:38,memory_usage,59.17
2025-12-16 01:38:38,memory_usage,61.79
2025-12-16 02:38:38,memory_usage,53.23
2025-12-16 03:38:38,memory_usage,59.66
2025-12-16 04:38:38,memory_usage,69.11
2025-12-16 05:38:38,memory_usage,68.8
2025-12-16 06:38:38,memory_usage,72.64
2025-12-16 07:38:38,memory_usage,66.9
2025-12-16 08:38:38,memory_usage,62.48
2025-12-16 09:38:38,memory_usage,66.44
2025-12-16 10:38:38,memory_usage,50.92
2025-12-16 11:38:38,memory_usage,65.79
2025-12-16 12:38:38,memory_usage,67.19
2025-12-16 13:38:38,memory_usage,59.53
2025-12-16 14:38:38,memory_usage,60.38
2025-12-16 15:38:38,memory_usage,57.87
2025-12-16 16:38:38,memory_usage,59.29
2025-12-16 17:38:38,memory_usage,61.31
2025-12-16 18:38:38,memory_usage,62.12
2025-12-16 19:38:38,memory_usage,53.34
2025-12-16 20:38:38,memory_usage,54.6
2025-12-16 21:38:38,memory_usage,65.03
2025-12-16 22:38:38,memory_usage,62.86
2025-12-16 23:38:38,memory_usage,91.58
2025-12-17 00:38:38,memory_usage,58.94
2025-12-17 01:38:38,memory_usage,64.47
2025-12-17 02:38:38,memory_usage,69.02
2025-12-17 03:38:38,memory_usage,52.41
2025-12-17 04:38:38,memory_usage,57.66
2025-12-17 05:38:38,memory_usage,65.23
2025-12-17 06:38:38,memory_usage,61.19
2025-12-17 07:38:38,memory_usage,67.12
2025-12-17 08:38:38,memory_usage,68.22
2025-12-17 09:38:38,memory_usage,62.31
2025-12-17 10:38:38,memory_usage,69.85
2025-12-17 11:38:38,memory_usage,67.14
2025-12-17 12:38:38,memory_usage,75.67
2025-12-17 13:38:38,memory_usage,79.77
2025-12-17 14:38:38,memory_usage,55.82
2025-12-17 15:38:38,memory_usage,65.26
2025-12-17 16:38:38,memory_usage,45.11
2025-12-17 17:38:38,memory_usage,57.11
2025-12-17 18:38:38,memory_usage,57.03
2025-12-17 19:38:38,memory_usage,64.31
2025-12-17 20:38:38,memory_usage,73.63
2025-12-17 21:38:38,memory_usage,66.24
2025-12-17 22:38:38,memory_usage,51.22
2025-12-17 23:38:38,memory_usage,62.04
2025-12-18 00:38:38,memory_usage,28.72
2025-12-18 01:38:38,memory_usage,52.15
2025-12-18 02:38:38,memory_usage,87.96
2025-12-18 03:38:38,memory_usage,72.49
2025-12-18 04:38:38,memory_usage,54.37
2025-12-18 05:38:38,memory_usage,66.04
2025-12-18 06:38:38,memory_usage,60.49
2025-12-18 07:38:38,memory_usage,59.53
2025-12-18 08:38:38,memory_usage,50.12
2025-12-18 09:38:38,memory_usage,43.48
2025-12-18 10:38:38,memory_usage,68.06
2025-12-18 11:38:38,memory_usage,54.11
2025-12-18 12:38:38,memory_usage,63.73
2025-12-18 13:38:38,memory_usage,56.49
2025-12-18 14:38:38,memory_usage,57.38
2025-12-18 15:38:38,memory_usage,54.43
2025-12-18 16:38:38,memory_usage,49.08
2025-12-18 17:38:38,memory_usage,53.73
2025-12-18 18:38:38,memory_usage,65.51
2025-12-18 19:38:38,memory_usage,60.26
2025-12-18 20:38:38,memory_usage,62.14
2025-12-18 21:38:38,memory_usage,55.22
2025-12-18 22:38:38,memory_usage,56.69
2025-12-18 23:38:38,memory_usage,55.8
2025-12-19 00:38:38,memory_usage,86.25
2025-12-19 01:38:38,memory_usage,58.85
2025-12-19 02:38:38,memory_usage,61.35
2025-12-19 03:38:38,memory_usage,52.6
2025-12-19 04:38:38,memory_usage,56.28
2025-12-19 05:38:38,memory_usage,51.74
2025-12-19 06:38:38,memory_usage,61.1
2025-12-19 07:38:38,memory_usage,66.94
2025-12-19 08:38:38,memory_usage,67.98
2025-12-19 09:38:38,memory_usage,62.21
2025-12-19 10:38:38,memory_usage,64.53
2025-12-19 11:38:38,memory_usage,62.09
2025-12-19 12:38:38,memory_usage,69.87
2025-12-19 13:38:38,memory_usage,68.76
2025-12-19 14:38:38,memory_usage,48.22
2025-12-19 15:38:38,memory_usage,47.49
2025-12-19 16:38:38,memory_usage,58.5
2025-12-19 17:38:38,memory_usage,66.4
2025-12-19 18:38:38,memory_usage,69.54
2025-12-19 19:38:38,memory_usage,57.24
2025-12-19 20:38:38,memory_usage,58.3
2025-12-19 21:38:38,memory_usage,57.68
2025-12-19 22:38:38,memory_usage,59.37
2025-12-19 23:38:38,memory_usage,61.27
2025-12-20 00:38:38,memory_usage,56.4
2025-12-20 01:38:38,memory_usage,57.65
2025-12-20 02:38:38,memory_usage,63.07
2025-12-20 03:38:38,memory_usage,50.14
2025-12-20 04:38:38,memory_usage,74.84
2025-12-20 05:38:38,memory_usage,77.21
2025-12-20 06:38:38,memory_usage,66.16
2025-12-20 07:38:38,memory_usage,70.89
2025-12-20 08:38:38,memory_usage,52.96
2025-12-20 09:38:38,memory_usage,55.31
2025-12-20 10:38:38,memory_usage,41.92
2025-12-20 11:38:38,memory_usage,60.39
2025-12-20 12:38:38,memory_usage,60.62
2025-12-20 13:38:38,memory_usage,62.23
2025-12-20 14:38:38,memory_usage,90.88
2025-12-20 15:38:38,memory_usage,61.72
2025-12-20 16:38:38,memory_usage,75.55
2025-12-20 17:38:38,memory_usage,58.25
2025-12-20 18:38:38,memory_usage,80.16
2025-12-20 19:38:38,memory_usage,53.86
2025-12-20 20:38:38,memory_usage,48.34
2025-12-20 21:38:38,memory_usage,52.07
2025-12-20 22:38:38,memory_usage,39.38
2025-12-20 23:38:38,memory_usage,62.47
2025-12-21 00:38:38,memory_usage,50.92
2025-12-21 01:38:38,memory_usage,73.17
2025-12-21 02:38:38,memory_usage,58.57
2025-12-21 03:38:38,memory_usage,61.4
2025-12-21 04:38:38,memory_usage,39.98
2025-12-21 05:38:38,memory_usage,59.75
2025-12-21 06:38:38,memory_usage,60.96
2025-12-21 07:38:38,memory_usage,49.66
2025-12-21 08:38:38,memory_usage,64.11
2025-12-21 09:38:38,memory_usage,63.06
2025-12-21 10:38:38,memory_usage,56.34
2025-12-21 11:38:38,memory_usage,50.81
2025-12-21 12:38:38,memory_usage,75.15
2025-12-21 13:38:38,memory_usage,61.2
2025-12-21 14:38:38,memory_usage,60.49
2025-12-21 15:38:38,memory_usage,63.29
2025-12-21 16:38:38,memory_usage,57.81
2025-12-21 17:38:38,memory_usage,64.67
2025-12-21 18:38:38,memory_usage,60.44
2025-12-21 19:38:38,memory_usage,54.61
2025-12-21 20:38:38,memory_usage,85.05
2025-12-21 21:38:38,memory_usage,57.18
2025-12-21 22:38:38,memory_usage,53.16
2025-12-21 23:38:38,memory_usage,54.79
2025-12-22 00:38:38,memory_usage,57.16
2025-12-22 01:38:38,memory_usage,56.22
2025-12-22 02:38:38,memory_usage,62.95
2025-12-22 03:38:38,memory_usage,61.89
2025-12-22 04:38:38,memory_usage,73.89
2025-12-22 05:38:38,memory_usage,60.72
2025-12-22 06:38:38,memory_usage,54.42
2025-12-22 07:38:38,memory_usage,80.81
2025-12-22 08:38:38,memory_usage,70.48
2025-12-22 09:38:38,memory_usage,51.34
2025-12-22 10:38:38,memory_usage,51.63
2025-12-22 11:38:38,memory_usage,58.75
2025-12-22 12:38:38,memory_usage,57.7
2025-12-22 13:38:38,memory_usage,43.74
2025-12-22 14:38:38,memory_usage,71.33
2025-12-22 15:38:38,memory_usage,45.9
2025-12-22 16:38:38,memory_usage,45.87
2025-12-22 17:38:38,memory_usage,50.24
2025-12-22 18:38:38,memory_usage,49.93
2025-12-22 19:38:38,memory_usage,64.35
2025-12-22 20:38:38,memory_usage,57.64
2025-12-22 21:38:38,memory_usage,50.26
2025-12-22 22:38:38,memory_usage,69.48
2025-12-22 23:38:38,memory_usage,71.35
2025-12-23 00:38:38,memory_usage,55.81
2025-12-23 01:38:38,memory_usage,64.68
2025-12-23 02:38:38,memory_usage,41.93
2025-12-23 03:38:38,memory_usage,70.76
2025-12-23 04:38:38,memory_usage,67.4
2025-12-23 05:38:38,memory_usage,25.89
2025-12-23 06:38:38,memory_usage,73.15
2025-12-23 07:38:38,memory_usage,70.53
2025-12-23 08:38:38,memory_usage,58.41
2025-12-23 09:38:38,memory_usage,70.2
2025-12-23 10:38:38,memory_usage,67.4
2025-12-23 11:38:38,memory_usage,55.74
2025-12-23 12:38:38,memory_usage,53.45
2025-12-23 13:38:38,memory_usage,52.85
2025-12-23 14:38:38,memory_usage,51.17
2025-12-23 15:38:38,memory_usage,69.29
2025-12-23 16:38:38,memory_usage,58.52
2025-12-23 17:38:38,memory_usage,73.49
2025-12-23 18:38:38,memory_usage,54.83
2025-12-23 19:38:38,memory_usage,56.17
2025-12-23 20:38:38,memory_usage,64.13
2025-12-23 21:38:38,memory_usage,72.97
2025-12-23 22:38:38,memory_usage,55.84
2025-12-23 23:38:38,memory_usage,66.39
2025-12-24 00:38:38,memory_usage,60.05
2025-12-24 01:38:38,memory_usage,64.22
2025-12-24 02:38:38,memory_usage,53.85
2025-12-24 03:38:38,memory_usage,65.49
2025-12-24 04:38:38,memory_usage,31.03
2025-12-24 05:38:38,memory_usage,61.86
2025-12-24 06:38:38,memory_usage,71.97
2025-12-24 07:38:38,memory_usage,59.92
2025-12-24 08:38:38,memory_usage,62.25
2025-12-24 09:38:38,memory_usage,64.7
2025-12-24 10:38:38,memory_usage,64.37
2025-12-24 11:38:38,memory_usage,61.13
2025-12-24 12:38:38,memory_usage,61.33
2025-12-24 13:38:38,memory_usage,53.2
2025-12-24 14:38:38,memory_usage,65.63
2025-12-24 15:38:38,memory_usage,59.56
2025-12-24 16:38:38,memory_usage,58.85
2025-12-24 17:38:38,memory_usage,52.5
2025-12-24 18:38:38,memory_usage,53.38
2025-12-24 19:38:38,memory_usage,63.11
2025-12-24 20:38:38,memory_usage,72.81
2025-12-24 21:38:38,memory_usage,47.3
2025-12-24 22:38:38,memory_usage,56.5
2025-12-24 23:38:38,memory_usage,50.84
2025-12-25 00:38:38,memory_usage,66.87
2025-12-25 01:38:38,memory_usage,50.73
2025-12-25 02:38:38,memory_usage,53.16
2025-12-25 03:38:38,memory_usage,57.32
2025-12-25 04:38:38,memory_usage,73.82
2025-12-25 05:38:38,memory_usage,59.53
2025-12-25 06:38:38,memory_usage,61.68
2025-12-25 07:38:38,memory_usage,63.02
2025-12-25 08:38:38,memory_usage,57.06
2025-12-25 09:38:38,memory_usage,45.0
2025-12-25 10:38:38,memory_usage,65.71
2025-12-25 11:38:38,memory_usage,53.2
2025-12-25 12:38:38,memory_usage,72.12
2025-12-25 13:38:38,memory_usage,50.5
2025-12-25 14:38:38,memory_usage,57.66
2025-12-25 15:38:38,memory_usage,58.62
2025-12-25 16:38:38,memory_usage,60.92
2025-12-25 17:38:38,memory_usage,61.77
2025-12-25 18:38:38,memory_usage,46.14
2025-12-25 19:38:38,memory_usage,57.71
2025-12-25 20:38:38,memory_usage,55.99
2025-12-25 21:38:38,memory_usage,51.37
2025-12-25 22:38:38,memory_usage,66.75
2025-12-25 23:38:38,memory_usage,67.03
2025-12-26 00:38:38,memory_usage,55.59
2025-12-26 01:38:38,memory_usage,64.32
2025-12-26 02:38:38,memory_usage,71.57
2025-12-26 03:38:38,memory_usage,57.79
2025-12-26 04:38:38,memory_usage,61.84
2025-12-26 05:38:38,memory_usage,52.66
2025-12-26 06:38:38,memory_usage,44.79
2025-12-26 07:38:38,memory_usage,68.36
2025-12-26 08:38:38,memory_usage,20.49
2025-12-26 09:38:38,memory_usage,55.92
2025-12-26 10:38:38,memory_usage,55.19
2025-12-26 11:38:38,memory_usage,75.85
2025-12-26 12:38:38,memory_usage,47.68
2025-12-26 13:38:38,memory_usage,64.55
2025-12-26 14:38:38,memory_usage,60.42
2025-12-26 15:38:38,memory_usage,97.87
2025-12-26 16:38:38,memory_usage,60.99
2025-12-26 17:38:38,memory_usage,25.54
2025-12-26 18:38:38,memory_usage,44.68
2025-12-26 19:38:38,memory_usage,53.81
2025-12-26 20:38:38,memory_usage,58.21
2025-12-26 21:38:38,memory_usage,61.15
2025-12-26 22:38:38,memory_usage,64.6
2025-12-26 23:38:38,memory_usage,58.63
2025-12-27 00:38:38,memory_usage,58.83
2025-12-27 01:38:38,memory_usage,78.79
2025-12-27 02:38:38,memory_usage,67.6
2025-12-27 03:38:38,memory_usage,57.32
2025-12-27 04:38:38,memory_usage,58.92
2025-12-27 05:38:38,memory_usage,74.49
2025-12-27 06:38:38,memory_usage,64.63
2025-12-27 07:38:38,memory_usage,68.72
2025-12-27 08:38:38,memory_usage,57.13
2025-12-27 09:38:38,memory_usage,56.24
2025-12-27 10:38:38,memory_usage,71.99
2025-12-27 11:38:38,memory_usage,59.49
2025-12-27 12:38:38,memory_usage,59.37
2025-12-27 13:38:38,memory_usage,56.63
2025-12-27 14:38:38,memory_usage,68.36
2025-12-27 15:38:38,memory_usage,69.24
2025-12-27 16:38:38,memory_usage,61.55
2025-12-27 17:38:38,memory_usage,34.41
2025-12-27 18:38:38,memory_usage,55.78
2025-12-27 19:38:38,memory_usage,47.38
2025-12-27 20:38:38,memory_usage,60.04
2025-12-27 21:38:38,memory_usage,65.77
2025-12-27 22:38:38,memory_usage,62.14
2025-12-27 23:38:38,memory_usage,63.15
2025-12-28 00:38:38,memory_usage,68.25
2025-12-28 01:38:38,memory_usage,55.13
2025-12-28 02:38:38,memory_usage,55.3
2025-12-28 03:38:38,memory_usage,51.65
2025-12-28 04:38:38,memory_usage,66.27
2025-12-28 05:38:38,memory_usage,64.22
2025-12-28 06:38:38,memory_usage,46.68
2025-12-28 07:38:38,memory_usage,62.54
2025-12-28 08:38:38,memory_usage,68.61
2025-12-28 09:38:38,memory_usage,57.45
2025-12-28 10:38:38,memory_usage,48.86
2025-12-28 11:38:38,memory_usage,71.55
2025-12-28 12:38:38,memory_usage,54.28
2025-12-28 13:38:38,memory_usage,46.69
2025-12-28 14:38:38,memory_usage,51.61
2025-12-28 15:38:38,memory_usage,57.11
2025-12-28 16:38:38,memory_usage,55.18
2025-12-28 17:38:38,memory_usage,59.8
2025-12-28 18:38:38,memory_usage,61.45
2025-12-28 19:38:38,memory_usage,59.32
2025-12-28 20:38:38,memory_usage,56.32
2025-12-28 21:38:38,memory_usage,52.09
2025-12-28 22:38:38,memory_usage,53.33
2025-12-28 23:38:38,memory_usage,62.45
2025-12-29 00:38:38,memory_usage,60.22
2025-12-29 01:38:38,memory_usage,68.95
2025-12-29 02:38:38,memory_usage,57.92
2025-12-29 03:38:38,memory_usage,56.18
2025-12-29 04:38:38,memory_usage,51.55
2025-12-29 05:38:38,memory_usage,64.85
2025-12-29 06:38:38,memory_usage,31.34
2025-12-29 07:38:38,memory_usage,61.54
2025-12-29 08:38:38,memory_usage,47.44
2025-12-29 09:38:38,memory_usage,53.12
2025-12-29 10:38:38,memory_usage,70.4
2025-12-29 11:38:38,memory_usage,61.49
2025-12-29 12:38:38,memory_usage,48.24
2025-12-29 13:38:38,memory_usage,65.29
2025-12-29 14:38:38,memory_usage,77.26
2025-12-29 15:38:38,memory_usage,44.49
2025-12-29 16:38:38,memory_usage,61.02
2025-12-29 17:38:38,memory_usage,60.01
2025-12-29 18:38:38,memory_usage,78.24
2025-12-29 19:38:38,memory_usage,68.04
2025-12-29 20:38:38,memory_usage,59.58
2025-12-29 21:38:38,memory_usage,66.63
2025-12-29 22:38:38,memory_usage,45.06
2025-12-29 23:38:38,memory_usage,59.92
2025-12-30 00:38:38,memory_usage,54.78
2025-12-30 01:38:38,memory_usage,60.83
2025-12-30 02:38:38,memory_usage,44.24
2025-12-30 03:38:38,memory_usage,65.06
2025-12-30 04:38:38,memory_usage,63.46
2025-12-30 05:38:38,memory_usage,23.04
2025-12-30 06:38:38,memory_usage,56.41
2025-12-30 07:38:38,memory_usage,61.73
2025-12-30 08:38:38,memory_usage,70.22
2025-12-30 09:38:38,memory_usage,71.39
2025-12-30 10:38:38,memory_usage,50.73
2025-12-30 11:38:38,memory_usage,63.1
2025-12-30 12:38:38,memory_usage,53.51
2025-12-30 13:38:38,memory_usage,48.64
2025-12-30 14:38:38,memory_usage,63.84
2025-12-30 15:38:38,memory_usage,62.33
2025-12-30 16:38:38,memory_usage,91.62
2025-12-30 17:38:38,memory_usage,97.71
2025-12-30 18:38:38,memory_usage,64.89
2025-12-30 19:38:38,memory_usage,55.98
2025-12-30 20:38:38,memory_usage,63.83
2025-12-30 21:38:38,memory_usage,63.0
2025-12-30 22:38:38,memory_usage,43.52
2025-12-30 23:38:38,memory_usage,41.94
2025-12-31 00:38:38,memory_usage,59.23
2025-12-31 01:38:38,memory_usage,68.07
2025-12-31 02:38:38,memory_usage,70.4
2025-12-31 03:38:38,memory_usage,69.66
2025-12-31 04:38:38,memory_usage,42.82
2025-12-31 05:38:38,memory_usage,72.15
2025-12-31 06:38:38,memory_usage,62.29
2025-12-31 07:38:38,memory_usage,47.22
2025-12-31 08:38:38,memory_usage,54.82
2025-12-31 09:38:38,memory_usage,78.58
2025-12-31 10:38:38,memory_usage,48.45
2025-12-31 11:38:38,memory_usage,57.72
2025-12-31 12:38:38,memory_usage,66.21
2025-12-31 13:38:38,memory_usage,65.44
2025-12-31 14:38:38,memory_usage,67.84
2025-12-31 15:38:38,memory_usage,60.69
2025-12-31 16:38:38,memory_usage,74.22
2025-12-31 17:38:38,memory_usage,50.98
2025-12-31 18:38:38,memory_usage,52.12
2025-12-31 19:38:38,memory_usage,53.56
2025-12-31 20:38:38,memory_usage,71.92
2025-12-31 21:38:38,memory_usage,65.12
2025-12-31 22:38:38,memory_usage,51.87
2025-12-31 23:38:38,memory_usage,57.78
2026-01-01 00:38:38,memory_usage,63.99
2026-01-01 01:38:38,memory_usage,58.55
2026-01-01 02:38:38,memory_usage,40.5
2026-01-01 03:38:38,memory_usage,71.99
2026-01-01 04:38:38,memory_usage,54.46
2026-01-01 05:38:38,memory_usage,69.17
2026-01-01 06:38:38,memory_usage,63.63
2026-01-01 07:38:38,memory_usage,59.67
2026-01-01 08:38:38,memory_usage,46.54
2026-01-01 09:38:38,memory_usage,63.1
2026-01-01 10:38:38,memory_usage,74.59
2026-01-01 11:38:38,memory_usage,56.99
2026-01-01 12:38:38,memory_usage,60.6
2026-01-01 13:38:38,memory_usage,50.94
2026-01-01 14:38:38,memory_usage,49.45
2026-01-01 15:38:38,memory_usage,59.1
2026-01-01 16:38:38,memory_usage,57.97
2026-01-01 17:38:38,memory_usage,60.62
2026-01-01 18:38:38,memory_usage,40.5
2026-01-01 19:38:38,memory_usage,49.46
2026-01-01 20:38:38,memory_usage,26.13
2026-01-01 21:38:38,memory_usage,61.0
2026-01-01 22:38:38,memory_usage,58.55
2026-01-01 23:38:38,memory_usage,51.23
2026-01-02 00:38:38,memory_usage,66.1
2026-01-02 01:38:38,memory_usage,55.82
2026-01-02 02:38:38,memory_usage,54.06
2026-01-02 03:38:38,memory_usage,65.23
2026-01-02 04:38:38,memory_usage,58.48
2026-01-02 05:38:38,memory_usage,52.24
2026-01-02 06:38:38,memory_usage,65.92
2026-01-02 07:38:38,memory_usage,60.72
2026-01-02 08:38:38,memory_usage,66.02
2026-01-02 09:38:38,memory_usage,58.87
2026-01-02 10:38:38,memory_usage,80.73
2026-01-02 11:38:38,memory_usage,47.09
2026-01-02 12:38:38,memory_usage,79.43
2026-01-02 13:38:38,memory_usage,55.17
2026-01-02 14:38:38,memory_usage,47.45
2026-01-02 15:38:38,memory_usage,61.46
2026-01-02 16:38:38,memory_usage,68.97
2026-01-02 17:38:38,memory_usage,63.07
2026-01-02 18:38:38,memory_usage,45.96
2026-01-02 19:38:38,memory_usage,46.7
2026-01-02 20:38:38,memory_usage,48.02
2026-01-02 21:38:38,memory_usage,54.48
2026-01-02 22:38:38,memory_usage,49.05
2026-01-02 23:38:38,memory_usage,57.59
2026-01-03 00:38:38,memory_usage,44.8
2026-01-03 01:38:38,memory_usage,58.1
2026-01-03 02:38:38,memory_usage,62.63
2026-01-03 03:38:38,memory_usage,68.95
2026-01-03 04:38:38,memory_usage,61.32
2026-01-03 05:38:38,memory_usage,70.85
2026-01-03 06:38:38,memory_usage,61.33
2026-01-03 07:38:38,memory_usage,50.07
2026-01-03 08:38:38,memory_usage,56.8
2026-01-03 09:38:38,memory_usage,54.1
2026-01-03 10:38:38,memory_usage,60.2
2026-01-03 11:38:38,memory_usage,43.06
2026-01-03 12:38:38,memory_usage,69.97
2026-01-03 13:38:38,memory_usage,64.87
2026-01-03 14:38:38,memory_usage,59.53
2026-01-03 15:38:38,memory_usage,80.15
2026-01-03 16:38:38,memory_usage,74.24
2026-01-03 17:38:38,memory_usage,64.04
2026-01-03 18:38:38,memory_usage,59.84
2026-01-03 19:38:38,memory_usage,57.55
2026-01-03 20:38:38,memory_usage,56.96
2026-01-03 21:38:38,memory_usage,53.86
2026-01-03 22:38:38,memory_usage,53.91
2026-01-03 23:38:38,memory_usage,59.06
2026-01-04 00:38:38,memory_usage,68.26
2026-01-04 01:38:38,memory_usage,58.97
2026-01-04 02:38:38,memory_usage,21.84
2026-01-04 03:38:38,memory_usage,47.85
2026-01-04 04:38:38,memory_usage,63.81
2026-01-04 05:38:38,memory_usage,68.32
2026-01-04 06:38:38,memory_usage,53.18
2026-01-04 07:38:38,memory_usage,70.32
2026-01-04 08:38:38,memory_usage,61.06
2026-01-04 09:38:38,memory_usage,56.03
2026-01-04 10:38:38,memory_usage,57.45
2026-01-04 11:38:38,memory_usage,67.99
2026-01-04 12:38:38,memory_usage,61.9
2026-01-04 13:38:38,memory_usage,55.79
2026-01-04 14:38:38,memory_usage,61.02
2026-01-04 15:38:38,memory_usage,56.94
2026-01-04 16:38:38,memory_usage,60.38
2026-01-04 17:38:38,memory_usage,78.37
2026-01-04 18:38:38,memory_usage,70.28
2026-01-04 19:38:38,memory_usage,65.51
2026-01-04 20:38:38,memory_usage,51.19
2026-01-04 21:38:38,memory_usage,40.86
2026-01-04 22:38:38,memory_usage,58.83
2026-01-04 23:38:38,memory_usage,59.92
2026-01-05 00:38:38,memory_usage,43.04
2026-01-05 01:38:38,memory_usage,65.43
2026-01-05 02:38:38,memory_usage,47.17
2026-01-05 03:38:38,memory_usage,53.81
2026-01-05 04:38:38,memory_usage,71.68
2026-01-05 05:38:38,memory_usage,91.54
2026-01-05 06:38:38,memory_usage,55.75
2026-01-05 07:38:38,memory_usage,46.06
2026-01-05 08:38:38,memory_usage,56.36
2026-01-05 09:38:38,memory_usage,57.93
2026-01-05 10:38:38,memory_usage,56.02
2026-01-05 11:38:38,memory_usage,66.82
2026-01-05 12:38:38,memory_usage,57.78
2026-01-05 13:38:38,memory_usage,60.35
2026-01-05 14:38:38,memory_usage,69.78
2026-01-05 15:38:38,memory_usage,62.32
2026-01-05 16:38:38,memory_usage,60.35
2026-01-05 17:38:38,memory_usage,55.4
2026-01-05 18:38:38,memory_usage,59.9
2026-01-05 19:38:38,memory_usage,54.29
2026-01-05 20:38:38,memory_usage,61.81
2026-01-05 21:38:38,memory_usage,56.32
2026-01-05 22:38:38,memory_usage,57.29
2026-01-05 23:38:38,memory_usage,59.97
2026-01-06 00:38:38,memory_usage,73.64
2026-01-06 01:38:38,memory_usage,47.41
2026-01-06 02:38:38,memory_usage,62.98
2026-01-06 03:38:38,memory_usage,51.08
2026-01-06 04:38:38,memory_usage,57.77
2026-01-06 05:38:38,memory_usage,55.58
2026-01-06 06:38:38,memory_usage,55.24
2026-01-06 07:38:38,memory_usage,55.51
2026-01-06 08:38:38,memory_usage,57.99
2026-01-06 09:38:38,memory_usage,54.49
2026-01-06 10:38:38,memory_usage,54.52
2026-01-06 11:38:38,memory_usage,55.61
2026-01-06 12:38:38,memory_usage,55.24
2026-01-06 13:38:38,memory_usage,53.37
2026-01-06 14:38:38,memory_usage,64.73
2026-01-06 15:38:38,memory_usage,56.95
2026-01-06 16:38:38,memory_usage,58.34
2026-01-06 17:38:38,memory_usage,57.74
2026-01-06 18:38:38,memory_usage,54.95
2026-01-06 19:38:38,memory_usage,53.08
2026-01-06 20:38:38,memory_usage,65.54
2026-01-06 21:38:38,memory_usage,53.49
2026-01-06 22:38:38,memory_usage,53.84
2026-01-06 23:38:38,memory_usage,67.96
2026-01-07 00:38:38,memory_usage,55.73
2026-01-07 01:38:38,memory_usage,59.9
2026-01-07 02:38:38,memory_usage,57.37
2026-01-07 03:38:38,memory_usage,59.6
2026-01-07 04:38:38,memory_usage,71.77
2026-01-07 05:38:38,memory_usage,54.31
2026-01-07 06:38:38,memory_usage,64.76
2026-01-07 07:38:38,memory_usage,65.51
2026-01-07 08:38:38,memory_usage,64.88
2026-01-07 09:38:38,memory_usage,71.35
2026-01-07 10:38:38,memory_usage,44.4
2026-01-07 11:38:38,memory_usage,49.29
2026-01-07 12:38:38,memory_usage,52.91
2026-01-07 13:38:38,memory_usage,56.15
2026-01-07 14:38:38,memory_usage,61.94
2026-01-07 15:38:38,memory_usage,53.3
2026-01-07 16:38:38,memory_usage,53.24
2026-01-07 17:38:38,memory_usage,60.66
2026-01-07 18:38:38,memory_usage,63.79
2026-01-07 19:38:38,memory_usage,59.76
2026-01-07 20:38:38,memory_usage,64.2
2026-01-07 21:38:38,memory_usage,47.92
2026-01-07 22:38:38,memory_usage,54.5
2026-01-07 23:38:38,memory_usage,52.59
2026-01-08 00:38:38,memory_usage,55.73
2026-01-08 01:38:38,memory_usage,59.34
2026-01-08 02:38:38,memory_usage,46.36
2026-01-08 03:38:38,memory_usage,55.66
2026-01-08 04:38:38,memory_usage,54.42
2026-01-08 05:38:38,memory_usage,48.51
2026-01-08 06:38:38,memory_usage,64.4
2026-01-08 07:38:38,memory_usage,59.72
2026-01-08 08:38:38,memory_usage,55.78
2026-01-08 09:38:38,memory_usage,73.0
2026-01-08 10:38:38,memory_usage,49.11
2026-01-08 11:38:38,memory_usage,73.54
2026-01-08 12:38:38,memory_usage,57.92
2026-01-08 13:38:38,memory_usage,53.83
2026-01-08 14:38:38,memory_usage,55.98
2026-01-08 15:38:38,memory_usage,56.74
2026-01-08 16:38:38,memory_usage,74.81
2026-01-08 17:38:38,memory_usage,61.98
2026-01-08 18:38:38,memory_usage,51.44
2026-01-08 19:38:38,memory_usage,65.49
2026-01-08 20:38:38,memory_usage,56.81
2026-01-08 21:38:38,memory_usage,40.06
2026-01-08 22:38:38,memory_usage,65.28
2026-01-08 23:38:38,memory_usage,65.5
2026-01-09 00:38:38,memory_usage,57.22
2026-01-09 01:38:38,memory_usage,54.84
2026-01-09 02:38:38,memory_usage,66.35
2026-01-09 03:38:38,memory_usage,54.46
2026-01-09 04:38:38,memory_usage,68.21
2026-01-09 05:38:38,memory_usage,54.64
2026-01-09 06:38:38,memory_usage,58.79
2026-01-09 07:38:38,memory_usage,62.8
2026-01-09 08:38:38,memory_usage,61.07
2026-01-09 09:38:38,memory_usage,54.02
2026-01-09 10:38:38,memory_usage,62.33
2026-01-09 11:38:38,memory_usage,65.08
2026-01-09 12:38:38,memory_usage,51.79
2026-01-09 13:38:38,memory_usage,63.02
2026-01-09 14:38:38,memory_usage,58.54
2026-01-09 15:38:38,memory_usage,52.25
2026-01-09 16:38:38,memory_usage,61.99
2026-01-09 17:38:38,memory_usage,66.02
2026-01-09 18:38:38,memory_usage,55.3
2026-01-09 19:38:38,memory_usage,41.26
2026-01-09 20:38:38,memory_usage,84.77
2026-01-09 21:38:38,memory_usage,65.21
2026-01-09 22:38:38,memory_usage,28.42
2026-01-09 23:38:38,memory_usage,66.14
2026-01-10 00:38:38,memory_usage,64.97
2026-01-10 01:38:38,memory_usage,24.07
2026-01-10 02:38:38,memory_usage,58.35
2026-01-10 03:38:38,memory_usage,63.76
2026-01-10 04:38:38,memory_usage,59.32
2026-01-10 05:38:38,memory_usage,50.72
2026-01-10 06:38:38,memory_usage,64.82
2026-01-10 07:38:38,memory_usage,57.09
2026-01-10 08:38:38,memory_usage,66.65
2026-01-10 09:38:38,memory_usage,70.9
2026-01-10 10:38:38,memory_usage,29.16
2026-01-10 11:38:38,memory_usage,67.53
2026-01-10 12:38:38,memory_usage,60.61
2026-01-10 13:38:38,memory_usage,58.6
2026-01-10 14:38:38,memory_usage,54.02
2026-01-10 15:38:38,memory_usage,64.44
2026-01-10 16:38:38,memory_usage,91.14
2026-01-10 17:38:38,memory_usage,65.23
2026-01-10 18:38:38,memory_usage,50.55
2026-01-10 19:38:38,memory_usage,69.75
2026-01-10 20:38:38,memory_usage,53.54
2026-01-10 21:38:38,memory_usage,87.2
2026-01-10 22:38:38,memory_usage,47.81
2026-01-10 23:38:38,memory_usage,56.13
2026-01-11 00:38:38,memory_usage,65.49
2026-01-11 01:38:38,memory_usage,54.93
2026-01-11 02:38:38,memory_usage,57.12
2026-01-11 03:38:38,memory_usage,49.92
2026-01-11 04:38:38,memory_usage,63.03
2026-01-11 05:38:38,memory_usage,66.46
2026-01-11 06:38:38,memory_usage,58.82
2026-01-11 07:38:38,memory_usage,58.6
2026-01-11 08:38:38,memory_usage,60.82
2026-01-11 09:38:38,memory_usage,71.77
2026-01-11 10:38:38,memory_usage,59.47
2026-01-11 11:38:38,memory_usage,60.15
2026-01-11 12:38:38,memory_usage,80.53
2026-01-11 13:38:38,memory_usage,58.32
2026-01-11 14:38:38,memory_usage,62.81
2026-01-11 15:38:38,memory_usage,62.47
2026-01-11 16:38:38,memory_usage,57.29
2026-01-11 17:38:38,memory_usage,63.35
2026-01-11 18:38:38,memory_usage,48.9
2026-01-11 19:38:38,memory_usage,58.57
2026-01-11 20:38:38,memory_usage,52.95
2026-01-11 21:38:38,memory_usage,63.56
2026-01-11 22:38:38,memory_usage,47.79
2026-01-11 23:38:38,memory_usage,65.27
2026-01-12 00:38:38,memory_usage,27.17
2026-01-12 01:38:38,memory_usage,63.49
2026-01-12 02:38:38,memory_usage,63.85
2026-01-12 03:38:38,memory_usage,62.3
2026-01-12 04:38:38,memory_usage,53.35
2026-01-12 05:38:38,memory_usage,53.07
2026-01-12 06:38:38,memory_usage,50.42
2026-01-12 07:38:38,memory_usage,60.37
2026-01-12 08:38:38,memory_usage,57.11
2026-01-12 09:38:38,memory_usage,61.5
2026-01-12 10:38:38,memory_usage,58.45
2026-01-12 11:38:38,memory_usage,75.7
2026-01-12 12:38:38,memory_usage,44.08
2026-01-12 13:38:38,memory_usage,58.22
2026-01-12 14:38:38,memory_usage,49.57
2026-01-12 15:38:38,memory_usage,65.36
2026-01-12 16:38:38,memory_usage,25.88
2026-01-12 17:38:38,memory_usage,52.27
2026-01-12 18:38:38,memory_usage,61.89
2026-01-12 19:38:38,memory_usage,64.18
2026-01-12 20:38:38,memory_usage,55.65
2026-01-12 21:38:38,memory_usage,58.46
2026-01-12 22:38:38,memory_usage,49.28
2026-01-12 23:38:38,memory_usage,60.26
2026-01-13 00:38:38,memory_usage,56.94
2026-01-13 01:38:38,memory_usage,63.52
2026-01-13 02:38:38,memory_usage,59.4
2026-01-13 03:38:38,memory_usage,63.31
2026-01-13 04:38:38,memory_usage,60.44
2026-01-13 05:38:38,memory_usage,68.49
2026-01-13 06:38:38,memory_usage,67.2
2026-01-13 07:38:38,memory_usage,54.39
2026-01-13 08:38:38,memory_usage,67.81
2026-01-13 09:38:38,memory_usage,62.9
2026-01-13 10:38:38,memory_usage,69.3
2026-01-13 11:38:38,memory_usage,52.33
2026-01-13 12:38:38,memory_usage,50.54
2026-01-13 13:38:38,memory_usage,50.68
2026-01-13 14:38:38,memory_usage,71.77
2026-01-13 15:38:38,memory_usage,69.48
2026-01-13 16:38:38,memory_usage,67.19
2026-01-13 17:38:38,memory_usage,31.43
2026-01-13 18:38:38,memory_usage,67.29
2026-01-13 19:38:38,memory_usage,56.24
2026-01-13 20:38:38,memory_usage,62.55
2026-01-13 21:38:38,memory_usage,54.64
2026-01-13 22:38:38,memory_usage,56.27
2026-01-13 23:38:38,memory_usage,48.19
2026-01-14 00:38:38,memory_usage,62.61
2026-01-14 01:38:38,memory_usage,54.87
2026-01-14 02:38:38,memory_usage,61.06
2026-01-14 03:38:38,memory_usage,56.62
2026-01-14 04:38:38,memory_usage,57.85
2026-01-14 05:38:38,memory_usage,62.49
2026-01-14 06:38:38,memory_usage,62.55
2026-01-14 07:38:38,memory_usage,68.36
2026-01-14 08:38:38,memory_usage,69.63
2026-01-14 09:38:38,memory_usage,57.61
2026-01-14 10:38:38,memory_usage,33.27
2026-01-14 11:38:38,memory_usage,23.56
2026-01-14 12:38:38,memory_usage,54.78
2026-01-14 13:38:38,memory_usage,56.27
2026-01-14 14:38:38,memory_usage,57.05
2026-01-14 15:38:38,memory_usage,62.25
2026-01-14 16:38:38,memory_usage,60.48
2026-01-14 17:38:38,memory_usage,66.15
2026-01-14 18:38:38,memory_usage,65.3
2026-01-14 19:38:38,memory_usage,59.91
2026-01-14 20:38:38,memory_usage,51.28
2026-01-14 21:38:38,memory_usage,61.99
2026-01-14 22:38:38,memory_usage,54.37
2026-01-14 23:38:38,memory_usage,47.99
2026-01-15 00:38:38,memory_usage,61.83
2026-01-15 01:38:38,memory_usage,49.63
2026-01-15 02:38:38,memory_usage,53.84
2026-01-15 03:38:38,memory_usage,51.0
2026-01-15 04:38:38,memory_usage,60.61
2026-01-15 05:38:38,memory_usage,61.28
2026-01-15 06:38:38,memory_usage,69.03
2026-01-15 07:38:38,memory_usage,62.06
2026-01-15 08:38:38,memory_usage,67.82
2026-01-15 09:38:38,memory_usage,51.78
2026-01-15 10:38:38,memory_usage,69.4
2026-01-15 11:38:38,memory_usage,51.32
2026-01-15 12:38:38,memory_usage,49.3
2026-01-15 13:38:38,memory_usage,61.81
2026-01-15 14:38:38,memory_usage,58.12
2026-01-15 15:38:38,memory_usage,57.43
2026-01-15 16:38:38,memory_usage,63.85
2026-01-15 17:38:38,memory_usage,52.27
2026-01-15 18:38:38,memory_usage,64.2
2026-01-15 19:38:38,memory_usage,58.64
2026-01-15 20:38:38,memory_usage,67.57
2026-01-15 21:38:38,memory_usage,51.46
2026-01-15 22:38:38,memory_usage,51.89
2026-01-15 23:38:38,memory_usage,74.15
2026-01-16 00:38:38,memory_usage,62.64
2026-01-16 01:38:38,memory_usage,56.49
2026-01-16 02:38:38,memory_usage,90.76
2026-01-16 03:38:38,memory_usage,56.32
2026-01-16 04:38:38,memory_usage,51.49
2026-01-16 05:38:38,memory_usage,59.62
2026-01-16 06:38:38,memory_usage,49.06
2026-01-16 07:38:38,memory_usage,62.25
2026-01-16 08:38:38,memory_usage,66.47
2026-01-16 09:38:38,memory_usage,74.96
2026-01-16 10:38:38,memory_usage,56.01
2026-01-16 11:38:38,memory_usage,54.25
2026-01-16 12:38:38,memory_usage,30.01
2026-01-16 13:38:38,memory_usage,61.49
2026-01-16 14:38:38,memory_usage,47.79
2026-01-16 15:38:38,memory_usage,59.31
2026-01-16 16:38:38,memory_usage,55.6
2026-01-16 17:38:38,memory_usage,59.38
2026-01-16 18:38:38,memory_usage,37.24
2026-01-16 19:38:38,memory_usage,66.76
2026-01-16 20:38:38,memory_usage,62.4
2026-01-16 21:38:38,memory_usage,68.29
2026-01-16 22:38:38,memory_usage,86.02
2026-01-16 23:38:38,memory_usage,60.42
2026-01-17 00:38:38,memory_usage,58.42
2026-01-17 01:38:38,memory_usage,58.28
2026-01-17 02:38:38,memory_usage,67.49
2026-01-17 03:38:38,memory_usage,53.69
2026-01-17 04:38:38,memory_usage,51.54
2026-01-17 05:38:38,memory_usage,44.3
2026-01-17 06:38:38,memory_usage,56.21
2026-01-17 07:38:38,memory_usage,49.72
2026-01-17 08:38:38,memory_usage,57.49
2026-01-17 09:38:38,memory_usage,46.24
2026-01-17 10:38:38,memory_usage,57.38
2026-01-17 11:38:38,memory_usage,62.41
2026-01-17 12:38:38,memory_usage,59.64
2026-01-17 13:38:38,memory_usage,64.95
2026-01-17 14:38:38,memory_usage,69.0
2026-01-17 15:38:38,memory_usage,62.19
2026-01-17 16:38:38,memory_usage,59.83
2026-01-17 17:38:38,memory_usage,63.31
2026-01-17 18:38:38,memory_usage,62.47
2026-01-17 19:38:38,memory_usage,66.45
2026-01-17 20:38:38,memory_usage,60.35
2026-01-17 21:38:38,memory_usage,25.43
2026-01-17 22:38:38,memory_usage,68.55
2026-01-17 23:38:38,memory_usage,55.14
2026-01-18 00:38:38,memory_usage,51.07
2026-01-18 01:38:38,memory_usage,58.23
2026-01-18 02:38:38,memory_usage,63.5
2026-01-18 03:38:38,memory_usage,92.07
2026-01-18 04:38:38,memory_usage,70.53
2026-01-18 05:38:38,memory_usage,59.37
2026-01-18 06:38:38,memory_usage,55.88
2026-01-18 07:38:38,memory_usage,34.74
2026-01-18 08:38:38,memory_usage,60.24
2026-01-18 09:38:38,memory_usage,72.52
2026-01-18 10:38:38,memory_usage,54.86
2026-01-18 11:38:38,memory_usage,54.62
2026-01-18 12:38:38,memory_usage,59.31
2026-01-18 13:38:38,memory_usage,63.52
2026-01-18 14:38:38,memory_usage,68.75
2026-01-18 15:38:38,memory_usage,59.5
2026-01-18 16:38:38,memory_usage,45.21
2026-01-18 17:38:38,memory_usage,49.18
2026-01-18 18:38:38,memory_usage,59.41
2026-01-18 19:38:38,memory_usage,43.57
2026-01-18 20:38:38,memory_usage,24.49
2026-01-18 21:38:38,memory_usage,75.76
2026-01-18 22:38:38,memory_usage,54.12
2026-01-18 23:38:38,memory_usage,51.12
2026-01-19 00:38:38,memory_usage,58.11
2026-01-19 01:38:38,memory_usage,67.06
2026-01-19 02:38:38,memory_usage,58.21
2026-01-19 03:38:38,memory_usage,59.17
2026-01-19 04:38:38,memory_usage,49.78
2026-01-19 05:38:38,memory_usage,50.53
2026-01-19 06:38:38,memory_usage,56.01
2026-01-19 07:38:38,memory_usage,22.94
2026-01-19 08:38:38,memory_usage,66.26
2026-01-19 09:38:38,memory_usage,98.23
2026-01-19 10:38:38,memory_usage,61.62
2026-01-19 11:38:38,memory_usage,64.2
2026-01-19 12:38:38,memory_usage,40.89
2026-01-19 13:38:38,memory_usage,53.33
2026-01-19 14:38:38,memory_usage,54.47
2026-01-19 15:38:38,memory_usage,59.69
2026-01-19 16:38:38,memory_usage,58.32
2026-01-19 17:38:38,memory_usage,54.89
2026-01-19 18:38:38,memory_usage,51.36
2026-01-19 19:38:38,memory_usage,53.84
2026-01-19 20:38:38,memory_usage,72.17
2026-01-19 21:38:38,memory_usage,54.86
2026-01-19 22:38:38,memory_usage,43.79
2026-01-19 23:38:38,memory_usage,98.51
2026-01-20 00:38:38,memory_usage,54.86
2026-01-20 01:38:38,memory_usage,67.22
2026-01-20 02:38:38,memory_usage,56.26
2026-01-20 03:38:38,memory_usage,67.98
2026-01-20 04:38:38,memory_usage,57.3
2026-01-20 05:38:38,memory_usage,52.22
2026-01-20 06:38:38,memory_usage,48.16
2026-01-20 07:38:38,memory_usage,81.04
2026-01-20 08:38:38,memory_usage,63.83
2026-01-20 09:38:38,memory_usage,56.25
2026-01-20 10:38:38,memory_usage,73.73
2026-01-20 11:38:38,memory_usage,65.06
2026-01-20 12:38:38,memory_usage,70.01
2026-01-20 13:38:38,memory_usage,49.11
2026-01-20 14:38:38,memory_usage,69.57
2026-01-20 15:38:38,memory_usage,58.26
2026-01-20 16:38:38,memory_usage,45.75
2026-01-20 17:38:38,memory_usage,75.95
2026-01-20 18:38:38,memory_usage,62.26
2026-01-20 19:38:38,memory_usage,66.72
2026-01-20 20:38:38,memory_usage,61.06
2026-01-20 21:38:38,memory_usage,60.35
2026-01-20 22:38:38,memory_usage,62.38
2026-01-20 23:38:38,memory_usage,58.09
2026-01-21 00:38:38,memory_usage,52.54
2026-01-21 01:38:38,memory_usage,64.48
2026-01-21 02:38:38,memory_usage,71.42
2026-01-21 03:38:38,memory_usage,70.59
2026-01-21 04:38:38,memory_usage,51.03
2026-01-21 05:38:38,memory_usage,70.91
2026-01-21 06:38:38,memory_usage,55.35
2026-01-21 07:38:38,memory_usage,53.57
2026-01-21 08:38:38,memory_usage,44.77
2026-01-21 09:38:38,memory_usage,59.52
2026-01-21 10:38:38,memory_usage,59.56
2026-01-21 11:38:38,memory_usage,62.38
2026-01-21 12:38:38,memory_usage,53.41
2026-01-21 13:38:38,memory_usage,59.24
2026-01-21 14:38:38,memory_usage,55.5
2026-01-21 15:38:38,memory_usage,62.36
2026-01-21 16:38:38,memory_usage,68.87
2026-01-21 17:38:38,memory_usage,69.2
2026-01-21 18:38:38,memory_usage,70.31
2026-01-21 19:38:38,memory_usage,49.85
2026-01-21 20:38:38,memory_usage,57.26
2026-01-21 21:38:38,memory_usage,55.03
2026-01-21 22:38:38,memory_usage,46.42
2026-01-21 23:38:38,memory_usage,60.66
2026-01-22 00:38:38,memory_usage,25.16
2026-01-22 01:38:38,memory_usage,62.73
2026-01-22 02:38:38,memory_usage,75.03
2026-01-22 03:38:38,memory_usage,70.44
2026-01-22 04:38:38,memory_usage,55.53
2026-01-22 05:38:38,memory_usage,50.12
2026-01-22 06:38:38,memory_usage,48.39
2026-01-22 07:38:38,memory_usage,43.37
2026-01-22 08:38:38,memory_usage,61.6
2026-01-22 09:38:38,memory_usage,54.93
2026-01-22 10:38:38,memory_usage,64.58
2026-01-22 11:38:38,memory_usage,55.31
2026-01-22 12:38:38,memory_usage,53.48
2026-01-22 13:38:38,memory_usage,64.06
2026-01-22 14:38:38,memory_usage,77.46
2026-01-22 15:38:38,memory_usage,70.22
2026-01-22 16:38:38,memory_usage,64.2
2026-01-22 17:38:38,memory_usage,69.28
2026-01-22 18:38:38,memory_usage,63.31
2026-01-22 19:38:38,memory_usage,42.64
2026-01-22 20:38:38,memory_usage,65.71
2026-01-22 21:38:38,memory_usage,63.92
2026-01-22 22:38:38,memory_usage,67.39
2026-01-22 23:38:38,memory_usage,54.87
2026-01-23 00:38:38,memory_usage,68.72
2026-01-23 01:38:38,memory_usage,50.74
2026-01-23 02:38:38,memory_usage,61.01
2026-01-23 03:38:38,memory_usage,59.74
2026-01-23 04:38:38,memory_usage,40.3
2026-01-23 05:38:38,memory_usage,92.88
2026-01-23 06:38:38,memory_usage,63.8
2026-01-23 07:38:38,memory_usage,95.47
2026-01-23 08:38:38,memory_usage,52.46
2026-01-23 09:38:38,memory_usage,55.7
2026-01-23 10:38:38,memory_usage,63.75
2026-01-23 11:38:38,memory_usage,58.96
2026-01-23 12:38:38,memory_usage,63.69
2026-01-23 13:38:38,memory_usage,64.44
2026-01-23 14:38:38,memory_usage,68.67
2026-01-23 15:38:38,memory_usage,57.54
2026-01-23 16:38:38,memory_usage,52.26
2026-01-23 17:38:38,memory_usage,78.66
2026-01-23 18:38:38,memory_usage,70.37
2026-01-23 19:38:38,memory_usage,46.91
2026-01-23 20:38:38,memory_usage,80.19
2026-01-23 21:38:38,memory_usage,55.28
2026-01-23 22:38:38,memory_usage,59.04
2026-01-23 23:38:38,memory_usage,51.15
2026-01-24 00:38:38,memory_usage,60.81
2026-01-24 01:38:38,memory_usage,55.65
2026-01-24 02:38:38,memory_usage,51.38
2026-01-24 03:38:38,memory_usage,49.75
2026-01-24 04:38:38,memory_usage,54.01
2026-01-24 05:38:38,memory_usage,65.31
2026-01-24 06:38:38,memory_usage,80.82
2026-01-24 07:38:38,memory_usage,63.82
2026-01-24 08:38:38,memory_usage,92.37
2026-01-24 09:38:38,memory_usage,44.99
2026-01-24 10:38:38,memory_usage,53.61
2026-01-24 11:38:38,memory_usage,64.84
2026-01-24 12:38:38,memory_usage,56.56
2026-01-24 13:38:38,memory_usage,47.1
2026-01-24 14:38:38,memory_usage,73.37
2026-01-24 15:38:38,memory_usage,53.27
2026-01-24 16:38:38,memory_usage,56.08
2026-01-24 17:38:38,memory_usage,59.88
2026-01-24 18:38:38,memory_usage,72.88
2026-01-24 19:38:38,memory_usage,60.62
2026-01-24 20:38:38,memory_usage,55.84
2026-01-24 21:38:38,memory_usage,83.74
2026-01-24 22:38:38,memory_usage,63.43
2026-01-24 23:38:38,memory_usage,61.64
2026-01-25 00:38:38,memory_usage,47.85
2026-01-25 01:38:38,memory_usage,63.88
2026-01-25 02:38:38,memory_usage,68.04
2026-01-25 03:38:38,memory_usage,48.78
2026-01-25 04:38:38,memory_usage,72.23
2026-01-25 05:38:38,memory_usage,81.02
2026-01-25 06:38:38,memory_usage,73.44
2026-01-25 07:38:38,memory_usage,54.25
2026-01-25 08:38:38,memory_usage,72.63
2026-01-25 09:38:38,memory_usage,66.27
2026-01-25 10:38:38,memory_usage,58.32
2026-01-25 11:38:38,memory_usage,70.45
2026-01-25 12:38:38,memory_usage,64.37
2026-01-25 13:38:38,memory_usage,60.86
2026-01-25 14:38:38,memory_usage,56.64
2026-01-25 15:38:38,memory_usage,54.7
2026-01-25 16:38:38,memory_usage,62.32
2026-01-25 17:38:38,memory_usage,57.78
2026-01-25 18:38:38,memory_usage,64.37
2026-01-25 19:38:38,memory_usage,70.52
2026-01-25 20:38:38,memory_usage,59.95
2026-01-25 21:38:38,memory_usage,55.98
2026-01-25 22:38:38,memory_usage,64.51
2026-01-25 23:38:38,memory_usage,57.36
2026-01-26 00:38:38,memory_usage,65.07
2026-01-26 01:38:38,memory_usage,50.39
2026-01-26 02:38:38,memory_usage,67.06
2026-01-26 03:38:38,memory_usage,66.17
2026-01-26 04:38:38,memory_usage,60.18
2026-01-26 05:38:38,memory_usage,62.62
2026-01-26 06:38:38,memory_usage,66.12
2026-01-26 07:38:38,memory_usage,72.88
2026-01-26 08:38:38,memory_usage,52.61
2026-01-26 09:38:38,memory_usage,63.58
2026-01-26 10:38:38,memory_usage,49.12
2026-01-26 11:38:38,memory_usage,52.25
2026-01-26 12:38:38,memory_usage,70.85
2026-01-26 13:38:38,memory_usage,50.61
2026-01-26 14:38:38,memory_usage,64.71
2026-01-26 15:38:38,memory_usage,56.02
2026-01-26 16:38:38,memory_usage,49.57
2026-01-26 17:38:38,memory_usage,52.19
2026-01-26 18:38:38,memory_usage,53.86
2026-01-26 19:38:38,memory_usage,29.35
2026-01-26 20:38:38,memory_usage,53.91
2026-01-26 21:38:38,memory_usage,66.82
2026-01-26 22:38:38,memory_usage,35.77
2026-01-26 23:38:38,memory_usage,65.07
2026-01-27 00:38:38,memory_usage,72.25
2026-01-27 01:38:38,memory_usage,53.07
2026-01-27 02:38:38,memory_usage,59.9
2026-01-27 03:38:38,memory_usage,54.75
2026-01-27 04:38:38,memory_usage,52.89
2026-01-27 05:38:38,memory_usage,67.71
2026-01-27 06:38:38,memory_usage,59.64
2026-01-27 07:38:38,memory_usage,71.69
2026-01-27 08:38:38,memory_usage,45.91
2026-01-27 09:38:38,memory_usage,58.4
2026-01-27 10:38:38,memory_usage,55.47
2026-01-27 11:38:38,memory_usage,46.07
2026-01-27 12:38:38,memory_usage,62.83
2026-01-27 13:38:38,memory_usage,59.01
2026-01-27 14:38:38,memory_usage,62.09
2026-01-27 15:38:38,memory_usage,54.37
2026-01-27 16:38:38,memory_usage,66.25
2026-01-27 17:38:38,memory_usage,76.41
2026-01-27 18:38:38,memory_usage,60.86
2026-01-27 19:38:38,memory_usage,57.43
2026-01-27 20:38:38,memory_usage,60.38
2026-01-27 21:38:38,memory_usage,61.86
2026-01-27 22:38:38,memory_usage,46.91
2026-01-27 23:38:38,memory_usage,65.45
2026-01-28 00:38:38,memory_usage,58.54
2026-01-28 01:38:38,memory_usage,64.06
2026-01-28 02:38:38,memory_usage,67.21
2026-01-28 03:38:38,memory_usage,78.52
2026-01-28 04:38:38,memory_usage,61.66
2026-01-28 05:38:38,memory_usage,59.4
2026-01-28 06:38:38,memory_usage,55.82
2026-01-28 07:38:38,memory_usage,57.05
2026-01-28 08:38:38,memory_usage,66.57
2026-01-28 09:38:38,memory_usage,50.87
2026-01-28 10:38:38,memory_usage,66.15
2026-01-28 11:38:38,memory_usage,61.21
2026-01-28 12:38:38,memory_usage,64.95
2026-01-28 13:38:38,memory_usage,63.21
2026-01-28 14:38:38,memory_usage,66.79
2026-01-28 15:38:38,memory_usage,62.37
2026-01-28 16:38:38,memory_usage,63.6
2026-01-28 17:38:38,memory_usage,62.37
2026-01-28 18:38:38,memory_usage,66.65
2026-01-28 19:38:38,memory_usage,56.62
2026-01-28 20:38:38,memory_usage,52.87
2026-01-28 21:38:38,memory_usage,83.92
2026-01-28 22:38:38,memory_usage,65.61
2026-01-28 23:38:38,memory_usage,65.62
2026-01-29 00:38:38,memory_usage,57.34
2026-01-29 01:38:38,memory_usage,81.81
2026-01-29 02:38:38,memory_usage,50.23
2026-01-29 03:38:38,memory_usage,51.27
2026-01-29 04:38:38,memory_usage,57.39
2026-01-29 05:38:38,memory_usage,59.11
2026-01-29 06:38:38,memory_usage,66.4
2026-01-29 07:38:38,memory_usage,66.63
2026-01-29 08:38:38,memory_usage,50.57
2026-01-29 09:38:38,memory_usage,92.18
2026-01-29 10:38:38,memory_usage,59.38
2026-01-29 11:38:38,memory_usage,64.79
2026-01-29 12:38:38,memory_usage,52.2
2026-01-29 13:38:38,memory_usage,60.57
2026-01-29 14:38:38,memory_usage,59.13
2026-01-29 15:38:38,memory_usage,68.26
2026-01-29 16:38:38,memory_usage,49.52
2026-01-29 17:38:38,memory_usage,94.93
2026-01-29 18:38:38,memory_usage,61.22
2026-01-29 19:38:38,memory_usage,58.48
2026-01-29 20:38:38,memory_usage,59.01
2026-01-29 21:38:38,memory_usage,64.67
2026-01-29 22:38:38,memory_usage,52.31
2026-01-29 23:38:38,memory_usage,69.38
2026-01-30 00:38:38,memory_usage,65.74
2026-01-30 01:38:38,memory_usage,54.8
2026-01-30 02:38:38,memory_usage,60.46
2026-01-30 03:38:38,memory_usage,59.59
2026-01-30 04:38:38,memory_usage,56.09
2026-01-30 05:38:38,memory_usage,68.7
2026-01-30 06:38:38,memory_usage,45.2
2026-01-30 07:38:38,memory_usage,66.53
2026-01-30 08:38:38,memory_usage,68.45
2026-01-30 09:38:38,memory_usage,60.47
2026-01-30 10:38:38,memory_usage,41.14
2026-01-30 11:38:38,memory_usage,50.35
2026-01-30 12:38:38,memory_usage,54.8
2026-01-30 13:38:38,memory_usage,61.48
2026-01-30 14:38:38,memory_usage,67.85
2026-01-30 15:38:38,memory_usage,51.63
2026-01-30 16:38:38,memory_usage,61.22
2026-01-30 17:38:38,memory_usage,46.97
2026-01-30 18:38:38,memory_usage,70.24
2026-01-30 19:38:38,memory_usage,50.96
2026-01-30 20:38:38,memory_usage,59.71
2026-01-30 21:38:38,memory_usage,61.07
2026-01-30 22:38:38,memory_usage,61.11
2026-01-30 23:38:38,memory_usage,50.88
2026-01-31 00:38:38,memory_usage,57.3
2026-01-31 01:38:38,memory_usage,51.36
2026-01-31 02:38:38,memory_usage,60.61
2026-01-31 03:38:38,memory_usage,54.02
2026-01-31 04:38:38,memory_usage,59.25
2026-01-31 05:38:38,memory_usage,62.49
2026-01-31 06:38:38,memory_usage,58.59
2026-01-31 07:38:38,memory_usage,57.39
2026-01-31 08:38:38,memory_usage,54.38
2026-01-31 09:38:38,memory_usage,58.82
2026-01-31 10:38:38,memory_usage,52.23
2026-01-31 11:38:38,memory_usage,63.61
2026-01-31 12:38:38,memory_usage,61.14
2026-01-31 13:38:38,memory_usage,59.89
2026-01-31 14:38:38,memory_usage,73.61
2026-01-31 15:38:38,memory_usage,71.18
2026-01-31 16:38:38,memory_usage,49.8
2026-01-31 17:38:38,memory_usage,63.61
2026-01-31 18:38:38,memory_usage,58.47
2026-01-31 19:38:38,memory_usage,61.92
2026-01-31 20:38:38,memory_usage,20.99
2026-01-31 21:38:38,memory_usage,62.74
2026-01-31 22:38:38,memory_usage,54.82
2026-01-31 23:38:38,memory_usage,60.16
2026-02-01 00:38:38,memory_usage,48.16
2026-02-01 01:38:38,memory_usage,48.13
2026-02-01 02:38:38,memory_usage,64.92
2026-02-01 03:38:38,memory_usage,39.69
2026-02-01 04:38:38,memory_usage,71.71
2026-02-01 05:38:38,memory_usage,62.83
2026-02-01 06:38:38,memory_usage,49.49
2026-02-01 07:38:38,memory_usage,62.35
2026-02-01 08:38:38,memory_usage,56.32
2026-02-01 09:38:38,memory_usage,52.24
2026-02-01 10:38:38,memory_usage,69.6
2026-02-01 11:38:38,memory_usage,64.17
2026-02-01 12:38:38,memory_usage,85.4
2026-02-01 13:38:38,memory_usage,63.62
2026-02-01 14:38:38,memory_usage,34.82
2026-02-01 15:38:38,memory_usage,52.27
2026-02-01 16:38:38,memory_usage,53.5
2026-02-01 17:38:38,memory_usage,61.63
2026-02-01 18:38:38,memory_usage,48.71
2026-02-01 19:38:38,memory_usage,49.37
2026-02-01 20:38:38,memory_usage,57.72
2026-02-01 21:38:38,memory_usage,65.14
2026-02-01 22:38:38,memory_usage,65.77
2026-02-01 23:38:38,memory_usage,60.62
2026-02-02 00:38:38,memory_usage,67.11
2026-02-02 01:38:38,memory_usage,80.37
2026-02-02 02:38:38,memory_usage,73.7
2026-02-02 03:38:38,memory_usage,55.82
2026-02-02 04:38:38,memory_usage,48.39
2026-02-02 05:38:38,memory_usage,56.75
2026-02-02 06:38:38,memory_usage,52.42
2026-02-02 07:38:38,memory_usage,63.61
2026-02-02 08:38:38,memory_usage,50.55
2026-02-02 09:38:38,memory_usage,59.19
2026-02-02 10:38:38,memory_usage,52.43
2026-02-02 11:38:38,memory_usage,57.38
2026-02-02 12:38:38,memory_usage,59.67
2026-02-02 13:38:38,memory_usage,64.88
2026-02-02 14:38:38,memory_usage,59.72
2026-02-02 15:38:38,memory_usage,55.11
2026-02-02 16:38:38,memory_usage,66.3
2026-02-02 17:38:38,memory_usage,60.15
2026-02-02 18:38:38,memory_usage,55.83
2026-02-02 19:38:38,memory_usage,65.11
2026-02-02 20:38:38,memory_usage,61.7
2026-02-02 21:38:38,memory_usage,64.37
2026-02-02 22:38:38,memory_usage,69.26
2026-02-02 23:38:38,memory_usage,50.98
2026-02-03 00:38:38,memory_usage,79.59
2026-02-03 01:38:38,memory_usage,63.45
2026-02-03 02:38:38,memory_usage,50.61
2026-02-03 03:38:38,memory_usage,70.44
2026-02-03 04:38:38,memory_usage,54.29
2026-02-03 05:38:38,memory_usage,73.88
2026-02-03 06:38:38,memory_usage,51.44
2026-02-03 07:38:38,memory_usage,59.22
2026-02-03 08:38:38,memory_usage,66.48
2026-02-03 09:38:38,memory_usage,65.24
2026-02-03 10:38:38,memory_usage,62.63
2026-02-03 11:38:38,memory_usage,68.14
2026-02-03 12:38:38,memory_usage,56.3
2026-02-03 13:38:38,memory_usage,68.66
2026-02-03 14:38:38,memory_usage,54.72
2026-02-03 15:38:38,memory_usage,49.03
2026-02-03 16:38:38,memory_usage,72.76
2026-02-03 17:38:38,memory_usage,55.38
2026-02-03 18:38:38,memory_usage,49.38
2026-02-03 19:38:38,memory_usage,65.39
2026-02-03 20:38:38,memory_usage,61.29
2026-02-03 21:38:38,memory_usage,29.9
2026-02-03 22:38:38,memory_usage,57.3
2026-02-03 23:38:38,memory_usage,76.57
2026-02-04 00:38:38,memory_usage,58.54
2026-02-04 01:38:38,memory_usage,60.29
2026-02-04 02:38:38,memory_usage,56.97
2026-02-04 03:38:38,memory_usage,69.49
2026-02-04 04:38:38,memory_usage,48.78
2026-02-04 05:38:38,memory_usage,44.02
2026-02-04 06:38:38,memory_usage,91.51
2026-02-04 07:38:38,memory_usage,61.72
2026-02-04 08:38:38,memory_usage,56.47
2026-02-04 09:38:38,memory_usage,57.13
2026-02-04 10:38:38,memory_usage,69.12
2026-02-04 11:38:38,memory_usage,77.76
2026-02-04 12:38:38,memory_usage,58.6
2026-02-04 13:38:38,memory_usage,64.18
2026-02-04 14:38:38,memory_usage,71.34
2026-02-04 15:38:38,memory_usage,26.85
2026-02-04 16:38:38,memory_usage,57.32
2026-02-04 17:38:38,memory_usage,55.62
2026-02-04 18:38:38,memory_usage,66.06
2026-02-04 19:38:38,memory_usage,56.02
2026-02-04 20:38:38,memory_usage,63.19
2026-02-04 21:38:38,memory_usage,66.24
2026-02-04 22:38:38,memory_usage,55.93
2026-02-04 23:38:38,memory_usage,65.98
2026-02-05 00:38:38,memory_usage,58.92
2026-02-05 01:38:38,memory_usage,63.54
2026-02-05 02:38:38,memory_usage,61.74
2026-02-05 03:38:38,memory_usage,71.59
2026-02-05 04:38:38,memory_usage,48.89
2026-02-05 05:38:38,memory_usage,61.35
2026-02-05 06:38:38,memory_usage,50.91
2026-02-05 07:38:38,memory_usage,70.68
2026-02-05 08:38:38,memory_usage,56.22
2026-02-05 09:38:38,memory_usage,59.98
2026-02-05 10:38:38,memory_usage,51.74
2026-02-05 11:38:38,memory_usage,57.16
2026-02-05 12:38:38,memory_usage,47.97
2026-02-05 13:38:38,memory_usage,42.74
2026-02-05 14:38:38,memory_usage,31.08
2026-02-05 15:38:38,memory_usage,68.59
2026-02-05 16:38:38,memory_usage,66.52
2026-02-05 17:38:38,memory_usage,42.34
2026-02-05 18:38:38,memory_usage,57.9
2026-02-05 19:38:38,memory_usage,65.6
2026-02-05 20:38:38,memory_usage,52.4
2026-02-05 21:38:38,memory_usage,54.72
2026-02-05 22:38:38,memory_usage,61.36
2026-02-05 23:38:38,memory_usage,61.88
2026-02-06 00:38:38,memory_usage,60.45
2026-02-06 01:38:38,memory_usage,54.48
2026-02-06 02:38:38,memory_usage,98.38
2026-02-06 03:38:38,memory_usage,75.22
2026-02-06 04:38:38,memory_usage,57.69
2026-02-06 05:38:38,memory_usage,61.99
2026-02-06 06:38:38,memory_usage,26.94
2026-02-06 07:38:38,memory_usage,48.78
2026-02-06 08:38:38,memory_usage,60.03
2026-02-06 09:38:38,memory_usage,49.94
2026-02-06 10:38:38,memory_usage,61.46
2026-02-06 11:38:38,memory_usage,66.84
2026-02-06 12:38:38,memory_usage,55.7
2026-02-06 13:38:38,memory_usage,70.93
2026-02-06 14:38:38,memory_usage,65.9
2026-02-06 15:38:38,memory_usage,64.38
2026-02-06 16:38:38,memory_usage,70.62
2026-02-06 17:38:38,memory_usage,61.61
2026-02-06 18:38:38,memory_usage,57.16
2026-02-06 19:38:38,memory_usage,63.22
2026-02-06 20:38:38,memory_usage,50.37
2026-02-06 21:38:38,memory_usage,67.69
2026-02-06 22:38:38,memory_usage,67.71
2026-02-06 23:38:38,memory_usage,58.21
2026-02-07 00:38:38,memory_usage,55.17
2026-02-07 01:38:38,memory_usage,61.83
2026-02-07 02:38:38,memory_usage,49.23
2026-02-07 03:38:38,memory_usage,29.18
2026-02-07 04:38:38,memory_usage,70.13
2026-02-07 05:38:38,memory_usage,67.52
2026-02-07 06:38:38,memory_usage,61.74
2026-02-07 07:38:38,memory_usage,62.63
2026-02-07 08:38:38,memory_usage,47.91
2026-02-07 09:38:38,memory_usage,57.72
2026-02-07 10:38:38,memory_usage,34.62
2026-02-07 11:38:38,memory_usage,58.75
2026-02-07 12:38:38,memory_usage,55.59
2026-02-07 13:38:38,memory_usage,68.04
2026-02-07 14:38:38,memory_usage,56.86
2026-02-07 15:38:38,memory_usage,65.19
2026-02-07 16:38:38,memory_usage,67.36
2026-02-07 17:38:38,memory_usage,62.0
2026-02-07 18:38:38,memory_usage,54.7
2026-02-07 19:38:38,memory_usage,63.62
2026-02-07 20:38:38,memory_usage,57.87
2026-02-07 21:38:38,memory_usage,78.95
2026-02-07 22:38:38,memory_usage,66.85
2026-02-07 23:38:38,memory_usage,66.53
2026-02-08 00:38:38,memory_usage,69.41
2026-02-08 01:38:38,memory_usage,44.42
2026-02-08 02:38:38,memory_usage,59.29
2026-02-08 03:38:38,memory_usage,68.9
2026-02-08 04:38:38,memory_usage,55.59
2026-02-08 05:38:38,memory_usage,47.94
2026-02-08 06:38:38,memory_usage,61.17
2026-02-08 07:38:38,memory_usage,52.92
2026-02-08 08:38:38,memory_usage,53.82
2026-02-08 09:38:38,memory_usage,58.71
2026-02-08 10:38:38,memory_usage,50.49
2026-02-08 11:38:38,memory_usage,58.28
2026-02-08 12:38:38,memory_usage,62.15
2026-02-08 13:38:38,memory_usage,76.45
2026-02-08 14:38:38,memory_usage,56.23
2026-02-08 15:38:38,memory_usage,58.88
2026-02-08 16:38:38,memory_usage,64.85
2026-02-08 17:38:38,memory_usage,57.34
2026-02-08 18:38:38,memory_usage,55.1
2026-02-08 19:38:38,memory_usage,69.01
2026-02-08 20:38:38,memory_usage,72.82
2026-02-08 21:38:38,memory_usage,57.24
2026-02-08 22:38:38,memory_usage,54.91
2026-02-08 23:38:38,memory_usage,53.77
2026-02-09 00:38:38,memory_usage,65.15
2026-02-09 01:38:38,memory_usage,70.36
2026-02-09 02:38:38,memory_usage,63.24
2026-02-09 03:38:38,memory_usage,65.46
2026-02-09 04:38:38,memory_usage,68.33
2026-02-09 05:38:38,memory_usage,73.08
2026-02-09 06:38:38,memory_usage,63.53
2026-02-09 07:38:38,memory_usage,56.9
2026-02-09 08:38:38,memory_usage,66.03
2026-02-09 09:38:38,memory_usage,69.35
2026-02-09 10:38:38,memory_usage,58.04
2026-02-09 11:38:38,memory_usage,44.16
2026-02-09 12:38:38,memory_usage,56.69
2026-02-09 13:38:38,memory_usage,50.43
2026-02-09 14:38:38,memory_usage,40.56
2026-02-09 15:38:38,memory_usage,57.07
2026-02-09 16:38:38,memory_usage,59.43
2026-02-09 17:38:38,memory_usage,64.05
2026-02-09 18:38:38,memory_usage,65.37
2026-02-09 19:38:38,memory_usage,57.56
2026-02-09 20:38:38,memory_usage,64.58
2026-02-09 21:38:38,memory_usage,63.91
2026-02-09 22:38:38,memory_usage,63.77
2026-02-09 23:38:38,memory_usage,54.17
2026-02-10 00:38:38,memory_usage,66.15
2026-02-10 01:38:38,memory_usage,61.66
2026-02-10 02:38:38,memory_usage,59.64
2026-02-10 03:38:38,memory_usage,54.82
2026-02-10 04:38:38,memory_usage,57.36
2026-02-10 05:38:38,memory_usage,67.39
2026-02-10 06:38:38,memory_usage,91.4
2026-02-10 07:38:38,memory_usage,58.73
2026-02-10 08:38:38,memory_usage,65.1
2026-02-10 09:38:38,memory_usage,41.76
2026-02-10 10:38:38,memory_usage,63.92
2026-02-10 11:38:38,memory_usage,84.15
2026-02-10 12:38:38,memory_usage,99.77
2026-02-10 13:38:38,memory_usage,78.83
2026-02-10 14:38:38,memory_usage,53.07
2026-02-10 15:38:38,memory_usage,67.48
2026-02-10 16:38:38,memory_usage,77.3
2026-02-10 17:38:38,memory_usage,49.55
2026-02-10 18:38:38,memory_usage,67.67
2026-02-10 19:38:38,memory_usage,31.22
2026-02-10 20:38:38,memory_usage,51.74
2026-02-10 21:38:38,memory_usage,56.84
2026-02-10 22:38:38,memory_usage,59.39
2026-02-10 23:38:38,memory_usage,55.63
2026-02-11 00:38:38,memory_usage,59.22
2026-02-11 01:38:38,memory_usage,70.68
2026-02-11 02:38:38,memory_usage,53.8
2026-02-11 03:38:38,memory_usage,74.28
2026-02-11 04:38:38,memory_usage,58.68
2026-02-11 05:38:38,memory_usage,66.06
2026-02-11 06:38:38,memory_usage,65.52
2026-02-11 07:38:38,memory_usage,41.81
2026-02-11 08:38:38,memory_usage,60.83
2026-02-11 09:38:38,memory_usage,53.31
2026-02-11 10:38:38,memory_usage,45.07
2026-02-11 11:38:38,memory_usage,61.93
2026-02-11 12:38:38,memory_usage,64.83
2026-02-11 13:38:38,memory_usage,55.68
2026-02-11 14:38:38,memory_usage,29.33
2026-02-11 15:38:38,memory_usage,72.36
2026-02-11 16:38:38,memory_usage,68.82
2026-02-11 17:38:38,memory_usage,67.88
2026-02-11 18:38:38,memory_usage,59.07
2026-02-11 19:38:38,memory_usage,62.68
2026-02-11 20:38:38,memory_usage,66.18
2026-02-11 21:38:38,memory_usage,76.0
2026-02-11 22:38:38,memory_usage,54.74
2026-02-11 23:38:38,memory_usage,21.64
2026-02-12 00:38:38,memory_usage,58.99
2026-02-12 01:38:38,memory_usage,65.29
2026-02-12 02:38:38,memory_usage,92.2
2026-02-12 03:38:38,memory_usage,62.26
2026-02-12 04:38:38,memory_usage,53.14
2026-02-12 05:38:38,memory_usage,52.5
2026-02-12 06:38:38,memory_usage,69.49
2026-02-12 07:38:38,memory_usage,64.33
2026-02-12 08:38:38,memory_usage,57.22
2026-02-12 09:38:38,memory_usage,61.45
2026-02-12 10:38:38,memory_usage,63.31
2026-02-12 11:38:38,memory_usage,63.15
2026-02-12 12:38:38,memory_usage,65.94
2026-02-12 13:38:38,memory_usage,69.23
2026-02-12 14:38:38,memory_usage,63.43
2026-02-12 15:38:38,memory_usage,66.06
2026-02-12 16:38:38,memory_usage,46.21
2026-02-12 17:38:38,memory_usage,65.67
2026-02-12 18:38:38,memory_usage,62.33
2026-02-12 19:38:38,memory_usage,66.06
2026-02-12 20:38:38,memory_usage,58.26
2026-02-12 21:38:38,memory_usage,71.28
2026-02-12 22:38:38,memory_usage,49.8
2026-02-12 23:38:38,memory_usage,63.93
2026-02-13 00:38:38,memory_usage,63.94
2026-02-13 01:38:38,memory_usage,56.61
2026-02-13 02:38:38,memory_usage,56.74
2026-02-13 03:38:38,memory_usage,66.45
2026-02-13 04:38:38,memory_usage,51.31
2026-02-13 05:38:38,memory_usage,58.1
2026-02-13 06:38:38,memory_usage,42.72
2026-02-13 07:38:38,memory_usage,58.43
2026-02-13 08:38:38,memory_usage,48.12
2026-02-13 09:38:38,memory_usage,80.17
2026-02-13 10:38:38,memory_usage,70.91
2026-02-13 11:38:38,memory_usage,55.28
2026-02-13 12:38:38,memory_usage,48.23
2026-02-13 13:38:38,memory_usage,63.72
2026-02-13 14:38:38,memory_usage,58.52
2026-02-13 15:38:38,memory_usage,30.79
2026-02-13 16:38:38,memory_usage,86.61
2026-02-13 17:38:38,memory_usage,55.96
2026-02-13 18:38:38,memory_usage,67.62
2026-02-13 19:38:38,memory_usage,70.24
2026-02-13 20:38:38,memory_usage,48.33
2026-02-13 21:38:38,memory_usage,48.13
2026-02-13 22:38:38,memory_usage,53.37
2026-02-13 23:38:38,memory_usage,38.67
2026-02-14 00:38:38,memory_usage,58.34
2026-02-14 01:38:38,memory_usage,66.13
2026-02-14 02:38:38,memory_usage,44.5
2026-02-14 03:38:38,memory_usage,67.09
2026-02-14 04:38:38,memory_usage,67.14
2026-02-14 05:38:38,memory_usage,41.6
2026-02-14 06:38:38,memory_usage,64.68
2026-02-14 07:38:38,memory_usage,71.2
2026-02-14 08:38:38,memory_usage,48.4
2026-02-14 09:38:38,memory_usage,61.23
2026-02-14 10:38:38,memory_usage,55.67
2026-02-14 11:38:38,memory_usage,85.68
2026-02-14 12:38:38,memory_usage,64.69
2026-02-14 13:38:38,memory_usage,47.73
2026-02-14 14:38:38,memory_usage,55.25
2026-02-14 15:38:38,memory_usage,62.68
2026-02-14 16:38:38,memory_usage,61.91
2026-02-14 17:38:38,memory_usage,57.91
2026-02-14 18:38:38,memory_usage,59.67
2026-02-14 19:38:38,memory_usage,56.77
2026-02-14 20:38:38,memory_usage,91.9
2026-02-14 21:38:38,memory_usage,68.78
2026-02-14 22:38:38,memory_usage,44.04
2026-02-14 23:38:38,memory_usage,51.24
2026-02-15 00:38:38,memory_usage,70.1
2026-02-15 01:38:38,memory_usage,91.86
2026-02-15 02:38:38,memory_usage,57.31
2026-02-15 03:38:38,memory_usage,50.03
2026-02-15 04:38:38,memory_usage,50.86
2026-02-15 05:38:38,memory_usage,59.23
2026-02-15 06:38:38,memory_usage,72.9
2026-02-15 07:38:38,memory_usage,71.36
2026-02-15 08:38:38,memory_usage,62.16
2026-02-15 09:38:38,memory_usage,50.7
2026-02-15 10:38:38,memory_usage,71.25
2026-02-15 11:38:38,memory_usage,71.74
2026-02-15 12:38:38,memory_usage,84.55
2026-02-15 13:38:38,memory_usage,66.02
2026-02-15 14:38:38,memory_usage,58.6
2026-02-15 15:38:38,memory_usage,61.34
2026-02-15 16:38:38,memory_usage,54.93
2026-02-15 17:38:38,memory_usage,63.48
2026-02-15 18:38:38,memory_usage,72.7
2026-02-15 19:38:38,memory_usage,61.47
2026-02-15 20:38:38,memory_usage,74.55
2026-02-15 21:38:38,memory_usage,70.57
2026-02-15 22:38:38,memory_usage,60.4
2026-02-15 23:38:38,memory_usage,68.16
2026-02-16 00:38:38,memory_usage,75.66
2026-02-16 01:38:38,memory_usage,65.94
2026-02-16 02:38:38,memory_usage,52.77
2026-02-16 03:38:38,memory_usage,55.0
2026-02-16 04:38:38,memory_usage,68.42
2026-02-16 05:38:38,memory_usage,50.39
2026-02-16 06:38:38,memory_usage,68.01
2026-02-16 07:38:38,memory_usage,65.06
2026-02-16 08:38:38,memory_usage,91.83
2026-02-16 09:38:38,memory_usage,54.72
2026-02-16 10:38:38,memory_usage,62.66
2026-02-16 11:38:38,memory_usage,75.2
2026-02-16 12:38:38,memory_usage,60.4
2026-02-16 13:38:38,memory_usage,59.1
2026-02-16 14:38:38,memory_usage,68.42
2026-02-16 15:38:38,memory_usage,72.17
2026-02-16 16:38:38,memory_usage,56.01
2026-02-16 17:38:38,memory_usage,62.8
2026-02-16 18:38:38,memory_usage,70.27
2026-02-16 19:38:38,memory_usage,57.12
2026-02-16 20:38:38,memory_usage,67.47
2026-02-16 21:38:38,memory_usage,61.77
2026-02-16 22:38:38,memory_usage,50.79
2026-02-16 23:38:38,memory_usage,78.33
2026-02-17 00:38:38,memory_usage,63.77
2026-02-17 01:38:38,memory_usage,54.43
2026-02-17 02:38:38,memory_usage,70.0
2026-02-17 03:38:38,memory_usage,59.55
2026-02-17 04:38:38,memory_usage,58.46
2026-02-17 05:38:38,memory_usage,58.92
2026-02-17 06:38:38,memory_usage,59.47
2026-02-17 07:38:38,memory_usage,59.23
2026-02-17 08:38:38,memory_usage,58.55
2026-02-17 09:38:38,memory_usage,55.57
2026-02-17 10:38:38,memory_usage,53.89
2026-02-17 11:38:38,memory_usage,60.79
2026-02-17 12:38:38,memory_usage,54.03
2026-02-17 13:38:38,memory_usage,62.04
2026-02-17 14:38:38,memory_usage,69.55
2026-02-17 15:38:38,memory_usage,59.44
2026-02-17 16:38:38,memory_usage,61.14
2026-02-17 17:38:38,memory_usage,67.5
2026-02-17 18:38:38,memory_usage,57.89
2026-02-17 19:38:38,memory_usage,55.15
2026-02-17 20:38:38,memory_usage,41.09
2026-02-17 21:38:38,memory_usage,25.38
2026-02-17 22:38:38,memory_usage,55.23
2026-02-17 23:38:38,memory_usage,63.37
2026-02-18 00:38:38,memory_usage,64.22
2026-02-18 01:38:38,memory_usage,54.49
2026-02-18 02:38:38,memory_usage,60.76
2026-02-18 03:38:38,memory_usage,41.72
2026-02-18 04:38:38,memory_usage,55.4
2026-02-18 05:38:38,memory_usage,60.93
2026-02-18 06:38:38,memory_usage,29.97
2026-02-18 07:38:38,memory_usage,86.27
2026-02-18 08:38:38,memory_usage,66.27
2026-02-18 09:38:38,memory_usage,59.0
2026-02-18 10:38:38,memory_usage,66.94
2026-02-18 11:38:38,memory_usage,59.09
2026-02-18 12:38:38,memory_usage,48.42
2026-02-18 13:38:38,memory_usage,49.12
2026-02-18 14:38:38,memory_usage,58.3
2026-02-18 15:38:38,memory_usage,52.31
2026-02-18 16:38:38,memory_usage,59.59
2026-02-18 17:38:38,memory_usage,66.52
2026-02-18 18:38:38,memory_usage,57.55
2026-02-18 19:38:38,memory_usage,45.94
2026-02-18 20:38:38,memory_usage,64.56
2026-02-18 21:38:38,memory_usage,56.76
2026-02-18 22:38:38,memory_usage,58.52
2026-02-18 23:38:38,memory_usage,78.19
2026-02-19 00:38:38,memory_usage,67.52
2026-02-19 01:38:38,memory_usage,69.55
2026-02-19 02:38:38,memory_usage,57.75
2026-02-19 03:38:38,memory_usage,75.78
2026-02-19 04:38:38,memory_usage,53.63
2026-02-19 05:38:38,memory_usage,48.54
2026-02-19 06:38:38,memory_usage,77.53
2026-02-19 07:38:38,memory_usage,46.07
2026-02-19 08:38:38,memory_usage,56.81
2026-02-19 09:38:38,memory_usage,64.69
2026-02-19 10:38:38,memory_usage,57.85
2026-02-19 11:38:38,memory_usage,55.31
2026-02-19 12:38:38,memory_usage,60.61
2026-02-19 13:38:38,memory_usage,60.12
2026-02-19 14:38:38,memory_usage,61.52
2026-02-19 15:38:38,memory_usage,70.38
2026-02-19 16:38:38,memory_usage,65.17
2026-02-19 17:38:38,memory_usage,58.77
2026-02-19 18:38:38,memory_usage,62.55
2026-02-19 19:38:38,memory_usage,37.74
2026-02-19 20:38:38,memory_usage,59.3
2026-02-19 21:38:38,memory_usage,63.2
2026-02-19 22:38:38,memory_usage,54.55
2026-02-19 23:38:38,memory_usage,57.05
2026-02-20 00:38:38,memory_usage,67.57
2026-02-20 01:38:38,memory_usage,52.19
2026-02-20 02:38:38,memory_usage,67.8
2026-02-20 03:38:38,memory_usage,73.46
2026-02-20 04:38:38,memory_usage,57.26
2026-02-20 05:38:38,memory_usage,52.3
2026-02-20 06:38:38,memory_usage,54.93
2026-02-20 07:38:38,memory_usage,72.76
2026-02-20 08:38:38,memory_usage,90.24
2026-02-20 09:38:38,memory_usage,72.2
2026-02-20 10:38:38,memory_usage,54.87
2026-02-20 11:38:38,memory_usage,69.02
2026-02-20 12:38:38,memory_usage,53.44
2026-02-20 13:38:38,memory_usage,68.66
2026-02-20 14:38:38,memory_usage,70.31
2026-02-20 15:38:38,memory_usage,68.15
2026-02-20 16:38:38,memory_usage,44.02
2026-02-20 17:38:38,memory_usage,56.08
2026-02-20 18:38:38,memory_usage,68.3
2026-02-20 19:38:38,memory_usage,67.42
2026-02-20 20:38:38,memory_usage,53.01
2026-02-20 21:38:38,memory_usage,61.08
2026-02-20 22:38:38,memory_usage,68.01
2026-02-20 23:38:38,memory_usage,67.92
2026-02-21 00:38:38,memory_usage,68.71
2026-02-21 01:38:38,memory_usage,65.25
2026-02-21 02:38:38,memory_usage,67.47
2026-02-21 03:38:38,memory_usage,66.94
2026-02-21 04:38:38,memory_usage,66.06
2026-02-21 05:38:38,memory_usage,58.0
2026-02-21 06:38:38,memory_usage,56.73
2026-02-21 07:38:38,memory_usage,69.08
2026-02-21 08:38:38,memory_usage,25.85
2026-02-21 09:38:38,memory_usage,46.94
2026-02-21 10:38:38,memory_usage,65.76
2026-02-21 11:38:38,memory_usage,74.49
2026-02-21 12:38:38,memory_usage,27.91
2026-02-21 13:38:38,memory_usage,32.12
2026-02-21 14:38:38,memory_usage,69.02
2026-02-21 15:38:38,memory_usage,58.48
2026-02-21 16:38:38,memory_usage,95.26
2026-02-21 17:38:38,memory_usage,66.15
2026-02-21 18:38:38,memory_usage,60.84
2026-02-21 19:38:38,memory_usage,65.25
2026-02-21 20:38:38,memory_usage,57.33
2026-02-21 21:38:38,memory_usage,49.34
2026-02-21 22:38:38,memory_usage,73.75
2026-02-21 23:38:38,memory_usage,73.12
2026-02-22 00:38:38,memory_usage,34.72
2026-02-22 01:38:38,memory_usage,60.15
2026-02-22 02:38:38,memory_usage,64.66
2026-02-22 03:38:38,memory_usage,45.56
2026-02-22 04:38:38,memory_usage,68.01
2026-02-22 05:38:38,memory_usage,65.15
2026-02-22 06:38:38,memory_usage,90.05
2026-02-22 07:38:38,memory_usage,57.77
2026-02-22 08:38:38,memory_usage,96.1
2026-02-22 09:38:38,memory_usage,46.97
2026-02-22 10:38:38,memory_usage,45.84
2026-02-22 11:38:38,memory_usage,59.49
2026-02-22 12:38:38,memory_usage,50.3
2026-02-22 13:38:38,memory_usage,61.32
2026-02-22 14:38:38,memory_usage,54.35
2026-02-22 15:38:38,memory_usage,89.66
2026-02-22 16:38:38,memory_usage,62.82
2026-02-22 17:38:38,memory_usage,51.64
2026-02-22 18:38:38,memory_usage,62.07
2026-02-22 19:38:38,memory_usage,58.55
2026-02-22 20:38:38,memory_usage,66.6
2026-02-22 21:38:38,memory_usage,65.98
2026-02-22 22:38:38,memory_usage,56.79
2026-02-22 23:38:38,memory_usage,64.8
2026-02-23 00:38:38,memory_usage,47.61
2026-02-23 01:38:38,memory_usage,66.48
2026-02-23 02:38:38,memory_usage,47.61
2026-02-23 03:38:38,memory_usage,63.04
2026-02-23 04:38:38,memory_usage,61.0
2026-02-23 05:38:38,memory_usage,39.01
2026-02-23 06:38:38,memory_usage,59.85
2026-02-23 07:38:38,memory_usage,69.58
2026-02-23 08:38:38,memory_usage,61.03
2026-02-23 09:38:38,memory_usage,58.66
2026-02-23 10:38:38,memory_usage,69.87
2026-02-23 11:38:38,memory_usage,60.82
2026-02-23 12:38:38,memory_usage,61.6
2026-02-23 13:38:38,memory_usage,56.31
2026-02-23 14:38:38,memory_usage,58.37
2026-02-23 15:38:38,memory_usage,53.54
2026-02-23 16:38:38,memory_usage,56.99
2026-02-23 17:38:38,memory_usage,56.34
2026-02-23 18:38:38,memory_usage,52.0
2026-02-23 19:38:38,memory_usage,60.39
2026-02-23 20:38:38,memory_usage,79.69
2026-02-23 21:38:38,memory_usage,61.78
2026-02-23 22:38:38,memory_usage,65.2
2026-02-23 23:38:38,memory_usage,63.26
2026-02-24 00:38:38,memory_usage,55.96
2026-02-24 01:38:38,memory_usage,67.1
2026-02-24 02:38:38,memory_usage,56.66
2026-02-24 03:38:38,memory_usage,70.75
2026-02-24 04:38:38,memory_usage,60.83
2026-02-24 05:38:38,memory_usage,60.76
2026-02-24 06:38:38,memory_usage,34.68
2026-02-24 07:38:38,memory_usage,53.61
2026-02-24 08:38:38,memory_usage,45.5
2026-02-24 09:38:38,memory_usage,44.21
2026-02-24 10:38:38,memory_usage,50.85
2026-02-24 11:38:38,memory_usage,62.6
2026-02-24 12:38:38,memory_usage,20.77
2026-02-24 13:38:38,memory_usage,65.91
2026-02-24 14:38:38,memory_usage,46.13
2026-02-24 15:38:38,memory_usage,52.09
2026-02-24 16:38:38,memory_usage,64.26
2026-02-24 17:38:38,memory_usage,71.3
2026-02-24 18:38:38,memory_usage,58.91
2026-02-24 19:38:38,memory_usage,60.79
2026-02-24 20:38:38,memory_usage,67.17
2026-02-24 21:38:38,memory_usage,60.74
2026-02-24 22:38:38,memory_usage,54.01
2026-02-24 23:38:38,memory_usage,40.23
2026-02-25 00:38:38,memory_usage,45.88
2026-02-25 01:38:38,memory_usage,48.08
2026-02-25 02:38:38,memory_usage,63.76
2026-02-25 03:38:38,memory_usage,59.5
2026-02-25 04:38:38,memory_usage,58.71
2026-02-25 05:38:38,memory_usage,60.21
2026-02-25 06:38:38,memory_usage,64.46
2026-02-25 07:38:38,memory_usage,62.06
2026-02-25 08:38:38,memory_usage,53.83
2026-02-25 09:38:38,memory_usage,57.62
2026-02-25 10:38:38,memory_usage,60.38
2026-02-25 11:38:38,memory_usage,47.65
2026-02-25 12:38:38,memory_usage,47.49
2026-02-25 13:38:38,memory_usage,63.64
2026-02-25 14:38:38,memory_usage,42.03
2026-02-25 15:38:38,memory_usage,62.19
2026-02-25 16:38:38,memory_usage,43.85
2026-02-25 17:38:38,memory_usage,64.17
2026-02-25 18:38:38,memory_usage,61.94
2026-02-25 19:38:38,memory_usage,48.83
2026-02-25 20:38:38,memory_usage,60.41
2026-02-25 21:38:38,memory_usage,63.83
2026-02-25 22:38:38,memory_usage,88.78
2026-02-25 23:38:38,memory_usage,52.06
2026-02-26 00:38:38,memory_usage,55.61
2026-02-26 01:38:38,memory_usage,31.69
2026-02-26 02:38:38,memory_usage,63.68
2026-02-26 03:38:38,memory_usage,53.4
2026-02-26 04:38:38,memory_usage,61.72
2026-02-26 05:38:38,memory_usage,62.89
2026-02-26 06:38:38,memory_usage,68.12
2026-02-26 07:38:38,memory_usage,79.28
2026-02-26 08:38:38,memory_usage,63.93
2026-02-26 09:38:38,memory_usage,51.64
2026-02-26 10:38:38,memory_usage,94.94
2026-02-26 11:38:38,memory_usage,77.34
2026-02-26 12:38:38,memory_usage,68.81
2026-02-26 13:38:38,memory_usage,42.9
2026-02-26 14:38:38,memory_usage,62.58
2026-02-26 15:38:38,memory_usage,60.75
2026-02-26 16:38:38,memory_usage,55.33
2026-02-26 17:38:38,memory_usage,57.3
2026-02-26 18:38:38,memory_usage,58.95
2026-02-26 19:38:38,memory_usage,57.5
2026-02-26 20:38:38,memory_usage,70.24
2026-02-26 21:38:38,memory_usage,57.56
2026-02-26 22:38:38,memory_usage,81.95
2026-02-26 23:38:38,memory_usage,54.45
2026-02-27 00:38:38,memory_usage,56.42
2026-02-27 01:38:38,memory_usage,58.3
2026-02-27 02:38:38,memory_usage,53.41
2026-02-27 03:38:38,memory_usage,58.26
2026-02-27 04:38:38,memory_usage,55.12
2026-02-27 05:38:38,memory_usage,66.3
2026-02-27 06:38:38,memory_usage,56.17
2026-02-27 07:38:38,memory_usage,52.44
2026-02-27 08:38:38,memory_usage,26.89
2026-02-27 09:38:38,memory_usage,79.96
2026-02-27 10:38:38,memory_usage,60.26
2026-02-27 11:38:38,memory_usage,56.13
2026-02-27 12:38:38,memory_usage,33.67
2026-02-27 13:38:38,memory_usage,62.8
2026-02-27 14:38:38,memory_usage,67.21
2026-02-27 15:38:38,memory_usage,66.34
2026-02-27 16:38:38,memory_usage,62.02
2026-02-27 17:38:38,memory_usage,46.41
2026-02-27 18:38:38,memory_usage,66.27
2026-02-27 19:38:38,memory_usage,49.88
2026-02-27 20:38:38,memory_usage,75.09
2026-02-27 21:38:38,memory_usage,59.35
2026-02-27 22:38:38,memory_usage,57.07
2026-02-27 23:38:38,memory_usage,52.76
2026-02-28 00:38:38,memory_usage,53.47
2026-02-28 01:38:38,memory_usage,55.33
2026-02-28 02:38:38,memory_usage,84.33
2026-02-28 03:38:38,memory_usage,55.31
2026-02-28 04:38:38,memory_usage,64.07
2026-02-28 05:38:38,memory_usage,58.4
2026-02-28 06:38:38,memory_usage,75.91
2026-02-28 07:38:38,memory_usage,61.96
2026-02-28 08:38:38,memory_usage,51.02
2026-02-28 09:38:38,memory_usage,56.54
2026-02-28 10:38:38,memory_usage,79.53
2026-02-28 11:38:38,memory_usage,66.85
2026-02-28 12:38:38,memory_usage,59.89
2026-02-28 13:38:38,memory_usage,53.08
2026-02-28 14:38:38,memory_usage,53.85
2026-02-28 15:38:38,memory_usage,51.97
2026-02-28 16:38:38,memory_usage,48.14
2026-02-28 17:38:38,memory_usage,23.21
2026-02-28 18:38:38,memory_usage,64.71
2026-02-28 19:38:38,memory_usage,71.9
2026-02-28 20:38:38,memory_usage,52.58
2026-02-28 21:38:38,memory_usage,47.7
2026-02-28 22:38:38,memory_usage,58.22
2026-02-28 23:38:38,memory_usage,64.7
2026-03-01 00:38:38,memory_usage,55.2
2026-03-01 01:38:38,memory_usage,55.11
2026-03-01 02:38:38,memory_usage,65.95
2026-03-01 03:38:38,memory_usage,50.31
2026-03-01 04:38:38,memory_usage,59.7
2026-03-01 05:38:38,memory_usage,63.74
2026-03-01 06:38:38,memory_usage,54.23
2026-03-01 07:38:38,memory_usage,54.17
2026-03-01 08:38:38,memory_usage,75.45
2026-03-01 09:38:38,memory_usage,68.54
2026-03-01 10:38:38,memory_usage,54.75
2026-03-01 11:38:38,memory_usage,50.33
2026-03-01 12:38:38,memory_usage,55.7
2026-03-01 13:38:38,memory_usage,63.79
2026-03-01 14:38:38,memory_usage,59.29
2026-03-01 15:38:38,memory_usage,52.93
2026-03-01 16:38:38,memory_usage,64.48
2026-03-01 17:38:38,memory_usage,50.93
2026-03-01 18:38:38,memory_usage,62.73
2026-03-01 19:38:38,memory_usage,75.95
2026-03-01 20:38:38,memory_usage,61.23
2026-03-01 21:38:38,memory_usage,61.62
2026-03-01 22:38:38,memory_usage,53.39
2026-03-01 23:38:38,memory_usage,58.21
2026-03-02 00:38:38,memory_usage,56.0
2026-03-02 01:38:38,memory_usage,61.54
2026-03-02 02:38:38,memory_usage,55.58
2026-03-02 03:38:38,memory_usage,56.21
2026-03-02 04:38:38,memory_usage,67.99
2026-03-02 05:38:38,memory_usage,60.22
2026-03-02 06:38:38,memory_usage,65.44
2026-03-02 07:38:38,memory_usage,77.49
2026-03-02 08:38:38,memory_usage,62.17
2026-03-02 09:38:38,memory_usage,74.92
2026-03-02 10:38:38,memory_usage,60.52
2026-03-02 11:38:38,memory_usage,65.3
2026-03-02 12:38:38,memory_usage,68.28
2026-03-02 13:38:38,memory_usage,57.89
2026-03-02 14:38:38,memory_usage,63.93
2026-03-02 15:38:38,memory_usage,57.51
2026-03-02 16:38:38,memory_usage,63.23
2026-03-02 17:38:38,memory_usage,54.92
2026-03-02 18:38:38,memory_usage,97.19
2026-03-02 19:38:38,memory_usage,65.85
2026-03-02 20:38:38,memory_usage,70.73
2026-03-02 21:38:38,memory_usage,49.94
2026-03-02 22:38:38,memory_usage,69.49
2026-03-02 23:38:38,memory_usage,60.24
2026-03-03 00:38:38,memory_usage,60.52
2026-03-03 01:38:38,memory_usage,56.5
2026-03-03 02:38:38,memory_usage,46.02
2026-03-03 03:38:38,memory_usage,44.26
2026-03-03 04:38:38,memory_usage,51.09
2026-03-03 05:38:38,memory_usage,52.23
2026-03-03 06:38:38,memory_usage,54.49
2026-03-03 07:38:38,memory_usage,60.56
2026-03-03 08:38:38,memory_usage,69.4
2026-03-03 09:38:38,memory_usage,48.21
2026-03-03 10:38:38,memory_usage,57.09
2026-03-03 11:38:38,memory_usage,64.74
2026-03-03 12:38:38,memory_usage,66.08
2026-03-03 13:38:38,memory_usage,63.33
2026-03-03 14:38:38,memory_usage,59.49
2026-03-03 15:38:38,memory_usage,64.48
2026-03-03 16:38:38,memory_usage,89.56
2026-03-03 17:38:38,memory_usage,70.27
2026-03-03 18:38:38,memory_usage,74.48
2026-03-03 19:38:38,memory_usage,57.71
2026-03-03 20:38:38,memory_usage,62.41
2026-03-03 21:38:38,memory_usage,58.25
2026-03-03 22:38:38,memory_usage,46.36
2026-03-03 23:38:38,memory_usage,99.07
2026-03-04 00:38:38,memory_usage,70.13
2026-03-04 01:38:38,memory_usage,59.88
2026-03-04 02:38:38,memory_usage,55.35
2026-03-04 03:38:38,memory_usage,52.22
2026-03-04 04:38:38,memory_usage,63.73
2026-03-04 05:38:38,memory_usage,66.06
2026-03-04 06:38:38,memory_usage,58.93
2026-03-04 07:38:38,memory_usage,47.94
2026-03-04 08:38:38,memory_usage,90.0
2026-03-04 09:38:38,memory_usage,50.61
2026-03-04 10:38:38,memory_usage,55.96
2026-03-04 11:38:38,memory_usage,65.07
2026-03-04 12:38:38,memory_usage,59.36
2026-03-04 13:38:38,memory_usage,69.29
2026-03-04 14:38:38,memory_usage,63.41
2026-03-04 15:38:38,memory_usage,70.05
2026-03-04 16:38:38,memory_usage,64.48
2026-03-04 17:38:38,memory_usage,45.92
2026-03-04 18:38:38,memory_usage,61.5
2026-03-04 19:38:38,memory_usage,54.39
2026-03-04 20:38:38,memory_usage,61.61
2026-03-04 21:38:38,memory_usage,49.36
2026-03-04 22:38:38,memory_usage,77.39
2026-03-04 23:38:38,memory_usage,52.0
2026-03-05 00:38:38,memory_usage,65.82
2026-03-05 01:38:38,memory_usage,60.12
2026-03-05 02:38:38,memory_usage,32.09
2026-03-05 03:38:38,memory_usage,69.08
2026-03-05 04:38:38,memory_usage,64.87
2026-03-05 05:38:38,memory_usage,86.78
2026-03-05 06:38:38,memory_usage,66.28
2026-03-05 07:38:38,memory_usage,48.99
2026-03-05 08:38:38,memory_usage,65.17
2026-03-05 09:38:38,memory_usage,63.4
2026-03-05 10:38:38,memory_usage,67.78
2026-03-05 11:38:38,memory_usage,62.46
2026-03-05 12:38:38,memory_usage,48.6
2026-03-05 13:38:38,memory_usage,60.63
2026-03-05 14:38:38,memory_usage,58.21
2026-03-05 15:38:38,memory_usage,67.31
2026-03-05 16:38:38,memory_usage,55.38
2026-03-05 17:38:38,memory_usage,60.08
2026-03-05 18:38:38,memory_usage,63.39
2026-03-05 19:38:38,memory_usage,70.54
2026-03-05 20:38:38,memory_usage,54.14
2026-03-05 21:38:38,memory_usage,69.72
2026-03-05 22:38:38,memory_usage,65.93
2026-03-05 23:38:38,memory_usage,61.86
2026-03-06 00:38:38,memory_usage,52.87
2026-03-06 01:38:38,memory_usage,61.51
2026-03-06 02:38:38,memory_usage,49.55
2026-03-06 03:38:38,memory_usage,85.68
2026-03-06 04:38:38,memory_usage,64.43
2026-03-06 05:38:38,memory_usage,60.5
2026-03-06 06:38:38,memory_usage,62.72
2026-03-06 07:38:38,memory_usage,65.61
2026-03-06 08:38:38,memory_usage,52.7
2026-03-06 09:38:38,memory_usage,66.58
2026-03-06 10:38:38,memory_usage,61.12
2026-03-06 11:38:38,memory_usage,53.2
2026-03-06 12:38:38,memory_usage,90.96
2026-03-06 13:38:38,memory_usage,56.98
2026-03-06 14:38:38,memory_usage,60.42
2026-03-06 15:38:38,memory_usage,60.71
2026-03-06 16:38:38,memory_usage,97.0
2026-03-06 17:38:38,memory_usage,73.08
2026-03-06 18:38:38,memory_usage,77.54
2026-03-06 19:38:38,memory_usage,56.76
2026-03-06 20:38:38,memory_usage,67.76
2026-03-06 21:38:38,memory_usage,65.74
2026-03-06 22:38:38,memory_usage,45.43
2026-03-06 23:38:38,memory_usage,71.1
2026-03-07 00:38:38,memory_usage,54.16
2026-03-07 01:38:38,memory_usage,53.79
2026-03-07 02:38:38,memory_usage,62.23
2026-03-07 03:38:38,memory_usage,65.27
2026-03-07 04:38:38,memory_usage,65.02
2026-03-07 05:38:38,memory_usage,61.12
2026-03-07 06:38:38,memory_usage,60.44
2026-03-07 07:38:38,memory_usage,60.33
2026-03-07 08:38:38,memory_usage,60.59
2026-03-07 09:38:38,memory_usage,63.06
2026-03-07 10:38:38,memory_usage,68.06
2026-03-07 11:38:38,memory_usage,66.64
2026-03-07 12:38:38,memory_usage,67.41
2026-03-07 13:38:38,memory_usage,64.26
2026-03-07 14:38:38,memory_usage,65.69
2026-03-07 15:38:38,memory_usage,62.19
2026-03-07 16:38:38,memory_usage,65.84
2026-03-07 17:38:38,memory_usage,63.02
2026-03-07 18:38:38,memory_usage,45.56
2026-03-07 19:38:38,memory_usage,49.77
2026-03-07 20:38:38,memory_usage,60.85
2026-03-07 21:38:38,memory_usage,51.03
2026-03-07 22:38:38,memory_usage,61.88
2026-03-07 23:38:38,memory_usage,64.7
2026-03-08 00:38:38,memory_usage,65.36
2026-03-08 01:38:38,memory_usage,60.67
2026-03-08 02:38:38,memory_usage,64.78
2026-03-08 03:38:38,memory_usage,67.72
2026-03-08 04:38:38,memory_usage,68.54
2026-03-08 05:38:38,memory_usage,68.0
2026-03-08 06:38:38,memory_usage,63.12
2026-03-08 07:38:38,memory_usage,54.94
2026-03-08 08:38:38,memory_usage,49.55
2026-03-08 09:38:38,memory_usage,60.67
2026-03-08 10:38:38,memory_usage,59.94
2026-03-08 11:38:38,memory_usage,67.82
2026-03-08 12:38:38,memory_usage,56.08
2026-03-08 13:38:38,memory_usage,63.42
2026-03-08 14:38:38,memory_usage,45.55
2026-03-08 15:38:38,memory_usage,60.09
2026-03-08 16:38:38,memory_usage,60.25
2026-03-08 17:38:38,memory_usage,55.87
2026-03-08 18:38:38,memory_usage,90.41
2026-03-08 19:38:38,memory_usage,68.39
2026-03-08 20:38:38,memory_usage,64.49
2026-03-08 21:38:38,memory_usage,57.03
2026-03-08 22:38:38,memory_usage,41.6
2026-03-08 23:38:38,memory_usage,58.53
2026-03-09 00:38:38,memory_usage,63.3
2026-03-09 01:38:38,memory_usage,57.54
2026-03-09 02:38:38,memory_usage,43.63
2026-03-09 03:38:38,memory_usage,51.73
2026-03-09 04:38:38,memory_usage,51.61
2026-03-09 05:38:38,memory_usage,55.87
2026-03-09 06:38:38,memory_usage,56.44
2026-03-09 07:38:38,memory_usage,59.04
2026-03-09 08:38:38,memory_usage,63.59
2026-03-09 09:38:38,memory_usage,51.73
2026-03-09 10:38:38,memory_usage,58.9
2026-03-09 11:38:38,memory_usage,58.73
2026-03-09 12:38:38,memory_usage,68.42
2026-03-09 13:38:38,memory_usage,54.26
2026-03-09 14:38:38,memory_usage,55.13
2026-03-09 15:38:38,memory_usage,53.72
2026-03-09 16:38:38,memory_usage,60.92
2026-03-09 17:38:38,memory_usage,58.31
2026-03-09 18:38:38,memory_usage,66.66
2026-03-09 19:38:38,memory_usage,32.55
2026-03-09 20:38:38,memory_usage,62.2
2026-03-09 21:38:38,memory_usage,60.55
2026-03-09 22:38:38,memory_usage,53.46
2026-03-09 23:38:38,memory_usage,28.14
2026-03-10 00:38:38,memory_usage,61.09
2026-03-10 01:38:38,memory_usage,57.74
2026-03-10 02:38:38,memory_usage,47.71
2026-03-10 03:38:38,memory_usage,73.98
2026-03-10 04:38:38,memory_usage,60.41
2026-03-10 05:38:38,memory_usage,49.12
2026-03-10 06:38:38,memory_usage,72.18
2026-03-10 07:38:38,memory_usage,77.43
2026-03-10 08:38:38,memory_usage,59.9
2026-03-10 09:38:38,memory_usage,55.4
2026-03-10 10:38:38,memory_usage,61.46
2026-03-10 11:38:38,memory_usage,62.98
2026-03-10 12:38:38,memory_usage,49.57
2026-03-10 13:38:38,memory_usage,54.47
2026-03-10 14:38:38,memory_usage,58.32
2026-03-10 15:38:38,memory_usage,56.76
2026-03-10 16:38:38,memory_usage,72.63
2026-03-10 17:38:38,memory_usage,59.25
2026-03-10 18:38:38,memory_usage,46.34
2026-03-10 19:38:38,memory_usage,62.59
2026-03-10 20:38:38,memory_usage,59.98
2026-03-10 21:38:38,memory_usage,58.37
2026-03-10 22:38:38,memory_usage,47.27
2026-03-10 23:38:38,memory_usage,58.05
2026-03-11 00:38:38,memory_usage,61.65
2026-03-11 01:38:38,memory_usage,73.3
2026-03-11 02:38:38,memory_usage,56.02
2026-03-11 03:38:38,memory_usage,66.39
2026-03-11 04:38:38,memory_usage,57.58
2026-03-11 05:38:38,memory_usage,61.41
2026-03-11 06:38:38,memory_usage,64.09
2026-03-11 07:38:38,memory_usage,78.33
2026-03-11 08:38:38,memory_usage,69.39
2026-03-11 09:38:38,memory_usage,52.93
2026-03-11 10:38:38,memory_usage,62.3
2026-03-11 11:38:38,memory_usage,61.28
2026-03-11 12:38:38,memory_usage,63.46
2026-03-11 13:38:38,memory_usage,48.93
2026-03-11 14:38:38,memory_usage,59.68
2026-03-11 15:38:38,memory_usage,54.33
2026-03-11 16:38:38,memory_usage,53.2
2026-03-11 17:38:38,memory_usage,66.3
2026-03-11 18:38:38,memory_usage,71.75
2026-03-11 19:38:38,memory_usage,66.8
2026-03-11 20:38:38,memory_usage,73.23
2026-03-11 21:38:38,memory_usage,57.78
2026-03-11 22:38:38,memory_usage,82.47
2026-03-11 23:38:38,memory_usage,42.27
2026-03-12 00:38:38,memory_usage,74.52
2026-03-12 01:38:38,memory_usage,60.79
2026-03-12 02:38:38,memory_usage,60.95
2026-03-12 03:38:38,memory_usage,44.0
2026-03-12 04:38:38,memory_usage,58.79
2026-03-12 05:38:38,memory_usage,54.42
2026-03-12 06:38:38,memory_usage,49.32
2025-12-12 07:38:38,disk_io,33.47
2025-12-12 08:38:38,disk_io,38.34
2025-12-12 09:38:38,disk_io,27.87
2025-12-12 10:38:38,disk_io,24.71
2025-12-12 11:38:38,disk_io,31.0
2025-12-12 12:38:38,disk_io,25.31
2025-12-12 13:38:38,disk_io,35.17
2025-12-12 14:38:38,disk_io,25.11
2025-12-12 15:38:38,disk_io,66.54
2025-12-12 16:38:38,disk_io,15.78
2025-12-12 17:38:38,disk_io,29.68
2025-12-12 18:38:38,disk_io,31.28
2025-12-12 19:38:38,disk_io,36.03
2025-12-12 20:38:38,disk_io,35.78
2025-12-12 21:38:38,disk_io,22.02
2025-12-12 22:38:38,disk_io,29.79
2025-12-12 23:38:38,disk_io,21.97
2025-12-13 00:38:38,disk_io,26.41
2025-12-13 01:38:38,disk_io,30.48
2025-12-13 02:38:38,disk_io,36.62
2025-12-13 03:38:38,disk_io,35.43
2025-12-13 04:38:38,disk_io,31.65
2025-12-13 05:38:38,disk_io,56.17
2025-12-13 06:38:38,disk_io,31.84
2025-12-13 07:38:38,disk_io,16.05
2025-12-13 08:38:38,disk_io,32.95
2025-12-13 09:38:38,disk_io,36.14
2025-12-13 10:38:38,disk_io,25.08
2025-12-13 11:38:38,disk_io,29.86
2025-12-13 12:38:38,disk_io,34.77
2025-12-13 13:38:38,disk_io,11.7
2025-12-13 14:38:38,disk_io,9.84
2025-12-13 15:38:38,disk_io,26.03
2025-12-13 16:38:38,disk_io,45.12
2025-12-13 17:38:38,disk_io,30.1
2025-12-13 18:38:38,disk_io,28.3
2025-12-13 19:38:38,disk_io,35.75
2025-12-13 20:38:38,disk_io,30.56
2025-12-13 21:38:38,disk_io,37.74
2025-12-13 22:38:38,disk_io,19.02
2025-12-13 23:38:38,disk_io,23.22
2025-12-14 00:38:38,disk_io,41.72
2025-12-14 01:38:38,disk_io,27.54
2025-12-14 02:38:38,disk_io,24.79
2025-12-14 03:38:38,disk_io,27.5
2025-12-14 04:38:38,disk_io,26.94
2025-12-14 05:38:38,disk_io,39.51
2025-12-14 06:38:38,disk_io,23.55
2025-12-14 07:38:38,disk_io,13.33
2025-12-14 08:38:38,disk_io,30.09
2025-12-14 09:38:38,disk_io,40.51
2025-12-14 10:38:38,disk_io,27.57
2025-12-14 11:38:38,disk_io,39.56
2025-12-14 12:38:38,disk_io,26.3
2025-12-14 13:38:38,disk_io,40.66
2025-12-14 14:38:38,disk_io,30.64
2025-12-14 15:38:38,disk_io,26.11
2025-12-14 16:38:38,disk_io,33.83
2025-12-14 17:38:38,disk_io,15.14
2025-12-14 18:38:38,disk_io,51.64
2025-12-14 19:38:38,disk_io,32.02
2025-12-14 20:38:38,disk_io,36.23
2025-12-14 21:38:38,disk_io,18.49
2025-12-14 22:38:38,disk_io,43.63
2025-12-14 23:38:38,disk_io,27.59
2025-12-15 00:38:38,disk_io,67.42
2025-12-15 01:38:38,disk_io,31.84
2025-12-15 02:38:38,disk_io,19.45
2025-12-15 03:38:38,disk_io,30.19
2025-12-15 04:38:38,disk_io,38.22
2025-12-15 05:38:38,disk_io,37.21
2025-12-15 06:38:38,disk_io,29.43
2025-12-15 07:38:38,disk_io,28.81
2025-12-15 08:38:38,disk_io,33.84
2025-12-15 09:38:38,disk_io,31.15
2025-12-15 10:38:38,disk_io,30.14
2025-12-15 11:38:38,disk_io,29.76
2025-12-15 12:38:38,disk_io,41.71
2025-12-15 13:38:38,disk_io,22.71
2025-12-15 14:38:38,disk_io,28.36
2025-12-15 15:38:38,disk_io,28.79
2025-12-15 16:38:38,disk_io,32.05
2025-12-15 17:38:38,disk_io,30.9
2025-12-15 18:38:38,disk_io,30.37
2025-12-15 19:38:38,disk_io,23.15
2025-12-15 20:38:38,disk_io,30.89
2025-12-15 21:38:38,disk_io,35.75
2025-12-15 22:38:38,disk_io,32.33
2025-12-15 23:38:38,disk_io,22.58
2025-12-16 00:38:38,disk_io,31.54
2025-12-16 01:38:38,disk_io,31.04
2025-12-16 02:38:38,disk_io,28.06
2025-12-16 03:38:38,disk_io,32.41
2025-12-16 04:38:38,disk_io,25.9
2025-12-16 05:38:38,disk_io,36.11
2025-12-16 06:38:38,disk_io,45.78
2025-12-16 07:38:38,disk_io,36.84
2025-12-16 08:38:38,disk_io,24.69
2025-12-16 09:38:38,disk_io,35.65
2025-12-16 10:38:38,disk_io,37.67
2025-12-16 11:38:38,disk_io,33.71
2025-12-16 12:38:38,disk_io,34.54
2025-12-16 13:38:38,disk_io,65.81
2025-12-16 14:38:38,disk_io,21.46
2025-12-16 15:38:38,disk_io,30.31
2025-12-16 16:38:38,disk_io,31.9
2025-12-16 17:38:38,disk_io,0.09
2025-12-16 18:38:38,disk_io,43.92
2025-12-16 19:38:38,disk_io,34.85
2025-12-16 20:38:38,disk_io,68.92
2025-12-16 21:38:38,disk_io,37.16
2025-12-16 22:38:38,disk_io,21.56
2025-12-16 23:38:38,disk_io,20.03
2025-12-17 00:38:38,disk_io,28.34
2025-12-17 01:38:38,disk_io,31.01
2025-12-17 02:38:38,disk_io,13.38
2025-12-17 03:38:38,disk_io,27.19
2025-12-17 04:38:38,disk_io,33.41
2025-12-17 05:38:38,disk_io,23.76
2025-12-17 06:38:38,disk_io,65.52
2025-12-17 07:38:38,disk_io,21.7
2025-12-17 08:38:38,disk_io,23.72
2025-12-17 09:38:38,disk_io,34.9
2025-12-17 10:38:38,disk_io,22.81
2025-12-17 11:38:38,disk_io,6.37
2025-12-17 12:38:38,disk_io,25.82
2025-12-17 13:38:38,disk_io,23.07
2025-12-17 14:38:38,disk_io,32.79
2025-12-17 15:38:38,disk_io,0.0
2025-12-17 16:38:38,disk_io,34.55
2025-12-17 17:38:38,disk_io,27.67
2025-12-17 18:38:38,disk_io,37.39
2025-12-17 19:38:38,disk_io,29.4
2025-12-17 20:38:38,disk_io,18.04
2025-12-17 21:38:38,disk_io,23.88
2025-12-17 22:38:38,disk_io,19.84
2025-12-17 23:38:38,disk_io,30.82
2025-12-18 00:38:38,disk_io,31.85
2025-12-18 01:38:38,disk_io,32.32
2025-12-18 02:38:38,disk_io,40.57
2025-12-18 03:38:38,disk_io,26.19
2025-12-18 04:38:38,disk_io,46.69
2025-12-18 05:38:38,disk_io,27.36
2025-12-18 06:38:38,disk_io,21.1
2025-12-18 07:38:38,disk_io,32.15
2025-12-18 08:38:38,disk_io,20.96
2025-12-18 09:38:38,disk_io,35.15
2025-12-18 10:38:38,disk_io,26.09
2025-12-18 11:38:38,disk_io,37.89
2025-12-18 12:38:38,disk_io,24.09
2025-12-18 13:38:38,disk_io,27.55
2025-12-18 14:38:38,disk_io,41.18
2025-12-18 15:38:38,disk_io,39.46
2025-12-18 16:38:38,disk_io,30.38
2025-12-18 17:38:38,disk_io,27.65
2025-12-18 18:38:38,disk_io,20.83
2025-12-18 19:38:38,disk_io,16.5
2025-12-18 20:38:38,disk_io,21.53
2025-12-18 21:38:38,disk_io,40.77
2025-12-18 22:38:38,disk_io,32.47
2025-12-18 23:38:38,disk_io,22.43
2025-12-19 00:38:38,disk_io,34.85
2025-12-19 01:38:38,disk_io,22.38
2025-12-19 02:38:38,disk_io,37.43
2025-12-19 03:38:38,disk_io,26.49
2025-12-19 04:38:38,disk_io,36.39
2025-12-19 05:38:38,disk_io,16.29
2025-12-19 06:38:38,disk_io,64.25
2025-12-19 07:38:38,disk_io,25.82
2025-12-19 08:38:38,disk_io,38.69
2025-12-19 09:38:38,disk_io,25.86
2025-12-19 10:38:38,disk_io,41.22
2025-12-19 11:38:38,disk_io,25.7
2025-12-19 12:38:38,disk_io,36.6
2025-12-19 13:38:38,disk_io,59.43
2025-12-19 14:38:38,disk_io,34.16
2025-12-19 15:38:38,disk_io,20.44
2025-12-19 16:38:38,disk_io,40.67
2025-12-19 17:38:38,disk_io,34.43
2025-12-19 18:38:38,disk_io,36.39
2025-12-19 19:38:38,disk_io,29.44
2025-12-19 20:38:38,disk_io,17.74
2025-12-19 21:38:38,disk_io,26.92
2025-12-19 22:38:38,disk_io,26.99
2025-12-19 23:38:38,disk_io,32.82
2025-12-20 00:38:38,disk_io,17.0
2025-12-20 01:38:38,disk_io,29.8
2025-12-20 02:38:38,disk_io,21.49
2025-12-20 03:38:38,disk_io,28.82
2025-12-20 04:38:38,disk_io,28.74
2025-12-20 05:38:38,disk_io,29.43
2025-12-20 06:38:38,disk_io,0.0
2025-12-20 07:38:38,disk_io,26.53
2025-12-20 08:38:38,disk_io,34.48
2025-12-20 09:38:38,disk_io,24.25
2025-12-20 10:38:38,disk_io,44.66
2025-12-20 11:38:38,disk_io,25.29
2025-12-20 12:38:38,disk_io,25.89
2025-12-20 13:38:38,disk_io,68.72
2025-12-20 14:38:38,disk_io,25.51
2025-12-20 15:38:38,disk_io,32.1
2025-12-20 16:38:38,disk_io,18.82
2025-12-20 17:38:38,disk_io,12.28
2025-12-20 18:38:38,disk_io,37.44
2025-12-20 19:38:38,disk_io,31.06
2025-12-20 20:38:38,disk_io,25.67
2025-12-20 21:38:38,disk_io,19.71
2025-12-20 22:38:38,disk_io,34.88
2025-12-20 23:38:38,disk_io,29.46
2025-12-21 00:38:38,disk_io,30.86
2025-12-21 01:38:38,disk_io,22.87
2025-12-21 02:38:38,disk_io,29.95
2025-12-21 03:38:38,disk_io,34.54
2025-12-21 04:38:38,disk_io,22.58
2025-12-21 05:38:38,disk_io,20.77
2025-12-21 06:38:38,disk_io,43.96
2025-12-21 07:38:38,disk_io,0.0
2025-12-21 08:38:38,disk_io,29.55
2025-12-21 09:38:38,disk_io,29.49
2025-12-21 10:38:38,disk_io,16.22
2025-12-21 11:38:38,disk_io,29.33
2025-12-21 12:38:38,disk_io,41.11
2025-12-21 13:38:38,disk_io,14.31
2025-12-21 14:38:38,disk_io,32.89
2025-12-21 15:38:38,disk_io,24.65
2025-12-21 16:38:38,disk_io,39.86
2025-12-21 17:38:38,disk_io,21.86
2025-12-21 18:38:38,disk_io,32.91
2025-12-21 19:38:38,disk_io,30.39
2025-12-21 20:38:38,disk_io,38.67
2025-12-21 21:38:38,disk_io,59.39
2025-12-21 22:38:38,disk_io,28.11
2025-12-21 23:38:38,disk_io,28.64
2025-12-22 00:38:38,disk_io,57.38
2025-12-22 01:38:38,disk_io,39.34
2025-12-22 02:38:38,disk_io,26.08
2025-12-22 03:38:38,disk_io,45.52
2025-12-22 04:38:38,disk_io,35.94
2025-12-22 05:38:38,disk_io,38.47
2025-12-22 06:38:38,disk_io,27.5
2025-12-22 07:38:38,disk_io,21.66
2025-12-22 08:38:38,disk_io,31.63
2025-12-22 09:38:38,disk_io,26.39
2025-12-22 10:38:38,disk_io,46.69
2025-12-22 11:38:38,disk_io,19.64
2025-12-22 12:38:38,disk_io,41.67
2025-12-22 13:38:38,disk_io,17.29
2025-12-22 14:38:38,disk_io,23.05
2025-12-22 15:38:38,disk_io,17.15
2025-12-22 16:38:38,disk_io,26.09
2025-12-22 17:38:38,disk_io,28.52
2025-12-22 18:38:38,disk_io,25.13
2025-12-22 19:38:38,disk_io,33.53
2025-12-22 20:38:38,disk_io,28.58
2025-12-22 21:38:38,disk_io,14.36
2025-12-22 22:38:38,disk_io,22.66
2025-12-22 23:38:38,disk_io,27.42
2025-12-23 00:38:38,disk_io,38.95
2025-12-23 01:38:38,disk_io,31.1
2025-12-23 02:38:38,disk_io,26.47
2025-12-23 03:38:38,disk_io,18.81
2025-12-23 04:38:38,disk_io,31.45
2025-12-23 05:38:38,disk_io,40.99
2025-12-23 06:38:38,disk_io,27.75
2025-12-23 07:38:38,disk_io,23.34
2025-12-23 08:38:38,disk_io,34.76
2025-12-23 09:38:38,disk_io,39.3
2025-12-23 10:38:38,disk_io,0.0
2025-12-23 11:38:38,disk_io,41.38
2025-12-23 12:38:38,disk_io,22.65
2025-12-23 13:38:38,disk_io,33.44
2025-12-23 14:38:38,disk_io,20.25
2025-12-23 15:38:38,disk_io,30.09
2025-12-23 16:38:38,disk_io,29.19
2025-12-23 17:38:38,disk_io,29.3
2025-12-23 18:38:38,disk_io,32.28
2025-12-23 19:38:38,disk_io,48.58
2025-12-23 20:38:38,disk_io,29.23
2025-12-23 21:38:38,disk_io,34.8
2025-12-23 22:38:38,disk_io,27.53
2025-12-23 23:38:38,disk_io,23.34
2025-12-24 00:38:38,disk_io,22.6
2025-12-24 01:38:38,disk_io,44.28
2025-12-24 02:38:38,disk_io,36.4
2025-12-24 03:38:38,disk_io,25.19
2025-12-24 04:38:38,disk_io,61.44
2025-12-24 05:38:38,disk_io,38.41
2025-12-24 06:38:38,disk_io,37.14
2025-12-24 07:38:38,disk_io,28.92
2025-12-24 08:38:38,disk_io,38.11
2025-12-24 09:38:38,disk_io,37.13
2025-12-24 10:38:38,disk_io,68.58
2025-12-24 11:38:38,disk_io,24.26
2025-12-24 12:38:38,disk_io,51.26
2025-12-24 13:38:38,disk_io,32.24
2025-12-24 14:38:38,disk_io,18.64
2025-12-24 15:38:38,disk_io,24.16
2025-12-24 16:38:38,disk_io,25.14
2025-12-24 17:38:38,disk_io,37.89
2025-12-24 18:38:38,disk_io,37.18
2025-12-24 19:38:38,disk_io,24.32
2025-12-24 20:38:38,disk_io,43.55
2025-12-24 21:38:38,disk_io,26.92
2025-12-24 22:38:38,disk_io,25.13
2025-12-24 23:38:38,disk_io,11.39
2025-12-25 00:38:38,disk_io,27.65
2025-12-25 01:38:38,disk_io,36.59
2025-12-25 02:38:38,disk_io,28.72
2025-12-25 03:38:38,disk_io,39.89
2025-12-25 04:38:38,disk_io,26.41
2025-12-25 05:38:38,disk_io,29.67
2025-12-25 06:38:38,disk_io,32.43
2025-12-25 07:38:38,disk_io,29.36
2025-12-25 08:38:38,disk_io,14.11
2025-12-25 09:38:38,disk_io,37.54
2025-12-25 10:38:38,disk_io,30.69
2025-12-25 11:38:38,disk_io,43.29
2025-12-25 12:38:38,disk_io,4.64
2025-12-25 13:38:38,disk_io,30.22
2025-12-25 14:38:38,disk_io,25.03
2025-12-25 15:38:38,disk_io,36.48
2025-12-25 16:38:38,disk_io,28.81
2025-12-25 17:38:38,disk_io,34.57
2025-12-25 18:38:38,disk_io,41.1
2025-12-25 19:38:38,disk_io,44.11
2025-12-25 20:38:38,disk_io,27.94
2025-12-25 21:38:38,disk_io,31.08
2025-12-25 22:38:38,disk_io,9.06
2025-12-25 23:38:38,disk_io,32.63
2025-12-26 00:38:38,disk_io,28.19
2025-12-26 01:38:38,disk_io,22.52
2025-12-26 02:38:38,disk_io,38.69
2025-12-26 03:38:38,disk_io,22.52
2025-12-26 04:38:38,disk_io,39.57
2025-12-26 05:38:38,disk_io,33.94
2025-12-26 06:38:38,disk_io,32.32
2025-12-26 07:38:38,disk_io,24.53
2025-12-26 08:38:38,disk_io,65.21
2025-12-26 09:38:38,disk_io,42.21
2025-12-26 10:38:38,disk_io,64.91
2025-12-26 11:38:38,disk_io,32.54
2025-12-26 12:38:38,disk_io,29.68
2025-12-26 13:38:38,disk_io,38.23
2025-12-26 14:38:38,disk_io,21.19
2025-12-26 15:38:38,disk_io,28.17
2025-12-26 16:38:38,disk_io,33.4
2025-12-26 17:38:38,disk_io,36.35
2025-12-26 18:38:38,disk_io,0.0
2025-12-26 19:38:38,disk_io,32.75
2025-12-26 20:38:38,disk_io,50.1
2025-12-26 21:38:38,disk_io,21.63
2025-12-26 22:38:38,disk_io,28.63
2025-12-26 23:38:38,disk_io,47.8
2025-12-27 00:38:38,disk_io,25.91
2025-12-27 01:38:38,disk_io,29.17
2025-12-27 02:38:38,disk_io,22.09
2025-12-27 03:38:38,disk_io,34.01
2025-12-27 04:38:38,disk_io,26.14
2025-12-27 05:38:38,disk_io,20.19
2025-12-27 06:38:38,disk_io,25.36
2025-12-27 07:38:38,disk_io,25.06
2025-12-27 08:38:38,disk_io,54.83
2025-12-27 09:38:38,disk_io,32.37
2025-12-27 10:38:38,disk_io,25.29
2025-12-27 11:38:38,disk_io,32.09
2025-12-27 12:38:38,disk_io,31.97
2025-12-27 13:38:38,disk_io,36.97
2025-12-27 14:38:38,disk_io,35.95
2025-12-27 15:38:38,disk_io,33.0
2025-12-27 16:38:38,disk_io,19.76
2025-12-27 17:38:38,disk_io,32.48
2025-12-27 18:38:38,disk_io,25.49
2025-12-27 19:38:38,disk_io,26.44
2025-12-27 20:38:38,disk_io,23.23
2025-12-27 21:38:38,disk_io,37.77
2025-12-27 22:38:38,disk_io,19.81
2025-12-27 23:38:38,disk_io,27.91
2025-12-28 00:38:38,disk_io,27.24
2025-12-28 01:38:38,disk_io,26.58
2025-12-28 02:38:38,disk_io,46.02
2025-12-28 03:38:38,disk_io,26.48
2025-12-28 04:38:38,disk_io,23.53
2025-12-28 05:38:38,disk_io,16.78
2025-12-28 06:38:38,disk_io,23.9
2025-12-28 07:38:38,disk_io,41.57
2025-12-28 08:38:38,disk_io,31.95
2025-12-28 09:38:38,disk_io,31.97
2025-12-28 10:38:38,disk_io,24.33
2025-12-28 11:38:38,disk_io,40.05
2025-12-28 12:38:38,disk_io,34.6
2025-12-28 13:38:38,disk_io,0.0
2025-12-28 14:38:38,disk_io,22.44
2025-12-28 15:38:38,disk_io,24.45
2025-12-28 16:38:38,disk_io,30.14
2025-12-28 17:38:38,disk_io,39.7
2025-12-28 18:38:38,disk_io,27.1
2025-12-28 19:38:38,disk_io,30.51
2025-12-28 20:38:38,disk_io,25.59
2025-12-28 21:38:38,disk_io,37.39
2025-12-28 22:38:38,disk_io,30.19
2025-12-28 23:38:38,disk_io,40.69
2025-12-29 00:38:38,disk_io,31.77
2025-12-29 01:38:38,disk_io,27.89
2025-12-29 02:38:38,disk_io,28.69
2025-12-29 03:38:38,disk_io,43.7
2025-12-29 04:38:38,disk_io,30.84
2025-12-29 05:38:38,disk_io,24.26
2025-12-29 06:38:38,disk_io,27.42
2025-12-29 07:38:38,disk_io,43.14
2025-12-29 08:38:38,disk_io,20.81
2025-12-29 09:38:38,disk_io,25.24
2025-12-29 10:38:38,disk_io,38.79
2025-12-29 11:38:38,disk_io,35.13
2025-12-29 12:38:38,disk_io,23.5
2025-12-29 13:38:38,disk_io,27.98
2025-12-29 14:38:38,disk_io,25.5
2025-12-29 15:38:38,disk_io,43.09
2025-12-29 16:38:38,disk_io,32.63
2025-12-29 17:38:38,disk_io,28.14
2025-12-29 18:38:38,disk_io,28.58
2025-12-29 19:38:38,disk_io,25.68
2025-12-29 20:38:38,disk_io,38.6
2025-12-29 21:38:38,disk_io,34.92
2025-12-29 22:38:38,disk_io,38.46
2025-12-29 23:38:38,disk_io,28.62
2025-12-30 00:38:38,disk_io,26.25
2025-12-30 01:38:38,disk_io,33.75
2025-12-30 02:38:38,disk_io,31.22
2025-12-30 03:38:38,disk_io,46.45
2025-12-30 04:38:38,disk_io,28.23
2025-12-30 05:38:38,disk_io,26.33
2025-12-30 06:38:38,disk_io,30.87
2025-12-30 07:38:38,disk_io,23.88
2025-12-30 08:38:38,disk_io,33.81
2025-12-30 09:38:38,disk_io,22.49
2025-12-30 10:38:38,disk_io,32.79
2025-12-30 11:38:38,disk_io,57.49
2025-12-30 12:38:38,disk_io,43.9
2025-12-30 13:38:38,disk_io,11.94
2025-12-30 14:38:38,disk_io,35.1
2025-12-30 15:38:38,disk_io,24.05
2025-12-30 16:38:38,disk_io,34.12
2025-12-30 17:38:38,disk_io,21.97
2025-12-30 18:38:38,disk_io,29.12
2025-12-30 19:38:38,disk_io,64.47
2025-12-30 20:38:38,disk_io,26.22
2025-12-30 21:38:38,disk_io,45.6
2025-12-30 22:38:38,disk_io,36.69
2025-12-30 23:38:38,disk_io,23.77
2025-12-31 00:38:38,disk_io,31.38
2025-12-31 01:38:38,disk_io,35.34
2025-12-31 02:38:38,disk_io,24.15
2025-12-31 03:38:38,disk_io,27.48
2025-12-31 04:38:38,disk_io,33.84
2025-12-31 05:38:38,disk_io,23.0
2025-12-31 06:38:38,disk_io,28.87
2025-12-31 07:38:38,disk_io,25.99
2025-12-31 08:38:38,disk_io,33.52
2025-12-31 09:38:38,disk_io,27.87
2025-12-31 10:38:38,disk_io,23.78
2025-12-31 11:38:38,disk_io,26.1
2025-12-31 12:38:38,disk_io,35.82
2025-12-31 13:38:38,disk_io,34.77
2025-12-31 14:38:38,disk_io,31.99
2025-12-31 15:38:38,disk_io,13.98
2025-12-31 16:38:38,disk_io,62.94
2025-12-31 17:38:38,disk_io,26.1
2025-12-31 18:38:38,disk_io,31.46
2025-12-31 19:38:38,disk_io,35.44
2025-12-31 20:38:38,disk_io,20.74
2025-12-31 21:38:38,disk_io,31.98
2025-12-31 22:38:38,disk_io,27.59
2025-12-31 23:38:38,disk_io,39.38
2026-01-01 00:38:38,disk_io,26.19
2026-01-01 01:38:38,disk_io,19.32
2026-01-01 02:38:38,disk_io,24.72
2026-01-01 03:38:38,disk_io,14.96
2026-01-01 04:38:38,disk_io,15.62
2026-01-01 05:38:38,disk_io,17.06
2026-01-01 06:38:38,disk_io,33.6
2026-01-01 07:38:38,disk_io,32.65
2026-01-01 08:38:38,disk_io,34.05
2026-01-01 09:38:38,disk_io,25.4
2026-01-01 10:38:38,disk_io,22.53
2026-01-01 11:38:38,disk_io,47.66
2026-01-01 12:38:38,disk_io,31.0
2026-01-01 13:38:38,disk_io,21.7
2026-01-01 14:38:38,disk_io,41.81
2026-01-01 15:38:38,disk_io,40.39
2026-01-01 16:38:38,disk_io,34.91
2026-01-01 17:38:38,disk_io,28.6
2026-01-01 18:38:38,disk_io,23.53
2026-01-01 19:38:38,disk_io,26.48
2026-01-01 20:38:38,disk_io,39.08
2026-01-01 21:38:38,disk_io,24.4
2026-01-01 22:38:38,disk_io,20.47
2026-01-01 23:38:38,disk_io,34.77
2026-01-02 00:38:38,disk_io,29.59
2026-01-02 01:38:38,disk_io,24.68
2026-01-02 02:38:38,disk_io,25.33
2026-01-02 03:38:38,disk_io,14.13
2026-01-02 04:38:38,disk_io,25.84
2026-01-02 05:38:38,disk_io,38.23
2026-01-02 06:38:38,disk_io,22.63
2026-01-02 07:38:38,disk_io,49.35
2026-01-02 08:38:38,disk_io,29.75
2026-01-02 09:38:38,disk_io,10.81
2026-01-02 10:38:38,disk_io,18.73
2026-01-02 11:38:38,disk_io,4.0
2026-01-02 12:38:38,disk_io,46.9
2026-01-02 13:38:38,disk_io,31.72
2026-01-02 14:38:38,disk_io,22.6
2026-01-02 15:38:38,disk_io,34.97
2026-01-02 16:38:38,disk_io,39.68
2026-01-02 17:38:38,disk_io,36.62
2026-01-02 18:38:38,disk_io,36.42
2026-01-02 19:38:38,disk_io,26.5
2026-01-02 20:38:38,disk_io,22.8
2026-01-02 21:38:38,disk_io,33.96
2026-01-02 22:38:38,disk_io,23.34
2026-01-02 23:38:38,disk_io,26.76
2026-01-03 00:38:38,disk_io,23.61
2026-01-03 01:38:38,disk_io,24.46
2026-01-03 02:38:38,disk_io,34.61
2026-01-03 03:38:38,disk_io,24.02
2026-01-03 04:38:38,disk_io,34.77
2026-01-03 05:38:38,disk_io,39.63
2026-01-03 06:38:38,disk_io,25.6
2026-01-03 07:38:38,disk_io,21.43
2026-01-03 08:38:38,disk_io,37.73
2026-01-03 09:38:38,disk_io,32.22
2026-01-03 10:38:38,disk_io,23.82
2026-01-03 11:38:38,disk_io,27.15
2026-01-03 12:38:38,disk_io,32.9
2026-01-03 13:38:38,disk_io,17.85
2026-01-03 14:38:38,disk_io,43.22
2026-01-03 15:38:38,disk_io,36.99
2026-01-03 16:38:38,disk_io,29.91
2026-01-03 17:38:38,disk_io,42.72
2026-01-03 18:38:38,disk_io,41.08
2026-01-03 19:38:38,disk_io,28.3
2026-01-03 20:38:38,disk_io,27.7
2026-01-03 21:38:38,disk_io,28.0
2026-01-03 22:38:38,disk_io,34.23
2026-01-03 23:38:38,disk_io,33.57
2026-01-04 00:38:38,disk_io,15.59
2026-01-04 01:38:38,disk_io,32.99
2026-01-04 02:38:38,disk_io,32.94
2026-01-04 03:38:38,disk_io,10.94
2026-01-04 04:38:38,disk_io,28.08
2026-01-04 05:38:38,disk_io,30.38
2026-01-04 06:38:38,disk_io,16.83
2026-01-04 07:38:38,disk_io,20.27
2026-01-04 08:38:38,disk_io,23.33
2026-01-04 09:38:38,disk_io,34.34
2026-01-04 10:38:38,disk_io,40.07
2026-01-04 11:38:38,disk_io,33.78
2026-01-04 12:38:38,disk_io,30.81
2026-01-04 13:38:38,disk_io,35.58
2026-01-04 14:38:38,disk_io,10.65
2026-01-04 15:38:38,disk_io,39.3
2026-01-04 16:38:38,disk_io,28.82
2026-01-04 17:38:38,disk_io,38.13
2026-01-04 18:38:38,disk_io,35.02
2026-01-04 19:38:38,disk_io,23.81
2026-01-04 20:38:38,disk_io,31.79
2026-01-04 21:38:38,disk_io,24.44
2026-01-04 22:38:38,disk_io,33.48
2026-01-04 23:38:38,disk_io,44.37
2026-01-05 00:38:38,disk_io,33.52
2026-01-05 01:38:38,disk_io,11.31
2026-01-05 02:38:38,disk_io,23.48
2026-01-05 03:38:38,disk_io,37.01
2026-01-05 04:38:38,disk_io,23.07
2026-01-05 05:38:38,disk_io,0.0
2026-01-05 06:38:38,disk_io,21.74
2026-01-05 07:38:38,disk_io,28.72
2026-01-05 08:38:38,disk_io,25.85
2026-01-05 09:38:38,disk_io,26.51
2026-01-05 10:38:38,disk_io,27.04
2026-01-05 11:38:38,disk_io,27.32
2026-01-05 12:38:38,disk_io,42.44
2026-01-05 13:38:38,disk_io,39.58
2026-01-05 14:38:38,disk_io,32.25
2026-01-05 15:38:38,disk_io,67.79
2026-01-05 16:38:38,disk_io,36.49
2026-01-05 17:38:38,disk_io,30.0
2026-01-05 18:38:38,disk_io,36.3
2026-01-05 19:38:38,disk_io,33.37
2026-01-05 20:38:38,disk_io,28.2
2026-01-05 21:38:38,disk_io,39.55
2026-01-05 22:38:38,disk_io,0.0
2026-01-05 23:38:38,disk_io,45.21
2026-01-06 00:38:38,disk_io,25.74
2026-01-06 01:38:38,disk_io,23.22
2026-01-06 02:38:38,disk_io,31.93
2026-01-06 03:38:38,disk_io,26.35
2026-01-06 04:38:38,disk_io,32.66
2026-01-06 05:38:38,disk_io,20.96
2026-01-06 06:38:38,disk_io,22.82
2026-01-06 07:38:38,disk_io,25.37
2026-01-06 08:38:38,disk_io,21.33
2026-01-06 09:38:38,disk_io,38.74
2026-01-06 10:38:38,disk_io,28.83
2026-01-06 11:38:38,disk_io,0.0
2026-01-06 12:38:38,disk_io,22.42
2026-01-06 13:38:38,disk_io,29.76
2026-01-06 14:38:38,disk_io,31.8
2026-01-06 15:38:38,disk_io,31.61
2026-01-06 16:38:38,disk_io,22.34
2026-01-06 17:38:38,disk_io,40.27
2026-01-06 18:38:38,disk_io,30.38
2026-01-06 19:38:38,disk_io,35.89
2026-01-06 20:38:38,disk_io,25.44
2026-01-06 21:38:38,disk_io,33.49
2026-01-06 22:38:38,disk_io,30.91
2026-01-06 23:38:38,disk_io,23.08
2026-01-07 00:38:38,disk_io,29.87
2026-01-07 01:38:38,disk_io,27.41
2026-01-07 02:38:38,disk_io,28.19
2026-01-07 03:38:38,disk_io,37.38
2026-01-07 04:38:38,disk_io,28.96
2026-01-07 05:38:38,disk_io,36.84
2026-01-07 06:38:38,disk_io,34.28
2026-01-07 07:38:38,disk_io,30.71
2026-01-07 08:38:38,disk_io,37.88
2026-01-07 09:38:38,disk_io,54.26
2026-01-07 10:38:38,disk_io,30.73
2026-01-07 11:38:38,disk_io,36.31
2026-01-07 12:38:38,disk_io,24.1
2026-01-07 13:38:38,disk_io,32.82
2026-01-07 14:38:38,disk_io,0.0
2026-01-07 15:38:38,disk_io,12.64
2026-01-07 16:38:38,disk_io,22.68
2026-01-07 17:38:38,disk_io,16.79
2026-01-07 18:38:38,disk_io,25.83
2026-01-07 19:38:38,disk_io,33.62
2026-01-07 20:38:38,disk_io,24.83
2026-01-07 21:38:38,disk_io,26.88
2026-01-07 22:38:38,disk_io,29.59
2026-01-07 23:38:38,disk_io,44.01
2026-01-08 00:38:38,disk_io,20.13
2026-01-08 01:38:38,disk_io,22.71
2026-01-08 02:38:38,disk_io,40.54
2026-01-08 03:38:38,disk_io,27.78
2026-01-08 04:38:38,disk_io,25.35
2026-01-08 05:38:38,disk_io,15.17
2026-01-08 06:38:38,disk_io,33.14
2026-01-08 07:38:38,disk_io,22.34
2026-01-08 08:38:38,disk_io,31.54
2026-01-08 09:38:38,disk_io,36.59
2026-01-08 10:38:38,disk_io,0.0
2026-01-08 11:38:38,disk_io,34.73
2026-01-08 12:38:38,disk_io,25.71
2026-01-08 13:38:38,disk_io,22.17
2026-01-08 14:38:38,disk_io,33.55
2026-01-08 15:38:38,disk_io,48.21
2026-01-08 16:38:38,disk_io,41.91
2026-01-08 17:38:38,disk_io,27.95
2026-01-08 18:38:38,disk_io,25.59
2026-01-08 19:38:38,disk_io,33.84
2026-01-08 20:38:38,disk_io,42.61
2026-01-08 21:38:38,disk_io,25.44
2026-01-08 22:38:38,disk_io,33.22
2026-01-08 23:38:38,disk_io,30.06
2026-01-09 00:38:38,disk_io,28.59
2026-01-09 01:38:38,disk_io,32.47
2026-01-09 02:38:38,disk_io,31.68
2026-01-09 03:38:38,disk_io,60.97
2026-01-09 04:38:38,disk_io,21.99
2026-01-09 05:38:38,disk_io,30.79
2026-01-09 06:38:38,disk_io,28.4
2026-01-09 07:38:38,disk_io,32.49
2026-01-09 08:38:38,disk_io,35.16
2026-01-09 09:38:38,disk_io,40.35
2026-01-09 10:38:38,disk_io,27.67
2026-01-09 11:38:38,disk_io,22.32
2026-01-09 12:38:38,disk_io,32.92
2026-01-09 13:38:38,disk_io,0.0
2026-01-09 14:38:38,disk_io,27.45
2026-01-09 15:38:38,disk_io,31.87
2026-01-09 16:38:38,disk_io,25.1
2026-01-09 17:38:38,disk_io,32.64
2026-01-09 18:38:38,disk_io,28.46
2026-01-09 19:38:38,disk_io,31.51
2026-01-09 20:38:38,disk_io,15.59
2026-01-09 21:38:38,disk_io,25.74
2026-01-09 22:38:38,disk_io,18.14
2026-01-09 23:38:38,disk_io,0.0
2026-01-10 00:38:38,disk_io,29.67
2026-01-10 01:38:38,disk_io,24.58
2026-01-10 02:38:38,disk_io,18.5
2026-01-10 03:38:38,disk_io,30.89
2026-01-10 04:38:38,disk_io,28.56
2026-01-10 05:38:38,disk_io,23.53
2026-01-10 06:38:38,disk_io,33.23
2026-01-10 07:38:38,disk_io,23.62
2026-01-10 08:38:38,disk_io,55.03
2026-01-10 09:38:38,disk_io,26.33
2026-01-10 10:38:38,disk_io,49.36
2026-01-10 11:38:38,disk_io,32.87
2026-01-10 12:38:38,disk_io,31.64
2026-01-10 13:38:38,disk_io,55.94
2026-01-10 14:38:38,disk_io,43.29
2026-01-10 15:38:38,disk_io,29.41
2026-01-10 16:38:38,disk_io,35.28
2026-01-10 17:38:38,disk_io,24.87
2026-01-10 18:38:38,disk_io,29.69
2026-01-10 19:38:38,disk_io,35.59
2026-01-10 20:38:38,disk_io,25.94
2026-01-10 21:38:38,disk_io,22.96
2026-01-10 22:38:38,disk_io,37.44
2026-01-10 23:38:38,disk_io,30.62
2026-01-11 00:38:38,disk_io,25.77
2026-01-11 01:38:38,disk_io,32.15
2026-01-11 02:38:38,disk_io,57.01
2026-01-11 03:38:38,disk_io,22.32
2026-01-11 04:38:38,disk_io,28.2
2026-01-11 05:38:38,disk_io,26.64
2026-01-11 06:38:38,disk_io,13.4
2026-01-11 07:38:38,disk_io,42.69
2026-01-11 08:38:38,disk_io,30.3
2026-01-11 09:38:38,disk_io,31.66
2026-01-11 10:38:38,disk_io,35.2
2026-01-11 11:38:38,disk_io,0.0
2026-01-11 12:38:38,disk_io,36.2
2026-01-11 13:38:38,disk_io,21.15
2026-01-11 14:38:38,disk_io,22.06
2026-01-11 15:38:38,disk_io,29.02
2026-01-11 16:38:38,disk_io,32.61
2026-01-11 17:38:38,disk_io,36.07
2026-01-11 18:38:38,disk_io,29.04
2026-01-11 19:38:38,disk_io,29.46
2026-01-11 20:38:38,disk_io,33.4
2026-01-11 21:38:38,disk_io,39.61
2026-01-11 22:38:38,disk_io,27.31
2026-01-11 23:38:38,disk_io,36.9
2026-01-12 00:38:38,disk_io,56.45
2026-01-12 01:38:38,disk_io,35.59
2026-01-12 02:38:38,disk_io,31.25
2026-01-12 03:38:38,disk_io,21.89
2026-01-12 04:38:38,disk_io,23.64
2026-01-12 05:38:38,disk_io,18.25
2026-01-12 06:38:38,disk_io,37.62
2026-01-12 07:38:38,disk_io,37.78
2026-01-12 08:38:38,disk_io,39.22
2026-01-12 09:38:38,disk_io,25.19
2026-01-12 10:38:38,disk_io,22.91
2026-01-12 11:38:38,disk_io,30.35
2026-01-12 12:38:38,disk_io,36.51
2026-01-12 13:38:38,disk_io,22.74
2026-01-12 14:38:38,disk_io,21.65
2026-01-12 15:38:38,disk_io,35.34
2026-01-12 16:38:38,disk_io,19.99
2026-01-12 17:38:38,disk_io,31.82
2026-01-12 18:38:38,disk_io,0.0
2026-01-12 19:38:38,disk_io,35.3
2026-01-12 20:38:38,disk_io,37.78
2026-01-12 21:38:38,disk_io,27.33
2026-01-12 22:38:38,disk_io,44.24
2026-01-12 23:38:38,disk_io,26.66
2026-01-13 00:38:38,disk_io,13.62
2026-01-13 01:38:38,disk_io,43.31
2026-01-13 02:38:38,disk_io,18.18
2026-01-13 03:38:38,disk_io,40.41
2026-01-13 04:38:38,disk_io,8.63
2026-01-13 05:38:38,disk_io,33.67
2026-01-13 06:38:38,disk_io,38.31
2026-01-13 07:38:38,disk_io,49.0
2026-01-13 08:38:38,disk_io,19.05
2026-01-13 09:38:38,disk_io,32.85
2026-01-13 10:38:38,disk_io,69.77
2026-01-13 11:38:38,disk_io,65.12
2026-01-13 12:38:38,disk_io,29.18
2026-01-13 13:38:38,disk_io,31.17
2026-01-13 14:38:38,disk_io,40.87
2026-01-13 15:38:38,disk_io,29.11
2026-01-13 16:38:38,disk_io,0.0
2026-01-13 17:38:38,disk_io,30.09
2026-01-13 18:38:38,disk_io,19.89
2026-01-13 19:38:38,disk_io,23.62
2026-01-13 20:38:38,disk_io,40.77
2026-01-13 21:38:38,disk_io,43.37
2026-01-13 22:38:38,disk_io,33.76
2026-01-13 23:38:38,disk_io,54.41
2026-01-14 00:38:38,disk_io,33.88
2026-01-14 01:38:38,disk_io,31.11
2026-01-14 02:38:38,disk_io,33.1
2026-01-14 03:38:38,disk_io,38.66
2026-01-14 04:38:38,disk_io,18.11
2026-01-14 05:38:38,disk_io,33.44
2026-01-14 06:38:38,disk_io,24.27
2026-01-14 07:38:38,disk_io,28.47
2026-01-14 08:38:38,disk_io,29.37
2026-01-14 09:38:38,disk_io,45.07
2026-01-14 10:38:38,disk_io,34.4
2026-01-14 11:38:38,disk_io,28.99
2026-01-14 12:38:38,disk_io,26.49
2026-01-14 13:38:38,disk_io,24.51
2026-01-14 14:38:38,disk_io,25.27
2026-01-14 15:38:38,disk_io,34.86
2026-01-14 16:38:38,disk_io,26.1
2026-01-14 17:38:38,disk_io,13.22
2026-01-14 18:38:38,disk_io,18.66
2026-01-14 19:38:38,disk_io,32.29
2026-01-14 20:38:38,disk_io,19.82
2026-01-14 21:38:38,disk_io,24.72
2026-01-14 22:38:38,disk_io,35.79
2026-01-14 23:38:38,disk_io,29.98
2026-01-15 00:38:38,disk_io,19.72
2026-01-15 01:38:38,disk_io,37.76
2026-01-15 02:38:38,disk_io,32.91
2026-01-15 03:38:38,disk_io,17.97
2026-01-15 04:38:38,disk_io,15.98
2026-01-15 05:38:38,disk_io,38.49
2026-01-15 06:38:38,disk_io,26.43
2026-01-15 07:38:38,disk_io,43.35
2026-01-15 08:38:38,disk_io,26.41
2026-01-15 09:38:38,disk_io,26.85
2026-01-15 10:38:38,disk_io,30.54
2026-01-15 11:38:38,disk_io,21.64
2026-01-15 12:38:38,disk_io,31.49
2026-01-15 13:38:38,disk_io,19.0
2026-01-15 14:38:38,disk_io,36.98
2026-01-15 15:38:38,disk_io,24.1
2026-01-15 16:38:38,disk_io,29.93
2026-01-15 17:38:38,disk_io,22.94
2026-01-15 18:38:38,disk_io,36.48
2026-01-15 19:38:38,disk_io,22.24
2026-01-15 20:38:38,disk_io,27.46
2026-01-15 21:38:38,disk_io,34.22
2026-01-15 22:38:38,disk_io,31.0
2026-01-15 23:38:38,disk_io,15.56
2026-01-16 00:38:38,disk_io,32.31
2026-01-16 01:38:38,disk_io,34.45
2026-01-16 02:38:38,disk_io,24.68
2026-01-16 03:38:38,disk_io,35.29
2026-01-16 04:38:38,disk_io,16.61
2026-01-16 05:38:38,disk_io,66.38
2026-01-16 06:38:38,disk_io,25.26
2026-01-16 07:38:38,disk_io,39.72
2026-01-16 08:38:38,disk_io,22.6
2026-01-16 09:38:38,disk_io,33.32
2026-01-16 10:38:38,disk_io,41.37
2026-01-16 11:38:38,disk_io,28.48
2026-01-16 12:38:38,disk_io,30.28
2026-01-16 13:38:38,disk_io,33.27
2026-01-16 14:38:38,disk_io,6.51
2026-01-16 15:38:38,disk_io,31.4
2026-01-16 16:38:38,disk_io,31.92
2026-01-16 17:38:38,disk_io,35.39
2026-01-16 18:38:38,disk_io,35.73
2026-01-16 19:38:38,disk_io,30.0
2026-01-16 20:38:38,disk_io,44.33
2026-01-16 21:38:38,disk_io,24.16
2026-01-16 22:38:38,disk_io,37.09
2026-01-16 23:38:38,disk_io,12.85
2026-01-17 00:38:38,disk_io,30.82
2026-01-17 01:38:38,disk_io,11.61
2026-01-17 02:38:38,disk_io,31.36
2026-01-17 03:38:38,disk_io,34.18
2026-01-17 04:38:38,disk_io,27.77
2026-01-17 05:38:38,disk_io,30.58
2026-01-17 06:38:38,disk_io,36.36
2026-01-17 07:38:38,disk_io,58.43
2026-01-17 08:38:38,disk_io,26.42
2026-01-17 09:38:38,disk_io,31.25
2026-01-17 10:38:38,disk_io,29.9
2026-01-17 11:38:38,disk_io,26.69
2026-01-17 12:38:38,disk_io,25.04
2026-01-17 13:38:38,disk_io,26.05
2026-01-17 14:38:38,disk_io,25.36
2026-01-17 15:38:38,disk_io,47.7
2026-01-17 16:38:38,disk_io,30.46
2026-01-17 17:38:38,disk_io,35.24
2026-01-17 18:38:38,disk_io,25.2
2026-01-17 19:38:38,disk_io,39.03
2026-01-17 20:38:38,disk_io,63.04
2026-01-17 21:38:38,disk_io,54.96
2026-01-17 22:38:38,disk_io,29.08
2026-01-17 23:38:38,disk_io,40.05
2026-01-18 00:38:38,disk_io,20.96
2026-01-18 01:38:38,disk_io,33.63
2026-01-18 02:38:38,disk_io,36.13
2026-01-18 03:38:38,disk_io,39.73
2026-01-18 04:38:38,disk_io,17.89
2026-01-18 05:38:38,disk_io,29.55
2026-01-18 06:38:38,disk_io,26.1
2026-01-18 07:38:38,disk_io,24.39
2026-01-18 08:38:38,disk_io,37.87
2026-01-18 09:38:38,disk_io,26.68
2026-01-18 10:38:38,disk_io,27.02
2026-01-18 11:38:38,disk_io,38.79
2026-01-18 12:38:38,disk_io,34.51
2026-01-18 13:38:38,disk_io,31.12
2026-01-18 14:38:38,disk_io,36.65
2026-01-18 15:38:38,disk_io,20.34
2026-01-18 16:38:38,disk_io,30.84
2026-01-18 17:38:38,disk_io,20.14
2026-01-18 18:38:38,disk_io,41.78
2026-01-18 19:38:38,disk_io,29.36
2026-01-18 20:38:38,disk_io,38.66
2026-01-18 21:38:38,disk_io,24.13
2026-01-18 22:38:38,disk_io,27.14
2026-01-18 23:38:38,disk_io,67.52
2026-01-19 00:38:38,disk_io,0.0
2026-01-19 01:38:38,disk_io,27.08
2026-01-19 02:38:38,disk_io,29.44
2026-01-19 03:38:38,disk_io,32.95
2026-01-19 04:38:38,disk_io,48.93
2026-01-19 05:38:38,disk_io,40.75
2026-01-19 06:38:38,disk_io,37.23
2026-01-19 07:38:38,disk_io,27.98
2026-01-19 08:38:38,disk_io,20.56
2026-01-19 09:38:38,disk_io,27.74
2026-01-19 10:38:38,disk_io,23.03
2026-01-19 11:38:38,disk_io,26.88
2026-01-19 12:38:38,disk_io,18.12
2026-01-19 13:38:38,disk_io,35.26
2026-01-19 14:38:38,disk_io,65.11
2026-01-19 15:38:38,disk_io,30.75
2026-01-19 16:38:38,disk_io,28.69
2026-01-19 17:38:38,disk_io,25.57
2026-01-19 18:38:38,disk_io,21.89
2026-01-19 19:38:38,disk_io,26.73
2026-01-19 20:38:38,disk_io,31.76
2026-01-19 21:38:38,disk_io,42.07
2026-01-19 22:38:38,disk_io,28.02
2026-01-19 23:38:38,disk_io,28.28
2026-01-20 00:38:38,disk_io,25.2
2026-01-20 01:38:38,disk_io,43.26
2026-01-20 02:38:38,disk_io,29.48
2026-01-20 03:38:38,disk_io,35.89
2026-01-20 04:38:38,disk_io,34.16
2026-01-20 05:38:38,disk_io,36.53
2026-01-20 06:38:38,disk_io,36.57
2026-01-20 07:38:38,disk_io,28.34
2026-01-20 08:38:38,disk_io,26.05
2026-01-20 09:38:38,disk_io,43.24
2026-01-20 10:38:38,disk_io,25.96
2026-01-20 11:38:38,disk_io,30.57
2026-01-20 12:38:38,disk_io,24.51
2026-01-20 13:38:38,disk_io,36.26
2026-01-20 14:38:38,disk_io,27.77
2026-01-20 15:38:38,disk_io,25.35
2026-01-20 16:38:38,disk_io,1.21
2026-01-20 17:38:38,disk_io,28.51
2026-01-20 18:38:38,disk_io,14.57
2026-01-20 19:38:38,disk_io,25.42
2026-01-20 20:38:38,disk_io,26.24
2026-01-20 21:38:38,disk_io,30.9
2026-01-20 22:38:38,disk_io,15.08
2026-01-20 23:38:38,disk_io,43.24
2026-01-21 00:38:38,disk_io,33.78
2026-01-21 01:38:38,disk_io,11.71
2026-01-21 02:38:38,disk_io,19.35
2026-01-21 03:38:38,disk_io,26.91
2026-01-21 04:38:38,disk_io,36.25
2026-01-21 05:38:38,disk_io,27.54
2026-01-21 06:38:38,disk_io,37.23
2026-01-21 07:38:38,disk_io,40.23
2026-01-21 08:38:38,disk_io,26.94
2026-01-21 09:38:38,disk_io,14.26
2026-01-21 10:38:38,disk_io,19.9
2026-01-21 11:38:38,disk_io,67.91
2026-01-21 12:38:38,disk_io,24.08
2026-01-21 13:38:38,disk_io,43.3
2026-01-21 14:38:38,disk_io,40.41
2026-01-21 15:38:38,disk_io,32.22
2026-01-21 16:38:38,disk_io,27.92
2026-01-21 17:38:38,disk_io,38.02
2026-01-21 18:38:38,disk_io,43.49
2026-01-21 19:38:38,disk_io,4.13
2026-01-21 20:38:38,disk_io,45.07
2026-01-21 21:38:38,disk_io,33.97
2026-01-21 22:38:38,disk_io,37.27
2026-01-21 23:38:38,disk_io,29.52
2026-01-22 00:38:38,disk_io,28.53
2026-01-22 01:38:38,disk_io,28.79
2026-01-22 02:38:38,disk_io,58.08
2026-01-22 03:38:38,disk_io,43.07
2026-01-22 04:38:38,disk_io,37.11
2026-01-22 05:38:38,disk_io,31.91
2026-01-22 06:38:38,disk_io,30.48
2026-01-22 07:38:38,disk_io,23.59
2026-01-22 08:38:38,disk_io,29.46
2026-01-22 09:38:38,disk_io,65.99
2026-01-22 10:38:38,disk_io,21.65
2026-01-22 11:38:38,disk_io,29.78
2026-01-22 12:38:38,disk_io,4.9
2026-01-22 13:38:38,disk_io,21.06
2026-01-22 14:38:38,disk_io,39.74
2026-01-22 15:38:38,disk_io,31.51
2026-01-22 16:38:38,disk_io,29.44
2026-01-22 17:38:38,disk_io,41.37
2026-01-22 18:38:38,disk_io,28.61
2026-01-22 19:38:38,disk_io,33.41
2026-01-22 20:38:38,disk_io,18.06
2026-01-22 21:38:38,disk_io,50.4
2026-01-22 22:38:38,disk_io,27.1
2026-01-22 23:38:38,disk_io,23.97
2026-01-23 00:38:38,disk_io,28.54
2026-01-23 01:38:38,disk_io,18.9
2026-01-23 02:38:38,disk_io,20.82
2026-01-23 03:38:38,disk_io,28.47
2026-01-23 04:38:38,disk_io,51.17
2026-01-23 05:38:38,disk_io,24.08
2026-01-23 06:38:38,disk_io,15.61
2026-01-23 07:38:38,disk_io,22.21
2026-01-23 08:38:38,disk_io,4.39
2026-01-23 09:38:38,disk_io,24.68
2026-01-23 10:38:38,disk_io,40.35
2026-01-23 11:38:38,disk_io,31.44
2026-01-23 12:38:38,disk_io,44.79
2026-01-23 13:38:38,disk_io,38.45
2026-01-23 14:38:38,disk_io,17.92
2026-01-23 15:38:38,disk_io,47.14
2026-01-23 16:38:38,disk_io,41.52
2026-01-23 17:38:38,disk_io,31.96
2026-01-23 18:38:38,disk_io,36.91
2026-01-23 19:38:38,disk_io,24.26
2026-01-23 20:38:38,disk_io,29.96
2026-01-23 21:38:38,disk_io,23.81
2026-01-23 22:38:38,disk_io,35.19
2026-01-23 23:38:38,disk_io,50.22
2026-01-24 00:38:38,disk_io,27.13
2026-01-24 01:38:38,disk_io,29.1
2026-01-24 02:38:38,disk_io,30.24
2026-01-24 03:38:38,disk_io,27.55
2026-01-24 04:38:38,disk_io,34.69
2026-01-24 05:38:38,disk_io,39.14
2026-01-24 06:38:38,disk_io,25.78
2026-01-24 07:38:38,disk_io,30.14
2026-01-24 08:38:38,disk_io,35.79
2026-01-24 09:38:38,disk_io,23.15
2026-01-24 10:38:38,disk_io,20.66
2026-01-24 11:38:38,disk_io,25.63
2026-01-24 12:38:38,disk_io,36.23
2026-01-24 13:38:38,disk_io,22.78
2026-01-24 14:38:38,disk_io,26.15
2026-01-24 15:38:38,disk_io,30.21
2026-01-24 16:38:38,disk_io,31.51
2026-01-24 17:38:38,disk_io,29.12
2026-01-24 18:38:38,disk_io,30.39
2026-01-24 19:38:38,disk_io,18.77
2026-01-24 20:38:38,disk_io,25.33
2026-01-24 21:38:38,disk_io,63.64
2026-01-24 22:38:38,disk_io,24.73
2026-01-24 23:38:38,disk_io,31.97
2026-01-25 00:38:38,disk_io,22.5
2026-01-25 01:38:38,disk_io,31.14
2026-01-25 02:38:38,disk_io,31.75
2026-01-25 03:38:38,disk_io,18.29
2026-01-25 04:38:38,disk_io,12.43
2026-01-25 05:38:38,disk_io,59.86
2026-01-25 06:38:38,disk_io,25.44
2026-01-25 07:38:38,disk_io,36.23
2026-01-25 08:38:38,disk_io,37.16
2026-01-25 09:38:38,disk_io,32.94
2026-01-25 10:38:38,disk_io,30.18
2026-01-25 11:38:38,disk_io,66.81
2026-01-25 12:38:38,disk_io,31.45
2026-01-25 13:38:38,disk_io,30.08
2026-01-25 14:38:38,disk_io,21.44
2026-01-25 15:38:38,disk_io,20.66
2026-01-25 16:38:38,disk_io,30.36
2026-01-25 17:38:38,disk_io,29.2
2026-01-25 18:38:38,disk_io,33.56
2026-01-25 19:38:38,disk_io,25.63
2026-01-25 20:38:38,disk_io,22.2
2026-01-25 21:38:38,disk_io,27.13
2026-01-25 22:38:38,disk_io,28.33
2026-01-25 23:38:38,disk_io,7.11
2026-01-26 00:38:38,disk_io,33.09
2026-01-26 01:38:38,disk_io,18.89
2026-01-26 02:38:38,disk_io,42.41
2026-01-26 03:38:38,disk_io,42.79
2026-01-26 04:38:38,disk_io,16.65
2026-01-26 05:38:38,disk_io,27.13
2026-01-26 06:38:38,disk_io,25.15
2026-01-26 07:38:38,disk_io,24.63
2026-01-26 08:38:38,disk_io,32.5
2026-01-26 09:38:38,disk_io,21.13
2026-01-26 10:38:38,disk_io,24.97
2026-01-26 11:38:38,disk_io,21.63
2026-01-26 12:38:38,disk_io,36.0
2026-01-26 13:38:38,disk_io,44.26
2026-01-26 14:38:38,disk_io,25.81
2026-01-26 15:38:38,disk_io,33.32
2026-01-26 16:38:38,disk_io,40.4
2026-01-26 17:38:38,disk_io,56.62
2026-01-26 18:38:38,disk_io,31.89
2026-01-26 19:38:38,disk_io,22.86
2026-01-26 20:38:38,disk_io,37.5
2026-01-26 21:38:38,disk_io,37.92
2026-01-26 22:38:38,disk_io,25.53
2026-01-26 23:38:38,disk_io,4.88
2026-01-27 00:38:38,disk_io,32.92
2026-01-27 01:38:38,disk_io,30.94
2026-01-27 02:38:38,disk_io,20.38
2026-01-27 03:38:38,disk_io,36.09
2026-01-27 04:38:38,disk_io,39.31
2026-01-27 05:38:38,disk_io,15.2
2026-01-27 06:38:38,disk_io,22.91
2026-01-27 07:38:38,disk_io,33.26
2026-01-27 08:38:38,disk_io,5.25
2026-01-27 09:38:38,disk_io,25.8
2026-01-27 10:38:38,disk_io,15.46
2026-01-27 11:38:38,disk_io,25.84
2026-01-27 12:38:38,disk_io,21.43
2026-01-27 13:38:38,disk_io,32.82
2026-01-27 14:38:38,disk_io,24.85
2026-01-27 15:38:38,disk_io,20.96
2026-01-27 16:38:38,disk_io,19.68
2026-01-27 17:38:38,disk_io,30.62
2026-01-27 18:38:38,disk_io,32.96
2026-01-27 19:38:38,disk_io,20.76
2026-01-27 20:38:38,disk_io,20.41
2026-01-27 21:38:38,disk_io,2.27
2026-01-27 22:38:38,disk_io,27.26
2026-01-27 23:38:38,disk_io,14.61
2026-01-28 00:38:38,disk_io,30.77
2026-01-28 01:38:38,disk_io,36.53
2026-01-28 02:38:38,disk_io,37.88
2026-01-28 03:38:38,disk_io,24.24
2026-01-28 04:38:38,disk_io,30.04
2026-01-28 05:38:38,disk_io,30.12
2026-01-28 06:38:38,disk_io,22.46
2026-01-28 07:38:38,disk_io,34.03
2026-01-28 08:38:38,disk_io,27.53
2026-01-28 09:38:38,disk_io,36.58
2026-01-28 10:38:38,disk_io,35.48
2026-01-28 11:38:38,disk_io,35.97
2026-01-28 12:38:38,disk_io,32.37
2026-01-28 13:38:38,disk_io,24.77
2026-01-28 14:38:38,disk_io,34.74
2026-01-28 15:38:38,disk_io,24.18
2026-01-28 16:38:38,disk_io,27.24
2026-01-28 17:38:38,disk_io,34.54
2026-01-28 18:38:38,disk_io,43.57
2026-01-28 19:38:38,disk_io,36.4
2026-01-28 20:38:38,disk_io,32.7
2026-01-28 21:38:38,disk_io,25.05
2026-01-28 22:38:38,disk_io,24.79
2026-01-28 23:38:38,disk_io,33.48
2026-01-29 00:38:38,disk_io,30.74
2026-01-29 01:38:38,disk_io,0.0
2026-01-29 02:38:38,disk_io,28.95
2026-01-29 03:38:38,disk_io,38.15
2026-01-29 04:38:38,disk_io,36.89
2026-01-29 05:38:38,disk_io,38.8
2026-01-29 06:38:38,disk_io,45.05
2026-01-29 07:38:38,disk_io,21.12
2026-01-29 08:38:38,disk_io,21.97
2026-01-29 09:38:38,disk_io,25.47
2026-01-29 10:38:38,disk_io,46.58
2026-01-29 11:38:38,disk_io,45.24
2026-01-29 12:38:38,disk_io,29.95
2026-01-29 13:38:38,disk_io,26.39
2026-01-29 14:38:38,disk_io,13.93
2026-01-29 15:38:38,disk_io,31.65
2026-01-29 16:38:38,disk_io,30.71
2026-01-29 17:38:38,disk_io,20.3
2026-01-29 18:38:38,disk_io,33.29
2026-01-29 19:38:38,disk_io,37.66
2026-01-29 20:38:38,disk_io,59.34
2026-01-29 21:38:38,disk_io,37.31
2026-01-29 22:38:38,disk_io,29.78
2026-01-29 23:38:38,disk_io,30.36
2026-01-30 00:38:38,disk_io,31.75
2026-01-30 01:38:38,disk_io,33.38
2026-01-30 02:38:38,disk_io,37.53
2026-01-30 03:38:38,disk_io,20.14
2026-01-30 04:38:38,disk_io,34.69
2026-01-30 05:38:38,disk_io,19.69
2026-01-30 06:38:38,disk_io,35.61
2026-01-30 07:38:38,disk_io,29.7
2026-01-30 08:38:38,disk_io,31.1
2026-01-30 09:38:38,disk_io,37.08
2026-01-30 10:38:38,disk_io,19.23
2026-01-30 11:38:38,disk_io,12.95
2026-01-30 12:38:38,disk_io,38.99
2026-01-30 13:38:38,disk_io,41.23
2026-01-30 14:38:38,disk_io,34.67
2026-01-30 15:38:38,disk_io,31.01
2026-01-30 16:38:38,disk_io,59.05
2026-01-30 17:38:38,disk_io,35.03
2026-01-30 18:38:38,disk_io,32.07
2026-01-30 19:38:38,disk_io,24.47
2026-01-30 20:38:38,disk_io,25.2
2026-01-30 21:38:38,disk_io,42.92
2026-01-30 22:38:38,disk_io,39.83
2026-01-30 23:38:38,disk_io,31.22
2026-01-31 00:38:38,disk_io,41.08
2026-01-31 01:38:38,disk_io,27.75
2026-01-31 02:38:38,disk_io,10.4
2026-01-31 03:38:38,disk_io,37.42
2026-01-31 04:38:38,disk_io,24.34
2026-01-31 05:38:38,disk_io,0.0
2026-01-31 06:38:38,disk_io,24.91
2026-01-31 07:38:38,disk_io,24.19
2026-01-31 08:38:38,disk_io,37.43
2026-01-31 09:38:38,disk_io,0.0
2026-01-31 10:38:38,disk_io,32.25
2026-01-31 11:38:38,disk_io,22.54
2026-01-31 12:38:38,disk_io,44.87
2026-01-31 13:38:38,disk_io,32.08
2026-01-31 14:38:38,disk_io,30.15
2026-01-31 15:38:38,disk_io,34.14
2026-01-31 16:38:38,disk_io,0.0
2026-01-31 17:38:38,disk_io,35.24
2026-01-31 18:38:38,disk_io,31.52
2026-01-31 19:38:38,disk_io,34.25
2026-01-31 20:38:38,disk_io,21.99
2026-01-31 21:38:38,disk_io,32.17
2026-01-31 22:38:38,disk_io,0.0
2026-01-31 23:38:38,disk_io,39.15
2026-02-01 00:38:38,disk_io,26.66
2026-02-01 01:38:38,disk_io,24.72
2026-02-01 02:38:38,disk_io,31.42
2026-02-01 03:38:38,disk_io,39.95
2026-02-01 04:38:38,disk_io,30.23
2026-02-01 05:38:38,disk_io,31.85
2026-02-01 06:38:38,disk_io,22.61
2026-02-01 07:38:38,disk_io,22.51
2026-02-01 08:38:38,disk_io,16.48
2026-02-01 09:38:38,disk_io,22.47
2026-02-01 10:38:38,disk_io,22.77
2026-02-01 11:38:38,disk_io,32.05
2026-02-01 12:38:38,disk_io,35.95
2026-02-01 13:38:38,disk_io,25.95
2026-02-01 14:38:38,disk_io,17.57
2026-02-01 15:38:38,disk_io,30.64
2026-02-01 16:38:38,disk_io,40.88
2026-02-01 17:38:38,disk_io,33.89
2026-02-01 18:38:38,disk_io,23.61
2026-02-01 19:38:38,disk_io,63.94
2026-02-01 20:38:38,disk_io,19.59
2026-02-01 21:38:38,disk_io,29.8
2026-02-01 22:38:38,disk_io,31.85
2026-02-01 23:38:38,disk_io,30.3
2026-02-02 00:38:38,disk_io,13.34
2026-02-02 01:38:38,disk_io,36.5
2026-02-02 02:38:38,disk_io,27.61
2026-02-02 03:38:38,disk_io,40.81
2026-02-02 04:38:38,disk_io,17.74
2026-02-02 05:38:38,disk_io,27.51
2026-02-02 06:38:38,disk_io,45.08
2026-02-02 07:38:38,disk_io,19.15
2026-02-02 08:38:38,disk_io,22.54
2026-02-02 09:38:38,disk_io,32.63
2026-02-02 10:38:38,disk_io,34.35
2026-02-02 11:38:38,disk_io,26.56
2026-02-02 12:38:38,disk_io,39.62
2026-02-02 13:38:38,disk_io,33.6
2026-02-02 14:38:38,disk_io,24.32
2026-02-02 15:38:38,disk_io,58.53
2026-02-02 16:38:38,disk_io,27.74
2026-02-02 17:38:38,disk_io,35.39
2026-02-02 18:38:38,disk_io,17.86
2026-02-02 19:38:38,disk_io,40.28
2026-02-02 20:38:38,disk_io,28.75
2026-02-02 21:38:38,disk_io,33.03
2026-02-02 22:38:38,disk_io,25.74
2026-02-02 23:38:38,disk_io,28.38
2026-02-03 00:38:38,disk_io,22.5
2026-02-03 01:38:38,disk_io,43.48
2026-02-03 02:38:38,disk_io,13.84
2026-02-03 03:38:38,disk_io,37.39
2026-02-03 04:38:38,disk_io,25.6
2026-02-03 05:38:38,disk_io,22.47
2026-02-03 06:38:38,disk_io,18.89
2026-02-03 07:38:38,disk_io,31.12
2026-02-03 08:38:38,disk_io,65.68
2026-02-03 09:38:38,disk_io,24.7
2026-02-03 10:38:38,disk_io,28.76
2026-02-03 11:38:38,disk_io,35.69
2026-02-03 12:38:38,disk_io,24.16
2026-02-03 13:38:38,disk_io,24.95
2026-02-03 14:38:38,disk_io,34.73
2026-02-03 15:38:38,disk_io,41.21
2026-02-03 16:38:38,disk_io,20.27
2026-02-03 17:38:38,disk_io,36.56
2026-02-03 18:38:38,disk_io,22.43
2026-02-03 19:38:38,disk_io,27.15
2026-02-03 20:38:38,disk_io,22.49
2026-02-03 21:38:38,disk_io,16.52
2026-02-03 22:38:38,disk_io,13.66
2026-02-03 23:38:38,disk_io,32.35
2026-02-04 00:38:38,disk_io,42.2
2026-02-04 01:38:38,disk_io,29.12
2026-02-04 02:38:38,disk_io,39.32
2026-02-04 03:38:38,disk_io,19.51
2026-02-04 04:38:38,disk_io,39.63
2026-02-04 05:38:38,disk_io,11.15
2026-02-04 06:38:38,disk_io,26.8
2026-02-04 07:38:38,disk_io,13.69
2026-02-04 08:38:38,disk_io,30.51
2026-02-04 09:38:38,disk_io,25.21
2026-02-04 10:38:38,disk_io,35.01
2026-02-04 11:38:38,disk_io,32.22
2026-02-04 12:38:38,disk_io,33.11
2026-02-04 13:38:38,disk_io,28.21
2026-02-04 14:38:38,disk_io,41.88
2026-02-04 15:38:38,disk_io,19.67
2026-02-04 16:38:38,disk_io,37.93
2026-02-04 17:38:38,disk_io,32.22
2026-02-04 18:38:38,disk_io,61.72
2026-02-04 19:38:38,disk_io,27.49
2026-02-04 20:38:38,disk_io,22.1
2026-02-04 21:38:38,disk_io,29.31
2026-02-04 22:38:38,disk_io,24.98
2026-02-04 23:38:38,disk_io,19.85
2026-02-05 00:38:38,disk_io,33.61
2026-02-05 01:38:38,disk_io,40.02
2026-02-05 02:38:38,disk_io,29.52
2026-02-05 03:38:38,disk_io,36.28
2026-02-05 04:38:38,disk_io,35.54
2026-02-05 05:38:38,disk_io,42.51
2026-02-05 06:38:38,disk_io,35.37
2026-02-05 07:38:38,disk_io,30.58
2026-02-05 08:38:38,disk_io,27.34
2026-02-05 09:38:38,disk_io,24.06
2026-02-05 10:38:38,disk_io,29.84
2026-02-05 11:38:38,disk_io,37.36
2026-02-05 12:38:38,disk_io,40.75
2026-02-05 13:38:38,disk_io,24.24
2026-02-05 14:38:38,disk_io,25.53
2026-02-05 15:38:38,disk_io,39.14
2026-02-05 16:38:38,disk_io,43.03
2026-02-05 17:38:38,disk_io,15.09
2026-02-05 18:38:38,disk_io,29.77
2026-02-05 19:38:38,disk_io,35.31
2026-02-05 20:38:38,disk_io,34.42
2026-02-05 21:38:38,disk_io,16.83
2026-02-05 22:38:38,disk_io,29.79
2026-02-05 23:38:38,disk_io,27.16
2026-02-06 00:38:38,disk_io,19.07
2026-02-06 01:38:38,disk_io,35.87
2026-02-06 02:38:38,disk_io,40.4
2026-02-06 03:38:38,disk_io,30.5
2026-02-06 04:38:38,disk_io,27.33
2026-02-06 05:38:38,disk_io,30.95
2026-02-06 06:38:38,disk_io,57.97
2026-02-06 07:38:38,disk_io,24.25
2026-02-06 08:38:38,disk_io,25.34
2026-02-06 09:38:38,disk_io,21.97
2026-02-06 10:38:38,disk_io,26.97
2026-02-06 11:38:38,disk_io,28.98
2026-02-06 12:38:38,disk_io,37.07
2026-02-06 13:38:38,disk_io,31.48
2026-02-06 14:38:38,disk_io,21.27
2026-02-06 15:38:38,disk_io,44.67
2026-02-06 16:38:38,disk_io,64.76
2026-02-06 17:38:38,disk_io,44.56
2026-02-06 18:38:38,disk_io,29.83
2026-02-06 19:38:38,disk_io,20.85
2026-02-06 20:38:38,disk_io,24.57
2026-02-06 21:38:38,disk_io,20.33
2026-02-06 22:38:38,disk_io,18.08
2026-02-06 23:38:38,disk_io,39.03
2026-02-07 00:38:38,disk_io,30.89
2026-02-07 01:38:38,disk_io,28.89
2026-02-07 02:38:38,disk_io,9.46
2026-02-07 03:38:38,disk_io,26.42
2026-02-07 04:38:38,disk_io,36.82
2026-02-07 05:38:38,disk_io,0.0
2026-02-07 06:38:38,disk_io,23.36
2026-02-07 07:38:38,disk_io,25.54
2026-02-07 08:38:38,disk_io,39.29
2026-02-07 09:38:38,disk_io,27.86
2026-02-07 10:38:38,disk_io,34.26
2026-02-07 11:38:38,disk_io,35.13
2026-02-07 12:38:38,disk_io,18.35
2026-02-07 13:38:38,disk_io,23.03
2026-02-07 14:38:38,disk_io,24.7
2026-02-07 15:38:38,disk_io,28.38
2026-02-07 16:38:38,disk_io,24.36
2026-02-07 17:38:38,disk_io,25.53
2026-02-07 18:38:38,disk_io,32.38
2026-02-07 19:38:38,disk_io,23.54
2026-02-07 20:38:38,disk_io,37.89
2026-02-07 21:38:38,disk_io,38.29
2026-02-07 22:38:38,disk_io,31.23
2026-02-07 23:38:38,disk_io,41.66
2026-02-08 00:38:38,disk_io,5.84
2026-02-08 01:38:38,disk_io,37.39
2026-02-08 02:38:38,disk_io,42.02
2026-02-08 03:38:38,disk_io,35.4
2026-02-08 04:38:38,disk_io,22.86
2026-02-08 05:38:38,disk_io,16.76
2026-02-08 06:38:38,disk_io,29.31
2026-02-08 07:38:38,disk_io,18.16
2026-02-08 08:38:38,disk_io,31.59
2026-02-08 09:38:38,disk_io,47.67
2026-02-08 10:38:38,disk_io,24.29
2026-02-08 11:38:38,disk_io,42.56
2026-02-08 12:38:38,disk_io,16.78
2026-02-08 13:38:38,disk_io,26.92
2026-02-08 14:38:38,disk_io,21.92
2026-02-08 15:38:38,disk_io,25.66
2026-02-08 16:38:38,disk_io,10.28
2026-02-08 17:38:38,disk_io,40.1
2026-02-08 18:38:38,disk_io,55.84
2026-02-08 19:38:38,disk_io,14.13
2026-02-08 20:38:38,disk_io,34.32
2026-02-08 21:38:38,disk_io,18.38
2026-02-08 22:38:38,disk_io,23.54
2026-02-08 23:38:38,disk_io,37.09
2026-02-09 00:38:38,disk_io,32.35
2026-02-09 01:38:38,disk_io,31.7
2026-02-09 02:38:38,disk_io,32.69
2026-02-09 03:38:38,disk_io,42.03
2026-02-09 04:38:38,disk_io,10.06
2026-02-09 05:38:38,disk_io,26.64
2026-02-09 06:38:38,disk_io,17.23
2026-02-09 07:38:38,disk_io,26.1
2026-02-09 08:38:38,disk_io,32.43
2026-02-09 09:38:38,disk_io,39.76
2026-02-09 10:38:38,disk_io,29.07
2026-02-09 11:38:38,disk_io,32.92
2026-02-09 12:38:38,disk_io,34.31
2026-02-09 13:38:38,disk_io,35.13
2026-02-09 14:38:38,disk_io,30.03
2026-02-09 15:38:38,disk_io,14.24
2026-02-09 16:38:38,disk_io,25.14
2026-02-09 17:38:38,disk_io,33.34
2026-02-09 18:38:38,disk_io,27.39
2026-02-09 19:38:38,disk_io,31.0
2026-02-09 20:38:38,disk_io,33.16
2026-02-09 21:38:38,disk_io,26.94
2026-02-09 22:38:38,disk_io,20.08
2026-02-09 23:38:38,disk_io,15.93
2026-02-10 00:38:38,disk_io,34.06
2026-02-10 01:38:38,disk_io,32.15
2026-02-10 02:38:38,disk_io,20.55
2026-02-10 03:38:38,disk_io,15.68
2026-02-10 04:38:38,disk_io,40.11
2026-02-10 05:38:38,disk_io,24.24
2026-02-10 06:38:38,disk_io,40.39
2026-02-10 07:38:38,disk_io,33.77
2026-02-10 08:38:38,disk_io,38.78
2026-02-10 09:38:38,disk_io,31.96
2026-02-10 10:38:38,disk_io,23.31
2026-02-10 11:38:38,disk_io,44.29
2026-02-10 12:38:38,disk_io,26.87
2026-02-10 13:38:38,disk_io,36.44
2026-02-10 14:38:38,disk_io,38.67
2026-02-10 15:38:38,disk_io,24.57
2026-02-10 16:38:38,disk_io,35.42
2026-02-10 17:38:38,disk_io,34.27
2026-02-10 18:38:38,disk_io,40.41
2026-02-10 19:38:38,disk_io,41.55
2026-02-10 20:38:38,disk_io,21.79
2026-02-10 21:38:38,disk_io,32.5
2026-02-10 22:38:38,disk_io,15.77
2026-02-10 23:38:38,disk_io,27.39
2026-02-11 00:38:38,disk_io,47.4
2026-02-11 01:38:38,disk_io,22.35
2026-02-11 02:38:38,disk_io,27.15
2026-02-11 03:38:38,disk_io,27.55
2026-02-11 04:38:38,disk_io,14.92
2026-02-11 05:38:38,disk_io,49.06
2026-02-11 06:38:38,disk_io,31.82
2026-02-11 07:38:38,disk_io,35.24
2026-02-11 08:38:38,disk_io,17.15
2026-02-11 09:38:38,disk_io,32.06
2026-02-11 10:38:38,disk_io,30.15
2026-02-11 11:38:38,disk_io,16.35
2026-02-11 12:38:38,disk_io,22.21
2026-02-11 13:38:38,disk_io,26.05
2026-02-11 14:38:38,disk_io,30.72
2026-02-11 15:38:38,disk_io,31.41
2026-02-11 16:38:38,disk_io,17.95
2026-02-11 17:38:38,disk_io,26.29
2026-02-11 18:38:38,disk_io,30.9
2026-02-11 19:38:38,disk_io,32.45
2026-02-11 20:38:38,disk_io,11.06
2026-02-11 21:38:38,disk_io,21.04
2026-02-11 22:38:38,disk_io,37.62
2026-02-11 23:38:38,disk_io,47.03
2026-02-12 00:38:38,disk_io,31.17
2026-02-12 01:38:38,disk_io,28.55
2026-02-12 02:38:38,disk_io,30.29
2026-02-12 03:38:38,disk_io,32.84
2026-02-12 04:38:38,disk_io,28.74
2026-02-12 05:38:38,disk_io,40.55
2026-02-12 06:38:38,disk_io,35.18
2026-02-12 07:38:38,disk_io,31.81
2026-02-12 08:38:38,disk_io,28.57
2026-02-12 09:38:38,disk_io,22.13
2026-02-12 10:38:38,disk_io,34.17
2026-02-12 11:38:38,disk_io,35.69
2026-02-12 12:38:38,disk_io,25.37
2026-02-12 13:38:38,disk_io,40.29
2026-02-12 14:38:38,disk_io,30.11
2026-02-12 15:38:38,disk_io,35.85
2026-02-12 16:38:38,disk_io,33.42
2026-02-12 17:38:38,disk_io,23.32
2026-02-12 18:38:38,disk_io,45.38
2026-02-12 19:38:38,disk_io,29.98
2026-02-12 20:38:38,disk_io,27.05
2026-02-12 21:38:38,disk_io,33.63
2026-02-12 22:38:38,disk_io,43.73
2026-02-12 23:38:38,disk_io,21.69
2026-02-13 00:38:38,disk_io,36.21
2026-02-13 01:38:38,disk_io,64.67
2026-02-13 02:38:38,disk_io,37.39
2026-02-13 03:38:38,disk_io,32.01
2026-02-13 04:38:38,disk_io,35.05
2026-02-13 05:38:38,disk_io,32.76
2026-02-13 06:38:38,disk_io,0.0
2026-02-13 07:38:38,disk_io,34.62
2026-02-13 08:38:38,disk_io,35.76
2026-02-13 09:38:38,disk_io,22.76
2026-02-13 10:38:38,disk_io,37.46
2026-02-13 11:38:38,disk_io,24.43
2026-02-13 12:38:38,disk_io,22.47
2026-02-13 13:38:38,disk_io,34.26
2026-02-13 14:38:38,disk_io,39.73
2026-02-13 15:38:38,disk_io,32.48
2026-02-13 16:38:38,disk_io,31.09
2026-02-13 17:38:38,disk_io,29.37
2026-02-13 18:38:38,disk_io,30.64
2026-02-13 19:38:38,disk_io,28.28
2026-02-13 20:38:38,disk_io,34.5
2026-02-13 21:38:38,disk_io,30.65
2026-02-13 22:38:38,disk_io,48.73
2026-02-13 23:38:38,disk_io,32.82
2026-02-14 00:38:38,disk_io,28.29
2026-02-14 01:38:38,disk_io,22.07
2026-02-14 02:38:38,disk_io,22.96
2026-02-14 03:38:38,disk_io,33.16
2026-02-14 04:38:38,disk_io,25.79
2026-02-14 05:38:38,disk_io,31.5
2026-02-14 06:38:38,disk_io,40.26
2026-02-14 07:38:38,disk_io,20.59
2026-02-14 08:38:38,disk_io,28.8
2026-02-14 09:38:38,disk_io,12.08
2026-02-14 10:38:38,disk_io,18.46
2026-02-14 11:38:38,disk_io,31.81
2026-02-14 12:38:38,disk_io,19.19
2026-02-14 13:38:38,disk_io,20.42
2026-02-14 14:38:38,disk_io,43.38
2026-02-14 15:38:38,disk_io,25.03
2026-02-14 16:38:38,disk_io,22.46
2026-02-14 17:38:38,disk_io,40.19
2026-02-14 18:38:38,disk_io,22.4
2026-02-14 19:38:38,disk_io,32.68
2026-02-14 20:38:38,disk_io,32.92
2026-02-14 21:38:38,disk_io,36.88
2026-02-14 22:38:38,disk_io,21.23
2026-02-14 23:38:38,disk_io,23.49
2026-02-15 00:38:38,disk_io,25.12
2026-02-15 01:38:38,disk_io,23.82
2026-02-15 02:38:38,disk_io,36.29
2026-02-15 03:38:38,disk_io,32.93
2026-02-15 04:38:38,disk_io,34.17
2026-02-15 05:38:38,disk_io,18.09
2026-02-15 06:38:38,disk_io,31.6
2026-02-15 07:38:38,disk_io,41.64
2026-02-15 08:38:38,disk_io,47.31
2026-02-15 09:38:38,disk_io,26.32
2026-02-15 10:38:38,disk_io,37.06
2026-02-15 11:38:38,disk_io,23.67
2026-02-15 12:38:38,disk_io,18.36
2026-02-15 13:38:38,disk_io,18.78
2026-02-15 14:38:38,disk_io,40.33
2026-02-15 15:38:38,disk_io,64.62
2026-02-15 16:38:38,disk_io,25.36
2026-02-15 17:38:38,disk_io,23.8
2026-02-15 18:38:38,disk_io,32.01
2026-02-15 19:38:38,disk_io,39.7
2026-02-15 20:38:38,disk_io,34.17
2026-02-15 21:38:38,disk_io,35.65
2026-02-15 22:38:38,disk_io,61.45
2026-02-15 23:38:38,disk_io,39.87
2026-02-16 00:38:38,disk_io,39.59
2026-02-16 01:38:38,disk_io,0.0
2026-02-16 02:38:38,disk_io,29.48
2026-02-16 03:38:38,disk_io,25.3
2026-02-16 04:38:38,disk_io,42.22
2026-02-16 05:38:38,disk_io,47.46
2026-02-16 06:38:38,disk_io,24.18
2026-02-16 07:38:38,disk_io,46.28
2026-02-16 08:38:38,disk_io,41.71
2026-02-16 09:38:38,disk_io,5.9
2026-02-16 10:38:38,disk_io,35.56
2026-02-16 11:38:38,disk_io,40.65
2026-02-16 12:38:38,disk_io,27.29
2026-02-16 13:38:38,disk_io,18.45
2026-02-16 14:38:38,disk_io,26.14
2026-02-16 15:38:38,disk_io,32.32
2026-02-16 16:38:38,disk_io,32.22
2026-02-16 17:38:38,disk_io,35.51
2026-02-16 18:38:38,disk_io,0.62
2026-02-16 19:38:38,disk_io,28.1
2026-02-16 20:38:38,disk_io,13.58
2026-02-16 21:38:38,disk_io,28.4
2026-02-16 22:38:38,disk_io,31.27
2026-02-16 23:38:38,disk_io,30.3
2026-02-17 00:38:38,disk_io,18.92
2026-02-17 01:38:38,disk_io,29.97
2026-02-17 02:38:38,disk_io,24.76
2026-02-17 03:38:38,disk_io,40.42
2026-02-17 04:38:38,disk_io,0.0
2026-02-17 05:38:38,disk_io,31.3
2026-02-17 06:38:38,disk_io,27.75
2026-02-17 07:38:38,disk_io,26.18
2026-02-17 08:38:38,disk_io,14.31
2026-02-17 09:38:38,disk_io,34.94
2026-02-17 10:38:38,disk_io,30.96
2026-02-17 11:38:38,disk_io,24.29
2026-02-17 12:38:38,disk_io,43.24
2026-02-17 13:38:38,disk_io,21.89
2026-02-17 14:38:38,disk_io,21.2
2026-02-17 15:38:38,disk_io,28.5
2026-02-17 16:38:38,disk_io,33.44
2026-02-17 17:38:38,disk_io,40.67
2026-02-17 18:38:38,disk_io,32.13
2026-02-17 19:38:38,disk_io,36.49
2026-02-17 20:38:38,disk_io,4.1
2026-02-17 21:38:38,disk_io,22.78
2026-02-17 22:38:38,disk_io,0.0
2026-02-17 23:38:38,disk_io,42.67
2026-02-18 00:38:38,disk_io,15.95
2026-02-18 01:38:38,disk_io,22.91
2026-02-18 02:38:38,disk_io,32.01
2026-02-18 03:38:38,disk_io,38.41
2026-02-18 04:38:38,disk_io,23.37
2026-02-18 05:38:38,disk_io,21.43
2026-02-18 06:38:38,disk_io,28.86
2026-02-18 07:38:38,disk_io,22.97
2026-02-18 08:38:38,disk_io,28.92
2026-02-18 09:38:38,disk_io,23.11
2026-02-18 10:38:38,disk_io,56.77
2026-02-18 11:38:38,disk_io,33.89
2026-02-18 12:38:38,disk_io,34.21
2026-02-18 13:38:38,disk_io,21.07
2026-02-18 14:38:38,disk_io,24.43
2026-02-18 15:38:38,disk_io,27.35
2026-02-18 16:38:38,disk_io,36.29
2026-02-18 17:38:38,disk_io,20.22
2026-02-18 18:38:38,disk_io,30.43
2026-02-18 19:38:38,disk_io,36.2
2026-02-18 20:38:38,disk_io,35.35
2026-02-18 21:38:38,disk_io,48.52
2026-02-18 22:38:38,disk_io,28.24
2026-02-18 23:38:38,disk_io,33.36
2026-02-19 00:38:38,disk_io,25.22
2026-02-19 01:38:38,disk_io,38.53
2026-02-19 02:38:38,disk_io,38.43
2026-02-19 03:38:38,disk_io,26.39
2026-02-19 04:38:38,disk_io,28.82
2026-02-19 05:38:38,disk_io,35.22
2026-02-19 06:38:38,disk_io,35.46
2026-02-19 07:38:38,disk_io,21.24
2026-02-19 08:38:38,disk_io,19.89
2026-02-19 09:38:38,disk_io,34.84
2026-02-19 10:38:38,disk_io,50.51
2026-02-19 11:38:38,disk_io,22.02
2026-02-19 12:38:38,disk_io,37.82
2026-02-19 13:38:38,disk_io,0.0
2026-02-19 14:38:38,disk_io,25.66
2026-02-19 15:38:38,disk_io,31.71
2026-02-19 16:38:38,disk_io,40.41
2026-02-19 17:38:38,disk_io,42.26
2026-02-19 18:38:38,disk_io,42.02
2026-02-19 19:38:38,disk_io,34.05
2026-02-19 20:38:38,disk_io,24.81
2026-02-19 21:38:38,disk_io,21.51
2026-02-19 22:38:38,disk_io,18.89
2026-02-19 23:38:38,disk_io,33.98
2026-02-20 00:38:38,disk_io,30.26
2026-02-20 01:38:38,disk_io,28.43
2026-02-20 02:38:38,disk_io,36.64
2026-02-20 03:38:38,disk_io,30.11
2026-02-20 04:38:38,disk_io,46.97
2026-02-20 05:38:38,disk_io,19.02
2026-02-20 06:38:38,disk_io,31.16
2026-02-20 07:38:38,disk_io,16.53
2026-02-20 08:38:38,disk_io,35.85
2026-02-20 09:38:38,disk_io,19.2
2026-02-20 10:38:38,disk_io,32.03
2026-02-20 11:38:38,disk_io,24.52
2026-02-20 12:38:38,disk_io,23.53
2026-02-20 13:38:38,disk_io,24.77
2026-02-20 14:38:38,disk_io,28.88
2026-02-20 15:38:38,disk_io,20.43
2026-02-20 16:38:38,disk_io,19.64
2026-02-20 17:38:38,disk_io,34.69
2026-02-20 18:38:38,disk_io,14.05
2026-02-20 19:38:38,disk_io,32.08
2026-02-20 20:38:38,disk_io,15.14
2026-02-20 21:38:38,disk_io,30.85
2026-02-20 22:38:38,disk_io,23.63
2026-02-20 23:38:38,disk_io,36.13
2026-02-21 00:38:38,disk_io,40.29
2026-02-21 01:38:38,disk_io,27.72
2026-02-21 02:38:38,disk_io,31.38
2026-02-21 03:38:38,disk_io,0.0
2026-02-21 04:38:38,disk_io,27.2
2026-02-21 05:38:38,disk_io,22.43
2026-02-21 06:38:38,disk_io,28.62
2026-02-21 07:38:38,disk_io,18.75
2026-02-21 08:38:38,disk_io,38.02
2026-02-21 09:38:38,disk_io,31.03
2026-02-21 10:38:38,disk_io,32.45
2026-02-21 11:38:38,disk_io,26.9
2026-02-21 12:38:38,disk_io,23.92
2026-02-21 13:38:38,disk_io,34.95
2026-02-21 14:38:38,disk_io,35.78
2026-02-21 15:38:38,disk_io,27.19
2026-02-21 16:38:38,disk_io,26.5
2026-02-21 17:38:38,disk_io,26.87
2026-02-21 18:38:38,disk_io,18.5
2026-02-21 19:38:38,disk_io,32.73
2026-02-21 20:38:38,disk_io,27.67
2026-02-21 21:38:38,disk_io,38.69
2026-02-21 22:38:38,disk_io,32.47
2026-02-21 23:38:38,disk_io,31.28
2026-02-22 00:38:38,disk_io,36.26
2026-02-22 01:38:38,disk_io,32.2
2026-02-22 02:38:38,disk_io,20.39
2026-02-22 03:38:38,disk_io,31.0
2026-02-22 04:38:38,disk_io,11.6
2026-02-22 05:38:38,disk_io,19.05
2026-02-22 06:38:38,disk_io,31.33
2026-02-22 07:38:38,disk_io,22.84
2026-02-22 08:38:38,disk_io,41.03
2026-02-22 09:38:38,disk_io,35.15
2026-02-22 10:38:38,disk_io,27.26
2026-02-22 11:38:38,disk_io,24.43
2026-02-22 12:38:38,disk_io,25.66
2026-02-22 13:38:38,disk_io,23.72
2026-02-22 14:38:38,disk_io,39.95
2026-02-22 15:38:38,disk_io,30.58
2026-02-22 16:38:38,disk_io,58.37
2026-02-22 17:38:38,disk_io,18.96
2026-02-22 18:38:38,disk_io,28.14
2026-02-22 19:38:38,disk_io,25.68
2026-02-22 20:38:38,disk_io,31.14
2026-02-22 21:38:38,disk_io,38.91
2026-02-22 22:38:38,disk_io,35.42
2026-02-22 23:38:38,disk_io,37.05
2026-02-23 00:38:38,disk_io,38.69
2026-02-23 01:38:38,disk_io,23.82
2026-02-23 02:38:38,disk_io,61.91
2026-02-23 03:38:38,disk_io,20.83
2026-02-23 04:38:38,disk_io,29.15
2026-02-23 05:38:38,disk_io,24.38
2026-02-23 06:38:38,disk_io,34.78
2026-02-23 07:38:38,disk_io,31.38
2026-02-23 08:38:38,disk_io,34.16
2026-02-23 09:38:38,disk_io,55.28
2026-02-23 10:38:38,disk_io,25.52
2026-02-23 11:38:38,disk_io,26.43
2026-02-23 12:38:38,disk_io,40.16
2026-02-23 13:38:38,disk_io,69.81
2026-02-23 14:38:38,disk_io,38.74
2026-02-23 15:38:38,disk_io,33.59
2026-02-23 16:38:38,disk_io,18.73
2026-02-23 17:38:38,disk_io,31.73
2026-02-23 18:38:38,disk_io,31.34
2026-02-23 19:38:38,disk_io,24.23
2026-02-23 20:38:38,disk_io,36.85
2026-02-23 21:38:38,disk_io,22.35
2026-02-23 22:38:38,disk_io,35.74
2026-02-23 23:38:38,disk_io,36.89
2026-02-24 00:38:38,disk_io,20.57
2026-02-24 01:38:38,disk_io,39.29
2026-02-24 02:38:38,disk_io,17.98
2026-02-24 03:38:38,disk_io,25.34
2026-02-24 04:38:38,disk_io,32.45
2026-02-24 05:38:38,disk_io,19.78
2026-02-24 06:38:38,disk_io,14.0
2026-02-24 07:38:38,disk_io,38.57
2026-02-24 08:38:38,disk_io,28.94
2026-02-24 09:38:38,disk_io,33.84
2026-02-24 10:38:38,disk_io,26.16
2026-02-24 11:38:38,disk_io,31.44
2026-02-24 12:38:38,disk_io,37.29
2026-02-24 13:38:38,disk_io,31.04
2026-02-24 14:38:38,disk_io,38.54
2026-02-24 15:38:38,disk_io,38.39
2026-02-24 16:38:38,disk_io,38.74
2026-02-24 17:38:38,disk_io,36.2
2026-02-24 18:38:38,disk_io,30.91
2026-02-24 19:38:38,disk_io,32.42
2026-02-24 20:38:38,disk_io,0.0
2026-02-24 21:38:38,disk_io,24.83
2026-02-24 22:38:38,disk_io,54.98
2026-02-24 23:38:38,disk_io,20.39
2026-02-25 00:38:38,disk_io,30.6
2026-02-25 01:38:38,disk_io,24.66
2026-02-25 02:38:38,disk_io,27.17
2026-02-25 03:38:38,disk_io,32.97
2026-02-25 04:38:38,disk_io,40.14
2026-02-25 05:38:38,disk_io,42.15
2026-02-25 06:38:38,disk_io,40.39
2026-02-25 07:38:38,disk_io,20.6
2026-02-25 08:38:38,disk_io,33.71
2026-02-25 09:38:38,disk_io,29.51
2026-02-25 10:38:38,disk_io,31.25
2026-02-25 11:38:38,disk_io,41.21
2026-02-25 12:38:38,disk_io,43.47
2026-02-25 13:38:38,disk_io,39.9
2026-02-25 14:38:38,disk_io,44.58
2026-02-25 15:38:38,disk_io,21.33
2026-02-25 16:38:38,disk_io,34.93
2026-02-25 17:38:38,disk_io,32.2
2026-02-25 18:38:38,disk_io,26.52
2026-02-25 19:38:38,disk_io,33.17
2026-02-25 20:38:38,disk_io,27.07
2026-02-25 21:38:38,disk_io,35.66
2026-02-25 22:38:38,disk_io,22.45
2026-02-25 23:38:38,disk_io,27.12
2026-02-26 00:38:38,disk_io,28.06
2026-02-26 01:38:38,disk_io,25.8
2026-02-26 02:38:38,disk_io,36.31
2026-02-26 03:38:38,disk_io,30.73
2026-02-26 04:38:38,disk_io,15.18
2026-02-26 05:38:38,disk_io,32.72
2026-02-26 06:38:38,disk_io,25.47
2026-02-26 07:38:38,disk_io,26.0
2026-02-26 08:38:38,disk_io,38.28
2026-02-26 09:38:38,disk_io,25.22
2026-02-26 10:38:38,disk_io,54.86
2026-02-26 11:38:38,disk_io,40.01
2026-02-26 12:38:38,disk_io,25.02
2026-02-26 13:38:38,disk_io,27.27
2026-02-26 14:38:38,disk_io,14.75
2026-02-26 15:38:38,disk_io,69.59
2026-02-26 16:38:38,disk_io,27.32
2026-02-26 17:38:38,disk_io,34.6
2026-02-26 18:38:38,disk_io,0.7
2026-02-26 19:38:38,disk_io,34.22
2026-02-26 20:38:38,disk_io,24.9
2026-02-26 21:38:38,disk_io,35.66
2026-02-26 22:38:38,disk_io,66.26
2026-02-26 23:38:38,disk_io,61.35
2026-02-27 00:38:38,disk_io,17.82
2026-02-27 01:38:38,disk_io,20.53
2026-02-27 02:38:38,disk_io,0.0
2026-02-27 03:38:38,disk_io,27.39
2026-02-27 04:38:38,disk_io,29.5
2026-02-27 05:38:38,disk_io,28.31
2026-02-27 06:38:38,disk_io,15.07
2026-02-27 07:38:38,disk_io,40.07
2026-02-27 08:38:38,disk_io,18.24
2026-02-27 09:38:38,disk_io,29.55
2026-02-27 10:38:38,disk_io,30.73
2026-02-27 11:38:38,disk_io,63.54
2026-02-27 12:38:38,disk_io,31.97
2026-02-27 13:38:38,disk_io,28.81
2026-02-27 14:38:38,disk_io,9.47
2026-02-27 15:38:38,disk_io,0.54
2026-02-27 16:38:38,disk_io,44.32
2026-02-27 17:38:38,disk_io,25.13
2026-02-27 18:38:38,disk_io,36.06
2026-02-27 19:38:38,disk_io,18.39
2026-02-27 20:38:38,disk_io,26.64
2026-02-27 21:38:38,disk_io,30.49
2026-02-27 22:38:38,disk_io,37.02
2026-02-27 23:38:38,disk_io,28.57
2026-02-28 00:38:38,disk_io,31.14
2026-02-28 01:38:38,disk_io,68.83
2026-02-28 02:38:38,disk_io,29.09
2026-02-28 03:38:38,disk_io,43.96
2026-02-28 04:38:38,disk_io,17.8
2026-02-28 05:38:38,disk_io,23.26
2026-02-28 06:38:38,disk_io,59.94
2026-02-28 07:38:38,disk_io,43.06
2026-02-28 08:38:38,disk_io,39.45
2026-02-28 09:38:38,disk_io,54.04
2026-02-28 10:38:38,disk_io,44.12
2026-02-28 11:38:38,disk_io,25.63
2026-02-28 12:38:38,disk_io,28.54
2026-02-28 13:38:38,disk_io,46.78
2026-02-28 14:38:38,disk_io,32.42
2026-02-28 15:38:38,disk_io,20.57
2026-02-28 16:38:38,disk_io,21.23
2026-02-28 17:38:38,disk_io,23.58
2026-02-28 18:38:38,disk_io,43.24
2026-02-28 19:38:38,disk_io,39.68
2026-02-28 20:38:38,disk_io,27.55
2026-02-28 21:38:38,disk_io,34.17
2026-02-28 22:38:38,disk_io,33.23
2026-02-28 23:38:38,disk_io,58.63
2026-03-01 00:38:38,disk_io,24.4
2026-03-01 01:38:38,disk_io,42.7
2026-03-01 02:38:38,disk_io,19.99
2026-03-01 03:38:38,disk_io,36.58
2026-03-01 04:38:38,disk_io,31.7
2026-03-01 05:38:38,disk_io,22.91
2026-03-01 06:38:38,disk_io,15.02
2026-03-01 07:38:38,disk_io,36.99
2026-03-01 08:38:38,disk_io,21.53
2026-03-01 09:38:38,disk_io,39.53
2026-03-01 10:38:38,disk_io,24.28
2026-03-01 11:38:38,disk_io,31.0
2026-03-01 12:38:38,disk_io,29.85
2026-03-01 13:38:38,disk_io,29.98
2026-03-01 14:38:38,disk_io,64.48
2026-03-01 15:38:38,disk_io,36.06
2026-03-01 16:38:38,disk_io,33.34
2026-03-01 17:38:38,disk_io,33.23
2026-03-01 18:38:38,disk_io,37.2
2026-03-01 19:38:38,disk_io,30.79
2026-03-01 20:38:38,disk_io,23.15
2026-03-01 21:38:38,disk_io,44.64
2026-03-01 22:38:38,disk_io,25.94
2026-03-01 23:38:38,disk_io,24.05
2026-03-02 00:38:38,disk_io,20.29
2026-03-02 01:38:38,disk_io,35.9
2026-03-02 02:38:38,disk_io,25.43
2026-03-02 03:38:38,disk_io,43.29
2026-03-02 04:38:38,disk_io,26.5
2026-03-02 05:38:38,disk_io,20.72
2026-03-02 06:38:38,disk_io,28.46
2026-03-02 07:38:38,disk_io,31.56
2026-03-02 08:38:38,disk_io,56.87
2026-03-02 09:38:38,disk_io,26.45
2026-03-02 10:38:38,disk_io,21.48
2026-03-02 11:38:38,disk_io,28.14
2026-03-02 12:38:38,disk_io,34.73
2026-03-02 13:38:38,disk_io,18.26
2026-03-02 14:38:38,disk_io,42.5
2026-03-02 15:38:38,disk_io,37.34
2026-03-02 16:38:38,disk_io,20.46
2026-03-02 17:38:38,disk_io,27.26
2026-03-02 18:38:38,disk_io,22.24
2026-03-02 19:38:38,disk_io,29.02
2026-03-02 20:38:38,disk_io,24.73
2026-03-02 21:38:38,disk_io,37.64
2026-03-02 22:38:38,disk_io,21.01
2026-03-02 23:38:38,disk_io,31.37
2026-03-03 00:38:38,disk_io,20.2
2026-03-03 01:38:38,disk_io,41.82
2026-03-03 02:38:38,disk_io,26.52
2026-03-03 03:38:38,disk_io,41.09
2026-03-03 04:38:38,disk_io,0.0
2026-03-03 05:38:38,disk_io,36.59
2026-03-03 06:38:38,disk_io,32.43
2026-03-03 07:38:38,disk_io,27.33
2026-03-03 08:38:38,disk_io,19.61
2026-03-03 09:38:38,disk_io,33.61
2026-03-03 10:38:38,disk_io,28.21
2026-03-03 11:38:38,disk_io,44.06
2026-03-03 12:38:38,disk_io,25.44
2026-03-03 13:38:38,disk_io,15.7
2026-03-03 14:38:38,disk_io,21.93
2026-03-03 15:38:38,disk_io,38.9
2026-03-03 16:38:38,disk_io,36.86
2026-03-03 17:38:38,disk_io,41.59
2026-03-03 18:38:38,disk_io,29.09
2026-03-03 19:38:38,disk_io,35.77
2026-03-03 20:38:38,disk_io,32.05
2026-03-03 21:38:38,disk_io,25.96
2026-03-03 22:38:38,disk_io,30.64
2026-03-03 23:38:38,disk_io,27.7
2026-03-04 00:38:38,disk_io,41.06
2026-03-04 01:38:38,disk_io,25.91
2026-03-04 02:38:38,disk_io,42.37
2026-03-04 03:38:38,disk_io,25.45
2026-03-04 04:38:38,disk_io,27.7
2026-03-04 05:38:38,disk_io,31.0
2026-03-04 06:38:38,disk_io,25.13
2026-03-04 07:38:38,disk_io,30.94
2026-03-04 08:38:38,disk_io,31.95
2026-03-04 09:38:38,disk_io,40.58
2026-03-04 10:38:38,disk_io,15.61
2026-03-04 11:38:38,disk_io,25.52
2026-03-04 12:38:38,disk_io,43.55
2026-03-04 13:38:38,disk_io,27.55
2026-03-04 14:38:38,disk_io,27.54
2026-03-04 15:38:38,disk_io,25.06
2026-03-04 16:38:38,disk_io,35.59
2026-03-04 17:38:38,disk_io,19.12
2026-03-04 18:38:38,disk_io,33.23
2026-03-04 19:38:38,disk_io,44.94
2026-03-04 20:38:38,disk_io,17.49
2026-03-04 21:38:38,disk_io,35.68
2026-03-04 22:38:38,disk_io,21.55
2026-03-04 23:38:38,disk_io,33.7
2026-03-05 00:38:38,disk_io,33.02
2026-03-05 01:38:38,disk_io,36.25
2026-03-05 02:38:38,disk_io,55.0
2026-03-05 03:38:38,disk_io,24.11
2026-03-05 04:38:38,disk_io,28.28
2026-03-05 05:38:38,disk_io,22.71
2026-03-05 06:38:38,disk_io,28.58
2026-03-05 07:38:38,disk_io,38.0
2026-03-05 08:38:38,disk_io,25.71
2026-03-05 09:38:38,disk_io,25.51
2026-03-05 10:38:38,disk_io,17.61
2026-03-05 11:38:38,disk_io,32.7
2026-03-05 12:38:38,disk_io,33.21
2026-03-05 13:38:38,disk_io,23.7
2026-03-05 14:38:38,disk_io,12.05
2026-03-05 15:38:38,disk_io,29.69
2026-03-05 16:38:38,disk_io,49.68
2026-03-05 17:38:38,disk_io,36.57
2026-03-05 18:38:38,disk_io,29.2
2026-03-05 19:38:38,disk_io,31.99
2026-03-05 20:38:38,disk_io,27.7
2026-03-05 21:38:38,disk_io,55.3
2026-03-05 22:38:38,disk_io,28.56
2026-03-05 23:38:38,disk_io,30.01
2026-03-06 00:38:38,disk_io,34.48
2026-03-06 01:38:38,disk_io,28.69
2026-03-06 02:38:38,disk_io,23.49
2026-03-06 03:38:38,disk_io,21.97
2026-03-06 04:38:38,disk_io,24.67
2026-03-06 05:38:38,disk_io,30.14
2026-03-06 06:38:38,disk_io,36.7
2026-03-06 07:38:38,disk_io,19.44
2026-03-06 08:38:38,disk_io,22.38
2026-03-06 09:38:38,disk_io,47.2
2026-03-06 10:38:38,disk_io,24.1
2026-03-06 11:38:38,disk_io,42.07
2026-03-06 12:38:38,disk_io,24.17
2026-03-06 13:38:38,disk_io,23.32
2026-03-06 14:38:38,disk_io,42.69
2026-03-06 15:38:38,disk_io,18.55
2026-03-06 16:38:38,disk_io,30.84
2026-03-06 17:38:38,disk_io,21.01
2026-03-06 18:38:38,disk_io,27.64
2026-03-06 19:38:38,disk_io,17.66
2026-03-06 20:38:38,disk_io,29.52
2026-03-06 21:38:38,disk_io,0.74
2026-03-06 22:38:38,disk_io,39.81
2026-03-06 23:38:38,disk_io,27.57
2026-03-07 00:38:38,disk_io,36.2
2026-03-07 01:38:38,disk_io,28.09
2026-03-07 02:38:38,disk_io,33.11
2026-03-07 03:38:38,disk_io,27.56
2026-03-07 04:38:38,disk_io,41.15
2026-03-07 05:38:38,disk_io,17.79
2026-03-07 06:38:38,disk_io,17.81
2026-03-07 07:38:38,disk_io,17.79
2026-03-07 08:38:38,disk_io,16.35
2026-03-07 09:38:38,disk_io,28.06
2026-03-07 10:38:38,disk_io,30.45
2026-03-07 11:38:38,disk_io,29.11
2026-03-07 12:38:38,disk_io,24.9
2026-03-07 13:38:38,disk_io,43.22
2026-03-07 14:38:38,disk_io,28.71
2026-03-07 15:38:38,disk_io,24.23
2026-03-07 16:38:38,disk_io,15.39
2026-03-07 17:38:38,disk_io,35.12
2026-03-07 18:38:38,disk_io,43.57
2026-03-07 19:38:38,disk_io,23.7
2026-03-07 20:38:38,disk_io,59.84
2026-03-07 21:38:38,disk_io,21.78
2026-03-07 22:38:38,disk_io,30.55
2026-03-07 23:38:38,disk_io,33.06
2026-03-08 00:38:38,disk_io,22.07
2026-03-08 01:38:38,disk_io,25.64
2026-03-08 02:38:38,disk_io,33.94
2026-03-08 03:38:38,disk_io,31.73
2026-03-08 04:38:38,disk_io,33.49
2026-03-08 05:38:38,disk_io,39.93
2026-03-08 06:38:38,disk_io,0.0
2026-03-08 07:38:38,disk_io,23.25
2026-03-08 08:38:38,disk_io,4.29
2026-03-08 09:38:38,disk_io,34.69
2026-03-08 10:38:38,disk_io,33.53
2026-03-08 11:38:38,disk_io,46.26
2026-03-08 12:38:38,disk_io,35.4
2026-03-08 13:38:38,disk_io,47.59
2026-03-08 14:38:38,disk_io,36.91
2026-03-08 15:38:38,disk_io,16.15
2026-03-08 16:38:38,disk_io,34.93
2026-03-08 17:38:38,disk_io,40.79
2026-03-08 18:38:38,disk_io,13.49
2026-03-08 19:38:38,disk_io,40.52
2026-03-08 20:38:38,disk_io,29.43
2026-03-08 21:38:38,disk_io,35.71
2026-03-08 22:38:38,disk_io,33.58
2026-03-08 23:38:38,disk_io,29.95
2026-03-09 00:38:38,disk_io,39.84
2026-03-09 01:38:38,disk_io,33.87
2026-03-09 02:38:38,disk_io,24.74
2026-03-09 03:38:38,disk_io,26.2
2026-03-09 04:38:38,disk_io,36.03
2026-03-09 05:38:38,disk_io,24.1
2026-03-09 06:38:38,disk_io,41.51
2026-03-09 07:38:38,disk_io,22.97
2026-03-09 08:38:38,disk_io,45.42
2026-03-09 09:38:38,disk_io,32.76
2026-03-09 10:38:38,disk_io,30.08
2026-03-09 11:38:38,disk_io,45.46
2026-03-09 12:38:38,disk_io,23.4
2026-03-09 13:38:38,disk_io,38.37
2026-03-09 14:38:38,disk_io,45.1
2026-03-09 15:38:38,disk_io,27.03
2026-03-09 16:38:38,disk_io,30.01
2026-03-09 17:38:38,disk_io,27.42
2026-03-09 18:38:38,disk_io,20.29
2026-03-09 19:38:38,disk_io,27.64
2026-03-09 20:38:38,disk_io,37.27
2026-03-09 21:38:38,disk_io,0.0
2026-03-09 22:38:38,disk_io,36.55
2026-03-09 23:38:38,disk_io,32.14
2026-03-10 00:38:38,disk_io,27.85
2026-03-10 01:38:38,disk_io,27.98
2026-03-10 02:38:38,disk_io,33.63
2026-03-10 03:38:38,disk_io,22.89
2026-03-10 04:38:38,disk_io,12.79
2026-03-10 05:38:38,disk_io,34.53
2026-03-10 06:38:38,disk_io,29.62
2026-03-10 07:38:38,disk_io,26.83
2026-03-10 08:38:38,disk_io,31.59
2026-03-10 09:38:38,disk_io,33.61
2026-03-10 10:38:38,disk_io,28.41
2026-03-10 11:38:38,disk_io,25.54
2026-03-10 12:38:38,disk_io,26.65
2026-03-10 13:38:38,disk_io,36.11
2026-03-10 14:38:38,disk_io,61.04
2026-03-10 15:38:38,disk_io,25.16
2026-03-10 16:38:38,disk_io,25.51
2026-03-10 17:38:38,disk_io,30.02
2026-03-10 18:38:38,disk_io,28.28
2026-03-10 19:38:38,disk_io,8.99
2026-03-10 20:38:38,disk_io,3.66
2026-03-10 21:38:38,disk_io,24.76
2026-03-10 22:38:38,disk_io,22.74
2026-03-10 23:38:38,disk_io,22.01
2026-03-11 00:38:38,disk_io,27.98
2026-03-11 01:38:38,disk_io,4.7
2026-03-11 02:38:38,disk_io,30.12
2026-03-11 03:38:38,disk_io,34.71
2026-03-11 04:38:38,disk_io,30.82
2026-03-11 05:38:38,disk_io,37.25
2026-03-11 06:38:38,disk_io,60.87
2026-03-11 07:38:38,disk_io,30.2
2026-03-11 08:38:38,disk_io,31.3
2026-03-11 09:38:38,disk_io,27.46
2026-03-11 10:38:38,disk_io,46.86
2026-03-11 11:38:38,disk_io,20.06
2026-03-11 12:38:38,disk_io,20.63
2026-03-11 13:38:38,disk_io,43.79
2026-03-11 14:38:38,disk_io,14.92
2026-03-11 15:38:38,disk_io,37.98
2026-03-11 16:38:38,disk_io,24.93
2026-03-11 17:38:38,disk_io,35.98
2026-03-11 18:38:38,disk_io,18.29
2026-03-11 19:38:38,disk_io,32.91
2026-03-11 20:38:38,disk_io,27.97
2026-03-11 21:38:38,disk_io,42.21
2026-03-11 22:38:38,disk_io,23.08
2026-03-11 23:38:38,disk_io,31.49
2026-03-12 00:38:38,disk_io,21.31
2026-03-12 01:38:38,disk_io,0.0
2026-03-12 02:38:38,disk_io,38.47
2026-03-12 03:38:38,disk_io,32.27
2026-03-12 04:38:38,disk_io,38.05
2026-03-12 05:38:38,disk_io,26.99
2026-03-12 06:38:38,disk_io,18.2
2025-12-12 07:38:38,network_latency,10.27
2025-12-12 08:38:38,network_latency,39.93
2025-12-12 09:38:38,network_latency,21.0
2025-12-12 10:38:38,network_latency,17.57
2025-12-12 11:38:38,network_latency,15.78
2025-12-12 12:38:38,network_latency,16.28
2025-12-12 13:38:38,network_latency,18.33
2025-12-12 14:38:38,network_latency,16.71
2025-12-12 15:38:38,network_latency,10.34
2025-12-12 16:38:38,network_latency,13.7
2025-12-12 17:38:38,network_latency,19.03
2025-12-12 18:38:38,network_latency,11.48
2025-12-12 19:38:38,network_latency,10.09
2025-12-12 20:38:38,network_latency,13.57
2025-12-12 21:38:38,network_latency,7.47
2025-12-12 22:38:38,network_latency,21.41
2025-12-12 23:38:38,network_latency,17.32
2025-12-13 00:38:38,network_latency,7.82
2025-12-13 01:38:38,network_latency,21.09
2025-12-13 02:38:38,network_latency,17.55
2025-12-13 03:38:38,network_latency,13.17
2025-12-13 04:38:38,network_latency,12.96
2025-12-13 05:38:38,network_latency,20.62
2025-12-13 06:38:38,network_latency,16.53
2025-12-13 07:38:38,network_latency,15.08
2025-12-13 08:38:38,network_latency,16.24
2025-12-13 09:38:38,network_latency,14.98
2025-12-13 10:38:38,network_latency,15.11
2025-12-13 11:38:38,network_latency,16.22
2025-12-13 12:38:38,network_latency,15.61
2025-12-13 13:38:38,network_latency,8.56
2025-12-13 14:38:38,network_latency,19.54
2025-12-13 15:38:38,network_latency,21.49
2025-12-13 16:38:38,network_latency,3.39
2025-12-13 17:38:38,network_latency,15.36
2025-12-13 18:38:38,network_latency,20.38
2025-12-13 19:38:38,network_latency,18.29
2025-12-13 20:38:38,network_latency,0.0
2025-12-13 21:38:38,network_latency,7.4
2025-12-13 22:38:38,network_latency,13.21
2025-12-13 23:38:38,network_latency,8.76
2025-12-14 00:38:38,network_latency,19.58
2025-12-14 01:38:38,network_latency,13.75
2025-12-14 02:38:38,network_latency,24.48
2025-12-14 03:38:38,network_latency,13.81
2025-12-14 04:38:38,network_latency,15.78
2025-12-14 05:38:38,network_latency,8.91
2025-12-14 06:38:38,network_latency,20.97
2025-12-14 07:38:38,network_latency,14.99
2025-12-14 08:38:38,network_latency,17.06
2025-12-14 09:38:38,network_latency,31.1
2025-12-14 10:38:38,network_latency,7.4
2025-12-14 11:38:38,network_latency,11.52
2025-12-14 12:38:38,network_latency,11.55
2025-12-14 13:38:38,network_latency,10.39
2025-12-14 14:38:38,network_latency,32.05
2025-12-14 15:38:38,network_latency,24.28
2025-12-14 16:38:38,network_latency,0.0
2025-12-14 17:38:38,network_latency,14.42
2025-12-14 18:38:38,network_latency,20.38
2025-12-14 19:38:38,network_latency,30.95
2025-12-14 20:38:38,network_latency,23.07
2025-12-14 21:38:38,network_latency,26.22
2025-12-14 22:38:38,network_latency,15.37
2025-12-14 23:38:38,network_latency,14.09
2025-12-15 00:38:38,network_latency,17.76
2025-12-15 01:38:38,network_latency,12.99
2025-12-15 02:38:38,network_latency,11.04
2025-12-15 03:38:38,network_latency,0.0
2025-12-15 04:38:38,network_latency,16.29
2025-12-15 05:38:38,network_latency,16.05
2025-12-15 06:38:38,network_latency,27.64
2025-12-15 07:38:38,network_latency,11.11
2025-12-15 08:38:38,network_latency,8.65
2025-12-15 09:38:38,network_latency,13.05
2025-12-15 10:38:38,network_latency,9.93
2025-12-15 11:38:38,network_latency,18.58
2025-12-15 12:38:38,network_latency,8.52
2025-12-15 13:38:38,network_latency,17.75
2025-12-15 14:38:38,network_latency,18.29
2025-12-15 15:38:38,network_latency,19.46
2025-12-15 16:38:38,network_latency,34.9
2025-12-15 17:38:38,network_latency,8.32
2025-12-15 18:38:38,network_latency,10.61
2025-12-15 19:38:38,network_latency,12.23
2025-12-15 20:38:38,network_latency,18.65
2025-12-15 21:38:38,network_latency,8.08
2025-12-15 22:38:38,network_latency,13.96
2025-12-15 23:38:38,network_latency,16.84
2025-12-16 00:38:38,network_latency,16.4
2025-12-16 01:38:38,network_latency,18.65
2025-12-16 02:38:38,network_latency,14.1
2025-12-16 03:38:38,network_latency,12.08
2025-12-16 04:38:38,network_latency,21.69
2025-12-16 05:38:38,network_latency,11.9
2025-12-16 06:38:38,network_latency,11.25
2025-12-16 07:38:38,network_latency,10.92
2025-12-16 08:38:38,network_latency,10.75
2025-12-16 09:38:38,network_latency,23.01
2025-12-16 10:38:38,network_latency,23.99
2025-12-16 11:38:38,network_latency,19.29
2025-12-16 12:38:38,network_latency,17.71
2025-12-16 13:38:38,network_latency,11.26
2025-12-16 14:38:38,network_latency,12.9
2025-12-16 15:38:38,network_latency,7.49
2025-12-16 16:38:38,network_latency,0.0
2025-12-16 17:38:38,network_latency,17.57
2025-12-16 18:38:38,network_latency,12.24
2025-12-16 19:38:38,network_latency,12.91
2025-12-16 20:38:38,network_latency,22.09
2025-12-16 21:38:38,network_latency,9.29
2025-12-16 22:38:38,network_latency,13.61
2025-12-16 23:38:38,network_latency,15.12
2025-12-17 00:38:38,network_latency,9.24
2025-12-17 01:38:38,network_latency,14.33
2025-12-17 02:38:38,network_latency,16.81
2025-12-17 03:38:38,network_latency,13.65
2025-12-17 04:38:38,network_latency,20.5
2025-12-17 05:38:38,network_latency,15.4
2025-12-17 06:38:38,network_latency,25.2
2025-12-17 07:38:38,network_latency,22.71
2025-12-17 08:38:38,network_latency,14.97
2025-12-17 09:38:38,network_latency,14.64
2025-12-17 10:38:38,network_latency,18.75
2025-12-17 11:38:38,network_latency,2.71
2025-12-17 12:38:38,network_latency,11.3
2025-12-17 13:38:38,network_latency,11.45
2025-12-17 14:38:38,network_latency,24.29
2025-12-17 15:38:38,network_latency,12.06
2025-12-17 16:38:38,network_latency,12.07
2025-12-17 17:38:38,network_latency,11.44
2025-12-17 18:38:38,network_latency,12.02
2025-12-17 19:38:38,network_latency,10.52
2025-12-17 20:38:38,network_latency,14.41
2025-12-17 21:38:38,network_latency,20.65
2025-12-17 22:38:38,network_latency,14.24
2025-12-17 23:38:38,network_latency,11.57
2025-12-18 00:38:38,network_latency,15.33
2025-12-18 01:38:38,network_latency,19.35
2025-12-18 02:38:38,network_latency,16.23
2025-12-18 03:38:38,network_latency,14.84
2025-12-18 04:38:38,network_latency,0.0
2025-12-18 05:38:38,network_latency,11.81
2025-12-18 06:38:38,network_latency,17.27
2025-12-18 07:38:38,network_latency,12.71
2025-12-18 08:38:38,network_latency,18.14
2025-12-18 09:38:38,network_latency,6.89
2025-12-18 10:38:38,network_latency,7.83
2025-12-18 11:38:38,network_latency,17.8
2025-12-18 12:38:38,network_latency,9.73
2025-12-18 13:38:38,network_latency,16.62
2025-12-18 14:38:38,network_latency,19.73
2025-12-18 15:38:38,network_latency,18.34
2025-12-18 16:38:38,network_latency,12.7
2025-12-18 17:38:38,network_latency,33.46
2025-12-18 18:38:38,network_latency,17.37
2025-12-18 19:38:38,network_latency,29.01
2025-12-18 20:38:38,network_latency,18.8
2025-12-18 21:38:38,network_latency,11.09
2025-12-18 22:38:38,network_latency,0.0
2025-12-18 23:38:38,network_latency,17.13
2025-12-19 00:38:38,network_latency,22.45
2025-12-19 01:38:38,network_latency,25.09
2025-12-19 02:38:38,network_latency,9.06
2025-12-19 03:38:38,network_latency,19.27
2025-12-19 04:38:38,network_latency,21.46
2025-12-19 05:38:38,network_latency,20.47
2025-12-19 06:38:38,network_latency,20.66
2025-12-19 07:38:38,network_latency,11.42
2025-12-19 08:38:38,network_latency,15.96
2025-12-19 09:38:38,network_latency,12.85
2025-12-19 10:38:38,network_latency,16.58
2025-12-19 11:38:38,network_latency,11.08
2025-12-19 12:38:38,network_latency,18.93
2025-12-19 13:38:38,network_latency,16.61
2025-12-19 14:38:38,network_latency,11.09
2025-12-19 15:38:38,network_latency,18.46
2025-12-19 16:38:38,network_latency,12.05
2025-12-19 17:38:38,network_latency,6.39
2025-12-19 18:38:38,network_latency,10.09
2025-12-19 19:38:38,network_latency,19.51
2025-12-19 20:38:38,network_latency,23.12
2025-12-19 21:38:38,network_latency,23.27
2025-12-19 22:38:38,network_latency,12.33
2025-12-19 23:38:38,network_latency,14.06
2025-12-20 00:38:38,network_latency,12.94
2025-12-20 01:38:38,network_latency,14.93
2025-12-20 02:38:38,network_latency,8.57
2025-12-20 03:38:38,network_latency,12.45
2025-12-20 04:38:38,network_latency,15.97
2025-12-20 05:38:38,network_latency,19.53
2025-12-20 06:38:38,network_latency,16.4
2025-12-20 07:38:38,network_latency,13.84
2025-12-20 08:38:38,network_latency,10.2
2025-12-20 09:38:38,network_latency,19.86
2025-12-20 10:38:38,network_latency,7.98
2025-12-20 11:38:38,network_latency,8.84
2025-12-20 12:38:38,network_latency,17.9
2025-12-20 13:38:38,network_latency,18.6
2025-12-20 14:38:38,network_latency,3.57
2025-12-20 15:38:38,network_latency,13.88
2025-12-20 16:38:38,network_latency,5.69
2025-12-20 17:38:38,network_latency,14.17
2025-12-20 18:38:38,network_latency,13.15
2025-12-20 19:38:38,network_latency,39.65
2025-12-20 20:38:38,network_latency,17.12
2025-12-20 21:38:38,network_latency,12.26
2025-12-20 22:38:38,network_latency,18.2
2025-12-20 23:38:38,network_latency,7.1
2025-12-21 00:38:38,network_latency,17.92
2025-12-21 01:38:38,network_latency,20.6
2025-12-21 02:38:38,network_latency,13.33
2025-12-21 03:38:38,network_latency,21.07
2025-12-21 04:38:38,network_latency,15.85
2025-12-21 05:38:38,network_latency,17.44
2025-12-21 06:38:38,network_latency,14.37
2025-12-21 07:38:38,network_latency,11.83
2025-12-21 08:38:38,network_latency,16.11
2025-12-21 09:38:38,network_latency,12.53
2025-12-21 10:38:38,network_latency,18.78
2025-12-21 11:38:38,network_latency,12.88
2025-12-21 12:38:38,network_latency,16.45
2025-12-21 13:38:38,network_latency,15.7
2025-12-21 14:38:38,network_latency,1.51
2025-12-21 15:38:38,network_latency,16.68
2025-12-21 16:38:38,network_latency,19.0
2025-12-21 17:38:38,network_latency,7.3
2025-12-21 18:38:38,network_latency,15.57
2025-12-21 19:38:38,network_latency,17.02
2025-12-21 20:38:38,network_latency,15.44
2025-12-21 21:38:38,network_latency,13.62
2025-12-21 22:38:38,network_latency,13.3
2025-12-21 23:38:38,network_latency,8.47
2025-12-22 00:38:38,network_latency,11.58
2025-12-22 01:38:38,network_latency,23.55
2025-12-22 02:38:38,network_latency,17.96
2025-12-22 03:38:38,network_latency,13.79
2025-12-22 04:38:38,network_latency,12.34
2025-12-22 05:38:38,network_latency,20.74
2025-12-22 06:38:38,network_latency,0.0
2025-12-22 07:38:38,network_latency,15.71
2025-12-22 08:38:38,network_latency,21.07
2025-12-22 09:38:38,network_latency,2.41
2025-12-22 10:38:38,network_latency,16.55
2025-12-22 11:38:38,network_latency,17.45
2025-12-22 12:38:38,network_latency,7.6
2025-12-22 13:38:38,network_latency,18.68
2025-12-22 14:38:38,network_latency,13.72
2025-12-22 15:38:38,network_latency,15.26
2025-12-22 16:38:38,network_latency,9.71
2025-12-22 17:38:38,network_latency,11.91
2025-12-22 18:38:38,network_latency,15.93
2025-12-22 19:38:38,network_latency,17.09
2025-12-22 20:38:38,network_latency,10.7
2025-12-22 21:38:38,network_latency,14.98
2025-12-22 22:38:38,network_latency,22.97
2025-12-22 23:38:38,network_latency,22.24
2025-12-23 00:38:38,network_latency,17.58
2025-12-23 01:38:38,network_latency,20.89
2025-12-23 02:38:38,network_latency,5.58
2025-12-23 03:38:38,network_latency,20.86
2025-12-23 04:38:38,network_latency,13.46
2025-12-23 05:38:38,network_latency,14.86
2025-12-23 06:38:38,network_latency,13.11
2025-12-23 07:38:38,network_latency,14.67
2025-12-23 08:38:38,network_latency,12.68
2025-12-23 09:38:38,network_latency,24.99
2025-12-23 10:38:38,network_latency,12.65
2025-12-23 11:38:38,network_latency,13.37
2025-12-23 12:38:38,network_latency,9.56
2025-12-23 13:38:38,network_latency,18.38
2025-12-23 14:38:38,network_latency,19.44
2025-12-23 15:38:38,network_latency,17.23
2025-12-23 16:38:38,network_latency,13.27
2025-12-23 17:38:38,network_latency,15.35
2025-12-23 18:38:38,network_latency,11.0
2025-12-23 19:38:38,network_latency,21.19
2025-12-23 20:38:38,network_latency,18.3
2025-12-23 21:38:38,network_latency,11.49
2025-12-23 22:38:38,network_latency,13.71
2025-12-23 23:38:38,network_latency,12.08
2025-12-24 00:38:38,network_latency,13.03
2025-12-24 01:38:38,network_latency,8.43
2025-12-24 02:38:38,network_latency,16.02
2025-12-24 03:38:38,network_latency,13.62
2025-12-24 04:38:38,network_latency,17.29
2025-12-24 05:38:38,network_latency,7.82
2025-12-24 06:38:38,network_latency,16.92
2025-12-24 07:38:38,network_latency,21.65
2025-12-24 08:38:38,network_latency,17.55
2025-12-24 09:38:38,network_latency,23.67
2025-12-24 10:38:38,network_latency,11.96
2025-12-24 11:38:38,network_latency,4.43
2025-12-24 12:38:38,network_latency,13.73
2025-12-24 13:38:38,network_latency,20.04
2025-12-24 14:38:38,network_latency,11.91
2025-12-24 15:38:38,network_latency,15.85
2025-12-24 16:38:38,network_latency,17.99
2025-12-24 17:38:38,network_latency,21.47
2025-12-24 18:38:38,network_latency,18.01
2025-12-24 19:38:38,network_latency,17.91
2025-12-24 20:38:38,network_latency,17.45
2025-12-24 21:38:38,network_latency,20.37
2025-12-24 22:38:38,network_latency,10.6
2025-12-24 23:38:38,network_latency,9.17
2025-12-25 00:38:38,network_latency,13.55
2025-12-25 01:38:38,network_latency,0.0
2025-12-25 02:38:38,network_latency,16.78
2025-12-25 03:38:38,network_latency,16.33
2025-12-25 04:38:38,network_latency,13.0
2025-12-25 05:38:38,network_latency,4.5
2025-12-25 06:38:38,network_latency,17.02
2025-12-25 07:38:38,network_latency,12.71
2025-12-25 08:38:38,network_latency,14.32
2025-12-25 09:38:38,network_latency,21.29
2025-12-25 10:38:38,network_latency,16.52
2025-12-25 11:38:38,network_latency,11.9
2025-12-25 12:38:38,network_latency,16.97
2025-12-25 13:38:38,network_latency,18.79
2025-12-25 14:38:38,network_latency,11.79
2025-12-25 15:38:38,network_latency,17.81
2025-12-25 16:38:38,network_latency,13.85
2025-12-25 17:38:38,network_latency,11.93
2025-12-25 18:38:38,network_latency,15.45
2025-12-25 19:38:38,network_latency,10.56
2025-12-25 20:38:38,network_latency,17.72
2025-12-25 21:38:38,network_latency,10.94
2025-12-25 22:38:38,network_latency,20.12
2025-12-25 23:38:38,network_latency,16.03
2025-12-26 00:38:38,network_latency,20.26
2025-12-26 01:38:38,network_latency,13.18
2025-12-26 02:38:38,network_latency,12.75
2025-12-26 03:38:38,network_latency,18.34
2025-12-26 04:38:38,network_latency,13.24
2025-12-26 05:38:38,network_latency,14.07
2025-12-26 06:38:38,network_latency,14.09
2025-12-26 07:38:38,network_latency,2.37
2025-12-26 08:38:38,network_latency,6.16
2025-12-26 09:38:38,network_latency,23.06
2025-12-26 10:38:38,network_latency,17.01
2025-12-26 11:38:38,network_latency,19.19
2025-12-26 12:38:38,network_latency,16.07
2025-12-26 13:38:38,network_latency,16.31
2025-12-26 14:38:38,network_latency,15.12
2025-12-26 15:38:38,network_latency,8.33
2025-12-26 16:38:38,network_latency,17.7
2025-12-26 17:38:38,network_latency,16.15
2025-12-26 18:38:38,network_latency,8.77
2025-12-26 19:38:38,network_latency,18.1
2025-12-26 20:38:38,network_latency,22.42
2025-12-26 21:38:38,network_latency,16.37
2025-12-26 22:38:38,network_latency,22.63
2025-12-26 23:38:38,network_latency,8.24
2025-12-27 00:38:38,network_latency,17.67
2025-12-27 01:38:38,network_latency,20.24
2025-12-27 02:38:38,network_latency,14.36
2025-12-27 03:38:38,network_latency,8.63
2025-12-27 04:38:38,network_latency,20.25
2025-12-27 05:38:38,network_latency,18.41
2025-12-27 06:38:38,network_latency,10.87
2025-12-27 07:38:38,network_latency,0.0
2025-12-27 08:38:38,network_latency,15.48
2025-12-27 09:38:38,network_latency,17.2
2025-12-27 10:38:38,network_latency,10.88
2025-12-27 11:38:38,network_latency,17.63
2025-12-27 12:38:38,network_latency,20.21
2025-12-27 13:38:38,network_latency,23.03
2025-12-27 14:38:38,network_latency,10.62
2025-12-27 15:38:38,network_latency,21.16
2025-12-27 16:38:38,network_latency,13.32
2025-12-27 17:38:38,network_latency,15.53
2025-12-27 18:38:38,network_latency,11.84
2025-12-27 19:38:38,network_latency,12.38
2025-12-27 20:38:38,network_latency,17.21
2025-12-27 21:38:38,network_latency,18.79
2025-12-27 22:38:38,network_latency,6.23
2025-12-27 23:38:38,network_latency,6.34
2025-12-28 00:38:38,network_latency,12.51
2025-12-28 01:38:38,network_latency,16.43
2025-12-28 02:38:38,network_latency,0.0
2025-12-28 03:38:38,network_latency,14.77
2025-12-28 04:38:38,network_latency,9.74
2025-12-28 05:38:38,network_latency,14.71
2025-12-28 06:38:38,network_latency,13.72
2025-12-28 07:38:38,network_latency,10.98
2025-12-28 08:38:38,network_latency,16.52
2025-12-28 09:38:38,network_latency,11.84
2025-12-28 10:38:38,network_latency,23.3
2025-12-28 11:38:38,network_latency,14.32
2025-12-28 12:38:38,network_latency,18.38
2025-12-28 13:38:38,network_latency,15.73
2025-12-28 14:38:38,network_latency,8.41
2025-12-28 15:38:38,network_latency,0.0
2025-12-28 16:38:38,network_latency,36.63
2025-12-28 17:38:38,network_latency,11.87
2025-12-28 18:38:38,network_latency,20.15
2025-12-28 19:38:38,network_latency,18.37
2025-12-28 20:38:38,network_latency,13.7
2025-12-28 21:38:38,network_latency,18.92
2025-12-28 22:38:38,network_latency,17.24
2025-12-28 23:38:38,network_latency,4.89
2025-12-29 00:38:38,network_latency,22.38
2025-12-29 01:38:38,network_latency,18.0
2025-12-29 02:38:38,network_latency,17.86
2025-12-29 03:38:38,network_latency,10.12
2025-12-29 04:38:38,network_latency,15.34
2025-12-29 05:38:38,network_latency,23.12
2025-12-29 06:38:38,network_latency,14.9
2025-12-29 07:38:38,network_latency,10.88
2025-12-29 08:38:38,network_latency,16.96
2025-12-29 09:38:38,network_latency,15.99
2025-12-29 10:38:38,network_latency,15.32
2025-12-29 11:38:38,network_latency,15.67
2025-12-29 12:38:38,network_latency,15.66
2025-12-29 13:38:38,network_latency,21.15
2025-12-29 14:38:38,network_latency,13.19
2025-12-29 15:38:38,network_latency,21.08
2025-12-29 16:38:38,network_latency,9.73
2025-12-29 17:38:38,network_latency,18.38
2025-12-29 18:38:38,network_latency,0.0
2025-12-29 19:38:38,network_latency,15.49
2025-12-29 20:38:38,network_latency,9.51
2025-12-29 21:38:38,network_latency,5.49
2025-12-29 22:38:38,network_latency,3.77
2025-12-29 23:38:38,network_latency,15.44
2025-12-30 00:38:38,network_latency,6.89
2025-12-30 01:38:38,network_latency,19.85
2025-12-30 02:38:38,network_latency,11.81
2025-12-30 03:38:38,network_latency,16.33
2025-12-30 04:38:38,network_latency,17.6
2025-12-30 05:38:38,network_latency,20.02
2025-12-30 06:38:38,network_latency,19.6
2025-12-30 07:38:38,network_latency,12.38
2025-12-30 08:38:38,network_latency,15.71
2025-12-30 09:38:38,network_latency,26.93
2025-12-30 10:38:38,network_latency,24.68
2025-12-30 11:38:38,network_latency,18.88
2025-12-30 12:38:38,network_latency,18.89
2025-12-30 13:38:38,network_latency,11.21
2025-12-30 14:38:38,network_latency,14.92
2025-12-30 15:38:38,network_latency,17.98
2025-12-30 16:38:38,network_latency,13.73
2025-12-30 17:38:38,network_latency,10.81
2025-12-30 18:38:38,network_latency,22.34
2025-12-30 19:38:38,network_latency,25.92
2025-12-30 20:38:38,network_latency,16.85
2025-12-30 21:38:38,network_latency,16.98
2025-12-30 22:38:38,network_latency,15.97
2025-12-30 23:38:38,network_latency,20.75
2025-12-31 00:38:38,network_latency,8.01
2025-12-31 01:38:38,network_latency,12.09
2025-12-31 02:38:38,network_latency,17.81
2025-12-31 03:38:38,network_latency,14.32
2025-12-31 04:38:38,network_latency,17.62
2025-12-31 05:38:38,network_latency,10.03
2025-12-31 06:38:38,network_latency,17.76
2025-12-31 07:38:38,network_latency,0.0
2025-12-31 08:38:38,network_latency,15.49
2025-12-31 09:38:38,network_latency,7.13
2025-12-31 10:38:38,network_latency,15.32
2025-12-31 11:38:38,network_latency,18.78
2025-12-31 12:38:38,network_latency,13.98
2025-12-31 13:38:38,network_latency,14.53
2025-12-31 14:38:38,network_latency,17.0
2025-12-31 15:38:38,network_latency,17.55
2025-12-31 16:38:38,network_latency,6.95
2025-12-31 17:38:38,network_latency,12.05
2025-12-31 18:38:38,network_latency,7.6
2025-12-31 19:38:38,network_latency,13.07
2025-12-31 20:38:38,network_latency,22.85
2025-12-31 21:38:38,network_latency,18.86
2025-12-31 22:38:38,network_latency,14.96
2025-12-31 23:38:38,network_latency,24.46
2026-01-01 00:38:38,network_latency,16.5
2026-01-01 01:38:38,network_latency,0.0
2026-01-01 02:38:38,network_latency,15.67
2026-01-01 03:38:38,network_latency,16.59
2026-01-01 04:38:38,network_latency,13.61
2026-01-01 05:38:38,network_latency,13.63
2026-01-01 06:38:38,network_latency,22.75
2026-01-01 07:38:38,network_latency,0.0
2026-01-01 08:38:38,network_latency,12.3
2026-01-01 09:38:38,network_latency,4.5
2026-01-01 10:38:38,network_latency,4.49
2026-01-01 11:38:38,network_latency,11.62
2026-01-01 12:38:38,network_latency,21.51
2026-01-01 13:38:38,network_latency,20.86
2026-01-01 14:38:38,network_latency,20.19
2026-01-01 15:38:38,network_latency,18.22
2026-01-01 16:38:38,network_latency,25.88
2026-01-01 17:38:38,network_latency,18.13
2026-01-01 18:38:38,network_latency,15.31
2026-01-01 19:38:38,network_latency,7.04
2026-01-01 20:38:38,network_latency,16.31
2026-01-01 21:38:38,network_latency,13.01
2026-01-01 22:38:38,network_latency,14.8
2026-01-01 23:38:38,network_latency,20.77
2026-01-02 00:38:38,network_latency,18.78
2026-01-02 01:38:38,network_latency,17.9
2026-01-02 02:38:38,network_latency,13.43
2026-01-02 03:38:38,network_latency,17.07
2026-01-02 04:38:38,network_latency,27.97
2026-01-02 05:38:38,network_latency,21.23
2026-01-02 06:38:38,network_latency,12.39
2026-01-02 07:38:38,network_latency,15.4
2026-01-02 08:38:38,network_latency,16.56
2026-01-02 09:38:38,network_latency,14.51
2026-01-02 10:38:38,network_latency,25.85
2026-01-02 11:38:38,network_latency,15.03
2026-01-02 12:38:38,network_latency,16.55
2026-01-02 13:38:38,network_latency,35.58
2026-01-02 14:38:38,network_latency,14.67
2026-01-02 15:38:38,network_latency,17.88
2026-01-02 16:38:38,network_latency,11.39
2026-01-02 17:38:38,network_latency,2.51
2026-01-02 18:38:38,network_latency,15.71
2026-01-02 19:38:38,network_latency,4.37
2026-01-02 20:38:38,network_latency,14.86
2026-01-02 21:38:38,network_latency,15.13
2026-01-02 22:38:38,network_latency,10.37
2026-01-02 23:38:38,network_latency,14.71
2026-01-03 00:38:38,network_latency,19.26
2026-01-03 01:38:38,network_latency,16.28
2026-01-03 02:38:38,network_latency,15.45
2026-01-03 03:38:38,network_latency,15.3
2026-01-03 04:38:38,network_latency,14.43
2026-01-03 05:38:38,network_latency,16.7
2026-01-03 06:38:38,network_latency,15.83
2026-01-03 07:38:38,network_latency,13.19
2026-01-03 08:38:38,network_latency,12.92
2026-01-03 09:38:38,network_latency,13.15
2026-01-03 10:38:38,network_latency,0.0
2026-01-03 11:38:38,network_latency,11.47
2026-01-03 12:38:38,network_latency,14.15
2026-01-03 13:38:38,network_latency,13.46
2026-01-03 14:38:38,network_latency,18.47
2026-01-03 15:38:38,network_latency,18.67
2026-01-03 16:38:38,network_latency,18.18
2026-01-03 17:38:38,network_latency,21.09
2026-01-03 18:38:38,network_latency,13.25
2026-01-03 19:38:38,network_latency,9.93
2026-01-03 20:38:38,network_latency,11.38
2026-01-03 21:38:38,network_latency,15.71
2026-01-03 22:38:38,network_latency,18.52
2026-01-03 23:38:38,network_latency,15.07
2026-01-04 00:38:38,network_latency,19.68
2026-01-04 01:38:38,network_latency,14.06
2026-01-04 02:38:38,network_latency,14.61
2026-01-04 03:38:38,network_latency,11.08
2026-01-04 04:38:38,network_latency,10.59
2026-01-04 05:38:38,network_latency,18.88
2026-01-04 06:38:38,network_latency,9.58
2026-01-04 07:38:38,network_latency,13.24
2026-01-04 08:38:38,network_latency,19.14
2026-01-04 09:38:38,network_latency,7.03
2026-01-04 10:38:38,network_latency,21.56
2026-01-04 11:38:38,network_latency,10.0
2026-01-04 12:38:38,network_latency,21.59
2026-01-04 13:38:38,network_latency,9.58
2026-01-04 14:38:38,network_latency,18.87
2026-01-04 15:38:38,network_latency,12.13
2026-01-04 16:38:38,network_latency,24.94
2026-01-04 17:38:38,network_latency,13.73
2026-01-04 18:38:38,network_latency,8.98
2026-01-04 19:38:38,network_latency,17.46
2026-01-04 20:38:38,network_latency,12.65
2026-01-04 21:38:38,network_latency,17.99
2026-01-04 22:38:38,network_latency,21.5
2026-01-04 23:38:38,network_latency,19.02
2026-01-05 00:38:38,network_latency,6.77
2026-01-05 01:38:38,network_latency,9.48
2026-01-05 02:38:38,network_latency,16.24
2026-01-05 03:38:38,network_latency,16.77
2026-01-05 04:38:38,network_latency,2.85
2026-01-05 05:38:38,network_latency,8.54
2026-01-05 06:38:38,network_latency,9.91
2026-01-05 07:38:38,network_latency,21.93
2026-01-05 08:38:38,network_latency,11.59
2026-01-05 09:38:38,network_latency,18.48
2026-01-05 10:38:38,network_latency,20.64
2026-01-05 11:38:38,network_latency,11.41
2026-01-05 12:38:38,network_latency,32.37
2026-01-05 13:38:38,network_latency,10.69
2026-01-05 14:38:38,network_latency,11.3
2026-01-05 15:38:38,network_latency,23.03
2026-01-05 16:38:38,network_latency,11.35
2026-01-05 17:38:38,network_latency,10.95
2026-01-05 18:38:38,network_latency,18.11
2026-01-05 19:38:38,network_latency,13.07
2026-01-05 20:38:38,network_latency,14.08
2026-01-05 21:38:38,network_latency,15.48
2026-01-05 22:38:38,network_latency,8.25
2026-01-05 23:38:38,network_latency,7.4
2026-01-06 00:38:38,network_latency,17.35
2026-01-06 01:38:38,network_latency,12.52
2026-01-06 02:38:38,network_latency,20.86
2026-01-06 03:38:38,network_latency,15.75
2026-01-06 04:38:38,network_latency,11.9
2026-01-06 05:38:38,network_latency,24.25
2026-01-06 06:38:38,network_latency,12.93
2026-01-06 07:38:38,network_latency,12.85
2026-01-06 08:38:38,network_latency,8.71
2026-01-06 09:38:38,network_latency,12.26
2026-01-06 10:38:38,network_latency,31.62
2026-01-06 11:38:38,network_latency,13.36
2026-01-06 12:38:38,network_latency,18.99
2026-01-06 13:38:38,network_latency,20.8
2026-01-06 14:38:38,network_latency,12.72
2026-01-06 15:38:38,network_latency,9.98
2026-01-06 16:38:38,network_latency,11.69
2026-01-06 17:38:38,network_latency,19.57
2026-01-06 18:38:38,network_latency,24.16
2026-01-06 19:38:38,network_latency,14.15
2026-01-06 20:38:38,network_latency,13.03
2026-01-06 21:38:38,network_latency,28.24
2026-01-06 22:38:38,network_latency,18.35
2026-01-06 23:38:38,network_latency,8.9
2026-01-07 00:38:38,network_latency,10.96
2026-01-07 01:38:38,network_latency,7.48
2026-01-07 02:38:38,network_latency,16.47
2026-01-07 03:38:38,network_latency,14.7
2026-01-07 04:38:38,network_latency,13.63
2026-01-07 05:38:38,network_latency,8.72
2026-01-07 06:38:38,network_latency,11.11
2026-01-07 07:38:38,network_latency,14.73
2026-01-07 08:38:38,network_latency,0.0
2026-01-07 09:38:38,network_latency,6.59
2026-01-07 10:38:38,network_latency,14.36
2026-01-07 11:38:38,network_latency,17.58
2026-01-07 12:38:38,network_latency,16.47
2026-01-07 13:38:38,network_latency,0.0
2026-01-07 14:38:38,network_latency,14.51
2026-01-07 15:38:38,network_latency,5.34
2026-01-07 16:38:38,network_latency,13.75
2026-01-07 17:38:38,network_latency,8.98
2026-01-07 18:38:38,network_latency,17.12
2026-01-07 19:38:38,network_latency,8.23
2026-01-07 20:38:38,network_latency,18.12
2026-01-07 21:38:38,network_latency,14.83
2026-01-07 22:38:38,network_latency,32.92
2026-01-07 23:38:38,network_latency,15.41
2026-01-08 00:38:38,network_latency,21.21
2026-01-08 01:38:38,network_latency,14.53
2026-01-08 02:38:38,network_latency,11.4
2026-01-08 03:38:38,network_latency,0.0
2026-01-08 04:38:38,network_latency,14.47
2026-01-08 05:38:38,network_latency,7.1
2026-01-08 06:38:38,network_latency,20.76
2026-01-08 07:38:38,network_latency,8.55
2026-01-08 08:38:38,network_latency,13.07
2026-01-08 09:38:38,network_latency,14.29
2026-01-08 10:38:38,network_latency,19.13
2026-01-08 11:38:38,network_latency,22.11
2026-01-08 12:38:38,network_latency,20.21
2026-01-08 13:38:38,network_latency,24.84
2026-01-08 14:38:38,network_latency,9.03
2026-01-08 15:38:38,network_latency,14.58
2026-01-08 16:38:38,network_latency,0.0
2026-01-08 17:38:38,network_latency,9.61
2026-01-08 18:38:38,network_latency,11.46
2026-01-08 19:38:38,network_latency,11.55
2026-01-08 20:38:38,network_latency,11.84
2026-01-08 21:38:38,network_latency,19.84
2026-01-08 22:38:38,network_latency,20.35
2026-01-08 23:38:38,network_latency,18.15
2026-01-09 00:38:38,network_latency,9.61
2026-01-09 01:38:38,network_latency,13.12
2026-01-09 02:38:38,network_latency,36.55
2026-01-09 03:38:38,network_latency,17.96
2026-01-09 04:38:38,network_latency,14.9
2026-01-09 05:38:38,network_latency,15.03
2026-01-09 06:38:38,network_latency,15.45
2026-01-09 07:38:38,network_latency,15.28
2026-01-09 08:38:38,network_latency,7.98
2026-01-09 09:38:38,network_latency,12.56
2026-01-09 10:38:38,network_latency,10.61
2026-01-09 11:38:38,network_latency,11.4
2026-01-09 12:38:38,network_latency,15.35
2026-01-09 13:38:38,network_latency,19.39
2026-01-09 14:38:38,network_latency,19.2
2026-01-09 15:38:38,network_latency,16.19
2026-01-09 16:38:38,network_latency,12.83
2026-01-09 17:38:38,network_latency,15.02
2026-01-09 18:38:38,network_latency,18.49
2026-01-09 19:38:38,network_latency,11.37
2026-01-09 20:38:38,network_latency,14.81
2026-01-09 21:38:38,network_latency,12.25
2026-01-09 22:38:38,network_latency,11.3
2026-01-09 23:38:38,network_latency,14.52
2026-01-10 00:38:38,network_latency,12.86
2026-01-10 01:38:38,network_latency,16.31
2026-01-10 02:38:38,network_latency,12.93
2026-01-10 03:38:38,network_latency,14.07
2026-01-10 04:38:38,network_latency,7.98
2026-01-10 05:38:38,network_latency,18.73
2026-01-10 06:38:38,network_latency,18.83
2026-01-10 07:38:38,network_latency,10.6
2026-01-10 08:38:38,network_latency,11.0
2026-01-10 09:38:38,network_latency,15.61
2026-01-10 10:38:38,network_latency,12.42
2026-01-10 11:38:38,network_latency,32.17
2026-01-10 12:38:38,network_latency,21.76
2026-01-10 13:38:38,network_latency,19.03
2026-01-10 14:38:38,network_latency,6.87
2026-01-10 15:38:38,network_latency,18.31
2026-01-10 16:38:38,network_latency,13.81
2026-01-10 17:38:38,network_latency,16.1
2026-01-10 18:38:38,network_latency,22.42
2026-01-10 19:38:38,network_latency,14.84
2026-01-10 20:38:38,network_latency,11.06
2026-01-10 21:38:38,network_latency,14.18
2026-01-10 22:38:38,network_latency,16.56
2026-01-10 23:38:38,network_latency,35.93
2026-01-11 00:38:38,network_latency,13.98
2026-01-11 01:38:38,network_latency,21.94
2026-01-11 02:38:38,network_latency,23.55
2026-01-11 03:38:38,network_latency,12.12
2026-01-11 04:38:38,network_latency,12.66
2026-01-11 05:38:38,network_latency,15.98
2026-01-11 06:38:38,network_latency,10.46
2026-01-11 07:38:38,network_latency,22.24
2026-01-11 08:38:38,network_latency,17.57
2026-01-11 09:38:38,network_latency,15.17
2026-01-11 10:38:38,network_latency,13.09
2026-01-11 11:38:38,network_latency,17.46
2026-01-11 12:38:38,network_latency,27.03
2026-01-11 13:38:38,network_latency,26.02
2026-01-11 14:38:38,network_latency,12.45
2026-01-11 15:38:38,network_latency,4.22
2026-01-11 16:38:38,network_latency,16.33
2026-01-11 17:38:38,network_latency,13.96
2026-01-11 18:38:38,network_latency,0.0
2026-01-11 19:38:38,network_latency,16.63
2026-01-11 20:38:38,network_latency,16.43
2026-01-11 21:38:38,network_latency,19.04
2026-01-11 22:38:38,network_latency,18.07
2026-01-11 23:38:38,network_latency,21.7
2026-01-12 00:38:38,network_latency,19.92
2026-01-12 01:38:38,network_latency,17.1
2026-01-12 02:38:38,network_latency,19.97
2026-01-12 03:38:38,network_latency,15.64
2026-01-12 04:38:38,network_latency,17.42
2026-01-12 05:38:38,network_latency,14.1
2026-01-12 06:38:38,network_latency,15.23
2026-01-12 07:38:38,network_latency,12.96
2026-01-12 08:38:38,network_latency,14.06
2026-01-12 09:38:38,network_latency,16.75
2026-01-12 10:38:38,network_latency,8.6
2026-01-12 11:38:38,network_latency,9.55
2026-01-12 12:38:38,network_latency,9.29
2026-01-12 13:38:38,network_latency,13.95
2026-01-12 14:38:38,network_latency,19.69
2026-01-12 15:38:38,network_latency,18.06
2026-01-12 16:38:38,network_latency,12.29
2026-01-12 17:38:38,network_latency,15.67
2026-01-12 18:38:38,network_latency,14.66
2026-01-12 19:38:38,network_latency,23.85
2026-01-12 20:38:38,network_latency,15.86
2026-01-12 21:38:38,network_latency,6.92
2026-01-12 22:38:38,network_latency,11.63
2026-01-12 23:38:38,network_latency,7.29
2026-01-13 00:38:38,network_latency,11.82
2026-01-13 01:38:38,network_latency,18.5
2026-01-13 02:38:38,network_latency,16.49
2026-01-13 03:38:38,network_latency,39.88
2026-01-13 04:38:38,network_latency,18.99
2026-01-13 05:38:38,network_latency,13.05
2026-01-13 06:38:38,network_latency,12.86
2026-01-13 07:38:38,network_latency,9.09
2026-01-13 08:38:38,network_latency,14.67
2026-01-13 09:38:38,network_latency,8.81
2026-01-13 10:38:38,network_latency,14.24
2026-01-13 11:38:38,network_latency,15.7
2026-01-13 12:38:38,network_latency,11.45
2026-01-13 13:38:38,network_latency,7.33
2026-01-13 14:38:38,network_latency,6.29
2026-01-13 15:38:38,network_latency,10.12
2026-01-13 16:38:38,network_latency,6.0
2026-01-13 17:38:38,network_latency,15.56
2026-01-13 18:38:38,network_latency,26.96
2026-01-13 19:38:38,network_latency,9.01
2026-01-13 20:38:38,network_latency,28.53
2026-01-13 21:38:38,network_latency,15.37
2026-01-13 22:38:38,network_latency,39.82
2026-01-13 23:38:38,network_latency,18.99
2026-01-14 00:38:38,network_latency,6.35
2026-01-14 01:38:38,network_latency,10.7
2026-01-14 02:38:38,network_latency,7.99
2026-01-14 03:38:38,network_latency,12.09
2026-01-14 04:38:38,network_latency,18.9
2026-01-14 05:38:38,network_latency,23.2
2026-01-14 06:38:38,network_latency,16.09
2026-01-14 07:38:38,network_latency,18.92
2026-01-14 08:38:38,network_latency,6.54
2026-01-14 09:38:38,network_latency,34.45
2026-01-14 10:38:38,network_latency,14.45
2026-01-14 11:38:38,network_latency,21.0
2026-01-14 12:38:38,network_latency,17.81
2026-01-14 13:38:38,network_latency,24.53
2026-01-14 14:38:38,network_latency,11.65
2026-01-14 15:38:38,network_latency,17.68
2026-01-14 16:38:38,network_latency,10.08
2026-01-14 17:38:38,network_latency,13.16
2026-01-14 18:38:38,network_latency,12.99
2026-01-14 19:38:38,network_latency,17.72
2026-01-14 20:38:38,network_latency,7.53
2026-01-14 21:38:38,network_latency,18.81
2026-01-14 22:38:38,network_latency,17.64
2026-01-14 23:38:38,network_latency,20.82
2026-01-15 00:38:38,network_latency,0.0
2026-01-15 01:38:38,network_latency,20.89
2026-01-15 02:38:38,network_latency,13.25
2026-01-15 03:38:38,network_latency,11.49
2026-01-15 04:38:38,network_latency,13.45
2026-01-15 05:38:38,network_latency,0.0
2026-01-15 06:38:38,network_latency,13.27
2026-01-15 07:38:38,network_latency,17.75
2026-01-15 08:38:38,network_latency,19.34
2026-01-15 09:38:38,network_latency,14.08
2026-01-15 10:38:38,network_latency,9.53
2026-01-15 11:38:38,network_latency,18.59
2026-01-15 12:38:38,network_latency,12.18
2026-01-15 13:38:38,network_latency,7.51
2026-01-15 14:38:38,network_latency,12.3
2026-01-15 15:38:38,network_latency,15.77
2026-01-15 16:38:38,network_latency,21.91
2026-01-15 17:38:38,network_latency,29.2
2026-01-15 18:38:38,network_latency,16.78
2026-01-15 19:38:38,network_latency,19.31
2026-01-15 20:38:38,network_latency,18.47
2026-01-15 21:38:38,network_latency,16.53
2026-01-15 22:38:38,network_latency,13.7
2026-01-15 23:38:38,network_latency,10.14
2026-01-16 00:38:38,network_latency,25.67
2026-01-16 01:38:38,network_latency,12.43
2026-01-16 02:38:38,network_latency,13.61
2026-01-16 03:38:38,network_latency,14.42
2026-01-16 04:38:38,network_latency,39.04
2026-01-16 05:38:38,network_latency,21.0
2026-01-16 06:38:38,network_latency,0.0
2026-01-16 07:38:38,network_latency,9.81
2026-01-16 08:38:38,network_latency,12.93
2026-01-16 09:38:38,network_latency,15.42
2026-01-16 10:38:38,network_latency,30.5
2026-01-16 11:38:38,network_latency,16.49
2026-01-16 12:38:38,network_latency,18.03
2026-01-16 13:38:38,network_latency,19.73
2026-01-16 14:38:38,network_latency,17.98
2026-01-16 15:38:38,network_latency,17.48
2026-01-16 16:38:38,network_latency,6.65
2026-01-16 17:38:38,network_latency,19.98
2026-01-16 18:38:38,network_latency,0.0
2026-01-16 19:38:38,network_latency,2.37
2026-01-16 20:38:38,network_latency,15.64
2026-01-16 21:38:38,network_latency,11.23
2026-01-16 22:38:38,network_latency,8.38
2026-01-16 23:38:38,network_latency,17.32
2026-01-17 00:38:38,network_latency,13.22
2026-01-17 01:38:38,network_latency,17.87
2026-01-17 02:38:38,network_latency,11.65
2026-01-17 03:38:38,network_latency,22.08
2026-01-17 04:38:38,network_latency,20.01
2026-01-17 05:38:38,network_latency,19.26
2026-01-17 06:38:38,network_latency,16.96
2026-01-17 07:38:38,network_latency,16.19
2026-01-17 08:38:38,network_latency,20.21
2026-01-17 09:38:38,network_latency,9.75
2026-01-17 10:38:38,network_latency,11.1
2026-01-17 11:38:38,network_latency,18.0
2026-01-17 12:38:38,network_latency,14.89
2026-01-17 13:38:38,network_latency,12.33
2026-01-17 14:38:38,network_latency,20.63
2026-01-17 15:38:38,network_latency,15.7
2026-01-17 16:38:38,network_latency,31.85
2026-01-17 17:38:38,network_latency,20.25
2026-01-17 18:38:38,network_latency,16.42
2026-01-17 19:38:38,network_latency,9.17
2026-01-17 20:38:38,network_latency,19.19
2026-01-17 21:38:38,network_latency,9.86
2026-01-17 22:38:38,network_latency,12.78
2026-01-17 23:38:38,network_latency,22.13
2026-01-18 00:38:38,network_latency,18.88
2026-01-18 01:38:38,network_latency,16.63
2026-01-18 02:38:38,network_latency,15.07
2026-01-18 03:38:38,network_latency,9.36
2026-01-18 04:38:38,network_latency,19.5
2026-01-18 05:38:38,network_latency,8.66
2026-01-18 06:38:38,network_latency,13.75
2026-01-18 07:38:38,network_latency,15.75
2026-01-18 08:38:38,network_latency,18.37
2026-01-18 09:38:38,network_latency,0.0
2026-01-18 10:38:38,network_latency,17.3
2026-01-18 11:38:38,network_latency,11.61
2026-01-18 12:38:38,network_latency,7.42
2026-01-18 13:38:38,network_latency,13.53
2026-01-18 14:38:38,network_latency,18.46
2026-01-18 15:38:38,network_latency,15.03
2026-01-18 16:38:38,network_latency,12.04
2026-01-18 17:38:38,network_latency,13.73
2026-01-18 18:38:38,network_latency,16.95
2026-01-18 19:38:38,network_latency,15.36
2026-01-18 20:38:38,network_latency,12.08
2026-01-18 21:38:38,network_latency,19.09
2026-01-18 22:38:38,network_latency,16.2
2026-01-18 23:38:38,network_latency,15.07
2026-01-19 00:38:38,network_latency,23.73
2026-01-19 01:38:38,network_latency,15.97
2026-01-19 02:38:38,network_latency,9.82
2026-01-19 03:38:38,network_latency,5.12
2026-01-19 04:38:38,network_latency,4.63
2026-01-19 05:38:38,network_latency,15.72
2026-01-19 06:38:38,network_latency,17.17
2026-01-19 07:38:38,network_latency,22.29
2026-01-19 08:38:38,network_latency,21.64
2026-01-19 09:38:38,network_latency,14.63
2026-01-19 10:38:38,network_latency,13.94
2026-01-19 11:38:38,network_latency,12.37
2026-01-19 12:38:38,network_latency,20.32
2026-01-19 13:38:38,network_latency,14.86
2026-01-19 14:38:38,network_latency,11.54
2026-01-19 15:38:38,network_latency,14.87
2026-01-19 16:38:38,network_latency,14.29
2026-01-19 17:38:38,network_latency,13.62
2026-01-19 18:38:38,network_latency,12.14
2026-01-19 19:38:38,network_latency,21.23
2026-01-19 20:38:38,network_latency,0.0
2026-01-19 21:38:38,network_latency,17.24
2026-01-19 22:38:38,network_latency,15.3
2026-01-19 23:38:38,network_latency,14.35
2026-01-20 00:38:38,network_latency,15.8
2026-01-20 01:38:38,network_latency,12.92
2026-01-20 02:38:38,network_latency,11.02
2026-01-20 03:38:38,network_latency,18.12
2026-01-20 04:38:38,network_latency,10.88
2026-01-20 05:38:38,network_latency,16.24
2026-01-20 06:38:38,network_latency,24.9
2026-01-20 07:38:38,network_latency,21.75
2026-01-20 08:38:38,network_latency,12.15
2026-01-20 09:38:38,network_latency,13.19
2026-01-20 10:38:38,network_latency,22.95
2026-01-20 11:38:38,network_latency,14.49
2026-01-20 12:38:38,network_latency,21.1
2026-01-20 13:38:38,network_latency,15.12
2026-01-20 14:38:38,network_latency,16.8
2026-01-20 15:38:38,network_latency,14.82
2026-01-20 16:38:38,network_latency,15.66
2026-01-20 17:38:38,network_latency,23.17
2026-01-20 18:38:38,network_latency,3.7
2026-01-20 19:38:38,network_latency,18.43
2026-01-20 20:38:38,network_latency,15.77
2026-01-20 21:38:38,network_latency,21.17
2026-01-20 22:38:38,network_latency,16.25
2026-01-20 23:38:38,network_latency,17.97
2026-01-21 00:38:38,network_latency,14.78
2026-01-21 01:38:38,network_latency,27.15
2026-01-21 02:38:38,network_latency,10.45
2026-01-21 03:38:38,network_latency,19.13
2026-01-21 04:38:38,network_latency,18.39
2026-01-21 05:38:38,network_latency,11.88
2026-01-21 06:38:38,network_latency,11.3
2026-01-21 07:38:38,network_latency,14.81
2026-01-21 08:38:38,network_latency,12.82
2026-01-21 09:38:38,network_latency,15.4
2026-01-21 10:38:38,network_latency,16.69
2026-01-21 11:38:38,network_latency,11.22
2026-01-21 12:38:38,network_latency,18.58
2026-01-21 13:38:38,network_latency,13.01
2026-01-21 14:38:38,network_latency,14.55
2026-01-21 15:38:38,network_latency,3.79
2026-01-21 16:38:38,network_latency,23.94
2026-01-21 17:38:38,network_latency,12.44
2026-01-21 18:38:38,network_latency,11.02
2026-01-21 19:38:38,network_latency,5.66
2026-01-21 20:38:38,network_latency,13.28
2026-01-21 21:38:38,network_latency,11.02
2026-01-21 22:38:38,network_latency,20.95
2026-01-21 23:38:38,network_latency,14.21
2026-01-22 00:38:38,network_latency,13.56
2026-01-22 01:38:38,network_latency,12.23
2026-01-22 02:38:38,network_latency,10.37
2026-01-22 03:38:38,network_latency,13.09
2026-01-22 04:38:38,network_latency,21.36
2026-01-22 05:38:38,network_latency,9.85
2026-01-22 06:38:38,network_latency,10.86
2026-01-22 07:38:38,network_latency,8.14
2026-01-22 08:38:38,network_latency,12.96
2026-01-22 09:38:38,network_latency,17.57
2026-01-22 10:38:38,network_latency,12.72
2026-01-22 11:38:38,network_latency,16.91
2026-01-22 12:38:38,network_latency,22.39
2026-01-22 13:38:38,network_latency,14.52
2026-01-22 14:38:38,network_latency,13.69
2026-01-22 15:38:38,network_latency,17.9
2026-01-22 16:38:38,network_latency,12.6
2026-01-22 17:38:38,network_latency,6.05
2026-01-22 18:38:38,network_latency,3.48
2026-01-22 19:38:38,network_latency,19.99
2026-01-22 20:38:38,network_latency,16.94
2026-01-22 21:38:38,network_latency,17.61
2026-01-22 22:38:38,network_latency,22.76
2026-01-22 23:38:38,network_latency,21.73
2026-01-23 00:38:38,network_latency,9.27
2026-01-23 01:38:38,network_latency,13.66
2026-01-23 02:38:38,network_latency,6.13
2026-01-23 03:38:38,network_latency,7.78
2026-01-23 04:38:38,network_latency,17.09
2026-01-23 05:38:38,network_latency,24.84
2026-01-23 06:38:38,network_latency,17.58
2026-01-23 07:38:38,network_latency,6.87
2026-01-23 08:38:38,network_latency,3.38
2026-01-23 09:38:38,network_latency,12.45
2026-01-23 10:38:38,network_latency,20.21
2026-01-23 11:38:38,network_latency,12.41
2026-01-23 12:38:38,network_latency,16.13
2026-01-23 13:38:38,network_latency,13.83
2026-01-23 14:38:38,network_latency,8.29
2026-01-23 15:38:38,network_latency,8.36
2026-01-23 16:38:38,network_latency,21.07
2026-01-23 17:38:38,network_latency,18.01
2026-01-23 18:38:38,network_latency,15.35
2026-01-23 19:38:38,network_latency,17.55
2026-01-23 20:38:38,network_latency,31.06
2026-01-23 21:38:38,network_latency,26.39
2026-01-23 22:38:38,network_latency,13.93
2026-01-23 23:38:38,network_latency,22.83
2026-01-24 00:38:38,network_latency,17.5
2026-01-24 01:38:38,network_latency,16.54
2026-01-24 02:38:38,network_latency,15.22
2026-01-24 03:38:38,network_latency,19.16
2026-01-24 04:38:38,network_latency,17.73
2026-01-24 05:38:38,network_latency,14.2
2026-01-24 06:38:38,network_latency,12.25
2026-01-24 07:38:38,network_latency,14.35
2026-01-24 08:38:38,network_latency,15.08
2026-01-24 09:38:38,network_latency,13.15
2026-01-24 10:38:38,network_latency,10.79
2026-01-24 11:38:38,network_latency,15.42
2026-01-24 12:38:38,network_latency,17.11
2026-01-24 13:38:38,network_latency,16.43
2026-01-24 14:38:38,network_latency,9.65
2026-01-24 15:38:38,network_latency,23.48
2026-01-24 16:38:38,network_latency,30.2
2026-01-24 17:38:38,network_latency,14.49
2026-01-24 18:38:38,network_latency,7.94
2026-01-24 19:38:38,network_latency,19.9
2026-01-24 20:38:38,network_latency,20.78
2026-01-24 21:38:38,network_latency,15.65
2026-01-24 22:38:38,network_latency,11.65
2026-01-24 23:38:38,network_latency,9.52
2026-01-25 00:38:38,network_latency,14.33
2026-01-25 01:38:38,network_latency,34.56
2026-01-25 02:38:38,network_latency,18.13
2026-01-25 03:38:38,network_latency,5.67
2026-01-25 04:38:38,network_latency,17.44
2026-01-25 05:38:38,network_latency,16.7
2026-01-25 06:38:38,network_latency,7.24
2026-01-25 07:38:38,network_latency,7.76
2026-01-25 08:38:38,network_latency,11.36
2026-01-25 09:38:38,network_latency,14.45
2026-01-25 10:38:38,network_latency,15.61
2026-01-25 11:38:38,network_latency,15.6
2026-01-25 12:38:38,network_latency,8.83
2026-01-25 13:38:38,network_latency,14.56
2026-01-25 14:38:38,network_latency,5.37
2026-01-25 15:38:38,network_latency,15.36
2026-01-25 16:38:38,network_latency,16.61
2026-01-25 17:38:38,network_latency,11.12
2026-01-25 18:38:38,network_latency,25.74
2026-01-25 19:38:38,network_latency,9.54
2026-01-25 20:38:38,network_latency,18.61
2026-01-25 21:38:38,network_latency,0.0
2026-01-25 22:38:38,network_latency,10.76
2026-01-25 23:38:38,network_latency,10.19
2026-01-26 00:38:38,network_latency,3.15
2026-01-26 01:38:38,network_latency,17.25
2026-01-26 02:38:38,network_latency,18.25
2026-01-26 03:38:38,network_latency,13.99
2026-01-26 04:38:38,network_latency,6.56
2026-01-26 05:38:38,network_latency,17.04
2026-01-26 06:38:38,network_latency,12.82
2026-01-26 07:38:38,network_latency,13.64
2026-01-26 08:38:38,network_latency,27.28
2026-01-26 09:38:38,network_latency,6.58
2026-01-26 10:38:38,network_latency,12.4
2026-01-26 11:38:38,network_latency,8.67
2026-01-26 12:38:38,network_latency,17.14
2026-01-26 13:38:38,network_latency,15.44
2026-01-26 14:38:38,network_latency,15.62
2026-01-26 15:38:38,network_latency,22.83
2026-01-26 16:38:38,network_latency,11.93
2026-01-26 17:38:38,network_latency,8.49
2026-01-26 18:38:38,network_latency,9.96
2026-01-26 19:38:38,network_latency,9.8
2026-01-26 20:38:38,network_latency,26.47
2026-01-26 21:38:38,network_latency,12.17
2026-01-26 22:38:38,network_latency,21.06
2026-01-26 23:38:38,network_latency,31.03
2026-01-27 00:38:38,network_latency,15.08
2026-01-27 01:38:38,network_latency,24.36
2026-01-27 02:38:38,network_latency,16.77
2026-01-27 03:38:38,network_latency,16.35
2026-01-27 04:38:38,network_latency,21.99
2026-01-27 05:38:38,network_latency,19.34
2026-01-27 06:38:38,network_latency,17.48
2026-01-27 07:38:38,network_latency,13.15
2026-01-27 08:38:38,network_latency,15.1
2026-01-27 09:38:38,network_latency,14.34
2026-01-27 10:38:38,network_latency,12.04
2026-01-27 11:38:38,network_latency,26.8
2026-01-27 12:38:38,network_latency,19.39
2026-01-27 13:38:38,network_latency,14.16
2026-01-27 14:38:38,network_latency,16.96
2026-01-27 15:38:38,network_latency,14.39
2026-01-27 16:38:38,network_latency,11.31
2026-01-27 17:38:38,network_latency,6.52
2026-01-27 18:38:38,network_latency,17.39
2026-01-27 19:38:38,network_latency,15.26
2026-01-27 20:38:38,network_latency,20.82
2026-01-27 21:38:38,network_latency,12.52
2026-01-27 22:38:38,network_latency,20.83
2026-01-27 23:38:38,network_latency,21.46
2026-01-28 00:38:38,network_latency,8.02
2026-01-28 01:38:38,network_latency,20.03
2026-01-28 02:38:38,network_latency,19.09
2026-01-28 03:38:38,network_latency,14.78
2026-01-28 04:38:38,network_latency,20.73
2026-01-28 05:38:38,network_latency,19.79
2026-01-28 06:38:38,network_latency,15.77
2026-01-28 07:38:38,network_latency,7.82
2026-01-28 08:38:38,network_latency,13.92
2026-01-28 09:38:38,network_latency,20.11
2026-01-28 10:38:38,network_latency,16.69
2026-01-28 11:38:38,network_latency,12.98
2026-01-28 12:38:38,network_latency,15.44
2026-01-28 13:38:38,network_latency,15.75
2026-01-28 14:38:38,network_latency,35.56
2026-01-28 15:38:38,network_latency,14.07
2026-01-28 16:38:38,network_latency,18.76
2026-01-28 17:38:38,network_latency,12.65
2026-01-28 18:38:38,network_latency,9.68
2026-01-28 19:38:38,network_latency,8.64
2026-01-28 20:38:38,network_latency,16.33
2026-01-28 21:38:38,network_latency,12.89
2026-01-28 22:38:38,network_latency,18.37
2026-01-28 23:38:38,network_latency,14.17
2026-01-29 00:38:38,network_latency,15.31
2026-01-29 01:38:38,network_latency,22.41
2026-01-29 02:38:38,network_latency,10.91
2026-01-29 03:38:38,network_latency,16.62
2026-01-29 04:38:38,network_latency,5.12
2026-01-29 05:38:38,network_latency,16.69
2026-01-29 06:38:38,network_latency,35.39
2026-01-29 07:38:38,network_latency,15.8
2026-01-29 08:38:38,network_latency,16.53
2026-01-29 09:38:38,network_latency,10.49
2026-01-29 10:38:38,network_latency,23.8
2026-01-29 11:38:38,network_latency,16.71
2026-01-29 12:38:38,network_latency,11.99
2026-01-29 13:38:38,network_latency,23.59
2026-01-29 14:38:38,network_latency,8.42
2026-01-29 15:38:38,network_latency,14.3
2026-01-29 16:38:38,network_latency,21.89
2026-01-29 17:38:38,network_latency,22.39
2026-01-29 18:38:38,network_latency,14.1
2026-01-29 19:38:38,network_latency,25.06
2026-01-29 20:38:38,network_latency,16.49
2026-01-29 21:38:38,network_latency,19.22
2026-01-29 22:38:38,network_latency,15.74
2026-01-29 23:38:38,network_latency,17.93
2026-01-30 00:38:38,network_latency,32.08
2026-01-30 01:38:38,network_latency,21.04
2026-01-30 02:38:38,network_latency,15.79
2026-01-30 03:38:38,network_latency,12.77
2026-01-30 04:38:38,network_latency,9.99
2026-01-30 05:38:38,network_latency,18.23
2026-01-30 06:38:38,network_latency,0.0
2026-01-30 07:38:38,network_latency,21.3
2026-01-30 08:38:38,network_latency,18.62
2026-01-30 09:38:38,network_latency,19.77
2026-01-30 10:38:38,network_latency,12.04
2026-01-30 11:38:38,network_latency,22.69
2026-01-30 12:38:38,network_latency,14.37
2026-01-30 13:38:38,network_latency,11.71
2026-01-30 14:38:38,network_latency,19.07
2026-01-30 15:38:38,network_latency,15.01
2026-01-30 16:38:38,network_latency,18.46
2026-01-30 17:38:38,network_latency,13.53
2026-01-30 18:38:38,network_latency,10.06
2026-01-30 19:38:38,network_latency,13.41
2026-01-30 20:38:38,network_latency,9.09
2026-01-30 21:38:38,network_latency,18.64
2026-01-30 22:38:38,network_latency,3.97
2026-01-30 23:38:38,network_latency,20.94
2026-01-31 00:38:38,network_latency,9.43
2026-01-31 01:38:38,network_latency,0.0
2026-01-31 02:38:38,network_latency,17.98
2026-01-31 03:38:38,network_latency,12.88
2026-01-31 04:38:38,network_latency,10.03
2026-01-31 05:38:38,network_latency,18.07
2026-01-31 06:38:38,network_latency,16.46
2026-01-31 07:38:38,network_latency,11.57
2026-01-31 08:38:38,network_latency,10.39
2026-01-31 09:38:38,network_latency,8.03
2026-01-31 10:38:38,network_latency,20.26
2026-01-31 11:38:38,network_latency,18.03
2026-01-31 12:38:38,network_latency,9.48
2026-01-31 13:38:38,network_latency,10.63
2026-01-31 14:38:38,network_latency,10.13
2026-01-31 15:38:38,network_latency,7.73
2026-01-31 16:38:38,network_latency,37.79
2026-01-31 17:38:38,network_latency,8.56
2026-01-31 18:38:38,network_latency,17.32
2026-01-31 19:38:38,network_latency,11.86
2026-01-31 20:38:38,network_latency,9.5
2026-01-31 21:38:38,network_latency,19.66
2026-01-31 22:38:38,network_latency,14.54
2026-01-31 23:38:38,network_latency,16.84
2026-02-01 00:38:38,network_latency,9.57
2026-02-01 01:38:38,network_latency,19.06
2026-02-01 02:38:38,network_latency,17.84
2026-02-01 03:38:38,network_latency,15.71
2026-02-01 04:38:38,network_latency,18.92
2026-02-01 05:38:38,network_latency,12.65
2026-02-01 06:38:38,network_latency,13.58
2026-02-01 07:38:38,network_latency,13.4
2026-02-01 08:38:38,network_latency,7.63
2026-02-01 09:38:38,network_latency,14.33
2026-02-01 10:38:38,network_latency,15.31
2026-02-01 11:38:38,network_latency,12.33
2026-02-01 12:38:38,network_latency,14.55
2026-02-01 13:38:38,network_latency,14.89
2026-02-01 14:38:38,network_latency,18.59
2026-02-01 15:38:38,network_latency,18.87
2026-02-01 16:38:38,network_latency,22.68
2026-02-01 17:38:38,network_latency,12.67
2026-02-01 18:38:38,network_latency,20.99
2026-02-01 19:38:38,network_latency,19.98
2026-02-01 20:38:38,network_latency,9.11
2026-02-01 21:38:38,network_latency,20.4
2026-02-01 22:38:38,network_latency,9.12
2026-02-01 23:38:38,network_latency,15.85
2026-02-02 00:38:38,network_latency,21.37
2026-02-02 01:38:38,network_latency,5.38
2026-02-02 02:38:38,network_latency,18.04
2026-02-02 03:38:38,network_latency,9.59
2026-02-02 04:38:38,network_latency,22.83
2026-02-02 05:38:38,network_latency,19.79
2026-02-02 06:38:38,network_latency,8.22
2026-02-02 07:38:38,network_latency,12.99
2026-02-02 08:38:38,network_latency,21.81
2026-02-02 09:38:38,network_latency,16.99
2026-02-02 10:38:38,network_latency,0.0
2026-02-02 11:38:38,network_latency,6.33
2026-02-02 12:38:38,network_latency,7.17
2026-02-02 13:38:38,network_latency,20.06
2026-02-02 14:38:38,network_latency,19.02
2026-02-02 15:38:38,network_latency,17.88
2026-02-02 16:38:38,network_latency,15.46
2026-02-02 17:38:38,network_latency,17.52
2026-02-02 18:38:38,network_latency,11.96
2026-02-02 19:38:38,network_latency,12.38
2026-02-02 20:38:38,network_latency,15.12
2026-02-02 21:38:38,network_latency,13.02
2026-02-02 22:38:38,network_latency,10.6
2026-02-02 23:38:38,network_latency,23.24
2026-02-03 00:38:38,network_latency,16.04
2026-02-03 01:38:38,network_latency,13.05
2026-02-03 02:38:38,network_latency,17.88
2026-02-03 03:38:38,network_latency,19.92
2026-02-03 04:38:38,network_latency,9.19
2026-02-03 05:38:38,network_latency,9.96
2026-02-03 06:38:38,network_latency,19.6
2026-02-03 07:38:38,network_latency,23.18
2026-02-03 08:38:38,network_latency,18.58
2026-02-03 09:38:38,network_latency,14.12
2026-02-03 10:38:38,network_latency,33.37
2026-02-03 11:38:38,network_latency,7.76
2026-02-03 12:38:38,network_latency,7.95
2026-02-03 13:38:38,network_latency,35.0
2026-02-03 14:38:38,network_latency,19.38
2026-02-03 15:38:38,network_latency,14.35
2026-02-03 16:38:38,network_latency,17.23
2026-02-03 17:38:38,network_latency,15.21
2026-02-03 18:38:38,network_latency,13.14
2026-02-03 19:38:38,network_latency,0.0
2026-02-03 20:38:38,network_latency,5.37
2026-02-03 21:38:38,network_latency,11.15
2026-02-03 22:38:38,network_latency,26.55
2026-02-03 23:38:38,network_latency,19.5
2026-02-04 00:38:38,network_latency,7.08
2026-02-04 01:38:38,network_latency,9.02
2026-02-04 02:38:38,network_latency,20.41
2026-02-04 03:38:38,network_latency,21.88
2026-02-04 04:38:38,network_latency,24.63
2026-02-04 05:38:38,network_latency,9.06
2026-02-04 06:38:38,network_latency,20.75
2026-02-04 07:38:38,network_latency,18.54
2026-02-04 08:38:38,network_latency,9.62
2026-02-04 09:38:38,network_latency,6.14
2026-02-04 10:38:38,network_latency,4.96
2026-02-04 11:38:38,network_latency,13.99
2026-02-04 12:38:38,network_latency,14.83
2026-02-04 13:38:38,network_latency,12.6
2026-02-04 14:38:38,network_latency,13.08
2026-02-04 15:38:38,network_latency,14.39
2026-02-04 16:38:38,network_latency,13.76
2026-02-04 17:38:38,network_latency,22.72
2026-02-04 18:38:38,network_latency,9.84
2026-02-04 19:38:38,network_latency,12.35
2026-02-04 20:38:38,network_latency,16.97
2026-02-04 21:38:38,network_latency,14.49
2026-02-04 22:38:38,network_latency,19.0
2026-02-04 23:38:38,network_latency,7.57
2026-02-05 00:38:38,network_latency,0.0
2026-02-05 01:38:38,network_latency,8.8
2026-02-05 02:38:38,network_latency,17.81
2026-02-05 03:38:38,network_latency,15.92
2026-02-05 04:38:38,network_latency,10.55
2026-02-05 05:38:38,network_latency,15.02
2026-02-05 06:38:38,network_latency,26.38
2026-02-05 07:38:38,network_latency,20.33
2026-02-05 08:38:38,network_latency,21.54
2026-02-05 09:38:38,network_latency,11.59
2026-02-05 10:38:38,network_latency,10.89
2026-02-05 11:38:38,network_latency,6.94
2026-02-05 12:38:38,network_latency,16.72
2026-02-05 13:38:38,network_latency,13.75
2026-02-05 14:38:38,network_latency,21.99
2026-02-05 15:38:38,network_latency,21.56
2026-02-05 16:38:38,network_latency,17.68
2026-02-05 17:38:38,network_latency,9.26
2026-02-05 18:38:38,network_latency,8.91
2026-02-05 19:38:38,network_latency,4.7
2026-02-05 20:38:38,network_latency,10.67
2026-02-05 21:38:38,network_latency,9.26
2026-02-05 22:38:38,network_latency,39.86
2026-02-05 23:38:38,network_latency,6.96
2026-02-06 00:38:38,network_latency,23.26
2026-02-06 01:38:38,network_latency,16.76
2026-02-06 02:38:38,network_latency,0.0
2026-02-06 03:38:38,network_latency,14.08
2026-02-06 04:38:38,network_latency,10.92
2026-02-06 05:38:38,network_latency,16.31
2026-02-06 06:38:38,network_latency,23.83
2026-02-06 07:38:38,network_latency,16.15
2026-02-06 08:38:38,network_latency,13.81
2026-02-06 09:38:38,network_latency,16.4
2026-02-06 10:38:38,network_latency,10.2
2026-02-06 11:38:38,network_latency,19.49
2026-02-06 12:38:38,network_latency,18.73
2026-02-06 13:38:38,network_latency,18.57
2026-02-06 14:38:38,network_latency,18.94
2026-02-06 15:38:38,network_latency,13.06
2026-02-06 16:38:38,network_latency,14.91
2026-02-06 17:38:38,network_latency,23.61
2026-02-06 18:38:38,network_latency,13.63
2026-02-06 19:38:38,network_latency,3.28
2026-02-06 20:38:38,network_latency,12.44
2026-02-06 21:38:38,network_latency,14.13
2026-02-06 22:38:38,network_latency,22.24
2026-02-06 23:38:38,network_latency,15.24
2026-02-07 00:38:38,network_latency,8.0
2026-02-07 01:38:38,network_latency,16.8
2026-02-07 02:38:38,network_latency,15.16
2026-02-07 03:38:38,network_latency,13.95
2026-02-07 04:38:38,network_latency,13.16
2026-02-07 05:38:38,network_latency,19.64
2026-02-07 06:38:38,network_latency,15.01
2026-02-07 07:38:38,network_latency,14.7
2026-02-07 08:38:38,network_latency,20.88
2026-02-07 09:38:38,network_latency,19.0
2026-02-07 10:38:38,network_latency,16.82
2026-02-07 11:38:38,network_latency,11.56
2026-02-07 12:38:38,network_latency,13.47
2026-02-07 13:38:38,network_latency,14.52
2026-02-07 14:38:38,network_latency,8.51
2026-02-07 15:38:38,network_latency,12.53
2026-02-07 16:38:38,network_latency,15.19
2026-02-07 17:38:38,network_latency,17.87
2026-02-07 18:38:38,network_latency,0.0
2026-02-07 19:38:38,network_latency,34.24
2026-02-07 20:38:38,network_latency,13.65
2026-02-07 21:38:38,network_latency,19.99
2026-02-07 22:38:38,network_latency,13.22
2026-02-07 23:38:38,network_latency,6.04
2026-02-08 00:38:38,network_latency,15.14
2026-02-08 01:38:38,network_latency,26.61
2026-02-08 02:38:38,network_latency,19.06
2026-02-08 03:38:38,network_latency,3.33
2026-02-08 04:38:38,network_latency,18.52
2026-02-08 05:38:38,network_latency,13.69
2026-02-08 06:38:38,network_latency,9.42
2026-02-08 07:38:38,network_latency,13.0
2026-02-08 08:38:38,network_latency,9.66
2026-02-08 09:38:38,network_latency,6.4
2026-02-08 10:38:38,network_latency,11.17
2026-02-08 11:38:38,network_latency,12.1
2026-02-08 12:38:38,network_latency,11.96
2026-02-08 13:38:38,network_latency,12.88
2026-02-08 14:38:38,network_latency,11.64
2026-02-08 15:38:38,network_latency,14.9
2026-02-08 16:38:38,network_latency,22.21
2026-02-08 17:38:38,network_latency,6.83
2026-02-08 18:38:38,network_latency,16.81
2026-02-08 19:38:38,network_latency,16.75
2026-02-08 20:38:38,network_latency,9.77
2026-02-08 21:38:38,network_latency,20.85
2026-02-08 22:38:38,network_latency,7.0
2026-02-08 23:38:38,network_latency,18.56
2026-02-09 00:38:38,network_latency,15.46
2026-02-09 01:38:38,network_latency,9.54
2026-02-09 02:38:38,network_latency,22.32
2026-02-09 03:38:38,network_latency,6.73
2026-02-09 04:38:38,network_latency,21.12
2026-02-09 05:38:38,network_latency,11.7
2026-02-09 06:38:38,network_latency,13.7
2026-02-09 07:38:38,network_latency,9.31
2026-02-09 08:38:38,network_latency,12.08
2026-02-09 09:38:38,network_latency,0.0
2026-02-09 10:38:38,network_latency,16.55
2026-02-09 11:38:38,network_latency,5.43
2026-02-09 12:38:38,network_latency,20.56
2026-02-09 13:38:38,network_latency,20.35
2026-02-09 14:38:38,network_latency,16.18
2026-02-09 15:38:38,network_latency,17.94
2026-02-09 16:38:38,network_latency,14.97
2026-02-09 17:38:38,network_latency,12.96
2026-02-09 18:38:38,network_latency,18.89
2026-02-09 19:38:38,network_latency,8.23
2026-02-09 20:38:38,network_latency,18.1
2026-02-09 21:38:38,network_latency,21.18
2026-02-09 22:38:38,network_latency,7.95
2026-02-09 23:38:38,network_latency,21.31
2026-02-10 00:38:38,network_latency,12.03
2026-02-10 01:38:38,network_latency,20.38
2026-02-10 02:38:38,network_latency,20.87
2026-02-10 03:38:38,network_latency,15.01
2026-02-10 04:38:38,network_latency,14.3
2026-02-10 05:38:38,network_latency,0.0
2026-02-10 06:38:38,network_latency,12.87
2026-02-10 07:38:38,network_latency,18.56
2026-02-10 08:38:38,network_latency,11.06
2026-02-10 09:38:38,network_latency,25.02
2026-02-10 10:38:38,network_latency,13.36
2026-02-10 11:38:38,network_latency,11.69
2026-02-10 12:38:38,network_latency,14.21
2026-02-10 13:38:38,network_latency,9.93
2026-02-10 14:38:38,network_latency,20.9
2026-02-10 15:38:38,network_latency,22.91
2026-02-10 16:38:38,network_latency,0.0
2026-02-10 17:38:38,network_latency,17.5
2026-02-10 18:38:38,network_latency,13.14
2026-02-10 19:38:38,network_latency,17.31
2026-02-10 20:38:38,network_latency,17.36
2026-02-10 21:38:38,network_latency,4.89
2026-02-10 22:38:38,network_latency,13.84
2026-02-10 23:38:38,network_latency,20.66
2026-02-11 00:38:38,network_latency,13.21
2026-02-11 01:38:38,network_latency,0.0
2026-02-11 02:38:38,network_latency,23.22
2026-02-11 03:38:38,network_latency,17.89
2026-02-11 04:38:38,network_latency,11.66
2026-02-11 05:38:38,network_latency,22.67
2026-02-11 06:38:38,network_latency,22.66
2026-02-11 07:38:38,network_latency,14.63
2026-02-11 08:38:38,network_latency,11.25
2026-02-11 09:38:38,network_latency,11.25
2026-02-11 10:38:38,network_latency,13.13
2026-02-11 11:38:38,network_latency,16.32
2026-02-11 12:38:38,network_latency,0.0
2026-02-11 13:38:38,network_latency,10.28
2026-02-11 14:38:38,network_latency,15.62
2026-02-11 15:38:38,network_latency,6.92
2026-02-11 16:38:38,network_latency,18.61
2026-02-11 17:38:38,network_latency,19.09
2026-02-11 18:38:38,network_latency,12.49
2026-02-11 19:38:38,network_latency,12.53
2026-02-11 20:38:38,network_latency,21.06
2026-02-11 21:38:38,network_latency,15.11
2026-02-11 22:38:38,network_latency,13.91
2026-02-11 23:38:38,network_latency,15.01
2026-02-12 00:38:38,network_latency,11.04
2026-02-12 01:38:38,network_latency,14.57
2026-02-12 02:38:38,network_latency,15.26
2026-02-12 03:38:38,network_latency,9.63
2026-02-12 04:38:38,network_latency,12.53
2026-02-12 05:38:38,network_latency,15.16
2026-02-12 06:38:38,network_latency,14.91
2026-02-12 07:38:38,network_latency,19.38
2026-02-12 08:38:38,network_latency,16.99
2026-02-12 09:38:38,network_latency,21.19
2026-02-12 10:38:38,network_latency,13.1
2026-02-12 11:38:38,network_latency,14.7
2026-02-12 12:38:38,network_latency,18.84
2026-02-12 13:38:38,network_latency,21.77
2026-02-12 14:38:38,network_latency,24.58
2026-02-12 15:38:38,network_latency,18.74
2026-02-12 16:38:38,network_latency,16.22
2026-02-12 17:38:38,network_latency,12.18
2026-02-12 18:38:38,network_latency,15.53
2026-02-12 19:38:38,network_latency,8.97
2026-02-12 20:38:38,network_latency,39.49
2026-02-12 21:38:38,network_latency,21.32
2026-02-12 22:38:38,network_latency,13.39
2026-02-12 23:38:38,network_latency,18.68
2026-02-13 00:38:38,network_latency,15.15
2026-02-13 01:38:38,network_latency,4.9
2026-02-13 02:38:38,network_latency,9.3
2026-02-13 03:38:38,network_latency,9.9
2026-02-13 04:38:38,network_latency,10.92
2026-02-13 05:38:38,network_latency,12.9
2026-02-13 06:38:38,network_latency,20.0
2026-02-13 07:38:38,network_latency,13.74
2026-02-13 08:38:38,network_latency,11.47
2026-02-13 09:38:38,network_latency,19.03
2026-02-13 10:38:38,network_latency,18.99
2026-02-13 11:38:38,network_latency,3.49
2026-02-13 12:38:38,network_latency,14.24
2026-02-13 13:38:38,network_latency,20.7
2026-02-13 14:38:38,network_latency,13.47
2026-02-13 15:38:38,network_latency,9.5
2026-02-13 16:38:38,network_latency,18.63
2026-02-13 17:38:38,network_latency,8.86
2026-02-13 18:38:38,network_latency,15.22
2026-02-13 19:38:38,network_latency,13.42
2026-02-13 20:38:38,network_latency,6.7
2026-02-13 21:38:38,network_latency,19.72
2026-02-13 22:38:38,network_latency,16.41
2026-02-13 23:38:38,network_latency,21.54
2026-02-14 00:38:38,network_latency,14.25
2026-02-14 01:38:38,network_latency,9.83
2026-02-14 02:38:38,network_latency,7.06
2026-02-14 03:38:38,network_latency,19.1
2026-02-14 04:38:38,network_latency,9.4
2026-02-14 05:38:38,network_latency,26.66
2026-02-14 06:38:38,network_latency,23.63
2026-02-14 07:38:38,network_latency,14.72
2026-02-14 08:38:38,network_latency,13.07
2026-02-14 09:38:38,network_latency,10.88
2026-02-14 10:38:38,network_latency,11.43
2026-02-14 11:38:38,network_latency,25.39
2026-02-14 12:38:38,network_latency,12.32
2026-02-14 13:38:38,network_latency,16.76
2026-02-14 14:38:38,network_latency,17.15
2026-02-14 15:38:38,network_latency,19.41
2026-02-14 16:38:38,network_latency,16.33
2026-02-14 17:38:38,network_latency,14.31
2026-02-14 18:38:38,network_latency,10.44
2026-02-14 19:38:38,network_latency,17.01
2026-02-14 20:38:38,network_latency,0.0
2026-02-14 21:38:38,network_latency,6.1
2026-02-14 22:38:38,network_latency,10.37
2026-02-14 23:38:38,network_latency,12.01
2026-02-15 00:38:38,network_latency,16.96
2026-02-15 01:38:38,network_latency,13.67
2026-02-15 02:38:38,network_latency,8.93
2026-02-15 03:38:38,network_latency,11.03
2026-02-15 04:38:38,network_latency,13.23
2026-02-15 05:38:38,network_latency,16.35
2026-02-15 06:38:38,network_latency,10.48
2026-02-15 07:38:38,network_latency,18.34
2026-02-15 08:38:38,network_latency,5.96
2026-02-15 09:38:38,network_latency,12.22
2026-02-15 10:38:38,network_latency,16.96
2026-02-15 11:38:38,network_latency,19.79
2026-02-15 12:38:38,network_latency,0.0
2026-02-15 13:38:38,network_latency,7.81
2026-02-15 14:38:38,network_latency,13.72
2026-02-15 15:38:38,network_latency,19.09
2026-02-15 16:38:38,network_latency,4.91
2026-02-15 17:38:38,network_latency,15.77
2026-02-15 18:38:38,network_latency,12.14
2026-02-15 19:38:38,network_latency,20.94
2026-02-15 20:38:38,network_latency,12.88
2026-02-15 21:38:38,network_latency,26.09
2026-02-15 22:38:38,network_latency,15.08
2026-02-15 23:38:38,network_latency,14.48
2026-02-16 00:38:38,network_latency,11.76
2026-02-16 01:38:38,network_latency,13.07
2026-02-16 02:38:38,network_latency,18.29
2026-02-16 03:38:38,network_latency,13.46
2026-02-16 04:38:38,network_latency,11.57
2026-02-16 05:38:38,network_latency,8.22
2026-02-16 06:38:38,network_latency,12.56
2026-02-16 07:38:38,network_latency,18.0
2026-02-16 08:38:38,network_latency,11.49
2026-02-16 09:38:38,network_latency,28.52
2026-02-16 10:38:38,network_latency,21.93
2026-02-16 11:38:38,network_latency,4.85
2026-02-16 12:38:38,network_latency,13.3
2026-02-16 13:38:38,network_latency,12.35
2026-02-16 14:38:38,network_latency,6.3
2026-02-16 15:38:38,network_latency,12.52
2026-02-16 16:38:38,network_latency,12.49
2026-02-16 17:38:38,network_latency,18.54
2026-02-16 18:38:38,network_latency,19.78
2026-02-16 19:38:38,network_latency,18.69
2026-02-16 20:38:38,network_latency,21.74
2026-02-16 21:38:38,network_latency,15.0
2026-02-16 22:38:38,network_latency,14.99
2026-02-16 23:38:38,network_latency,18.19
2026-02-17 00:38:38,network_latency,12.57
2026-02-17 01:38:38,network_latency,15.97
2026-02-17 02:38:38,network_latency,15.72
2026-02-17 03:38:38,network_latency,16.71
2026-02-17 04:38:38,network_latency,20.11
2026-02-17 05:38:38,network_latency,10.91
2026-02-17 06:38:38,network_latency,11.05
2026-02-17 07:38:38,network_latency,25.38
2026-02-17 08:38:38,network_latency,10.91
2026-02-17 09:38:38,network_latency,12.81
2026-02-17 10:38:38,network_latency,17.21
2026-02-17 11:38:38,network_latency,30.75
2026-02-17 12:38:38,network_latency,12.14
2026-02-17 13:38:38,network_latency,17.36
2026-02-17 14:38:38,network_latency,12.5
2026-02-17 15:38:38,network_latency,11.88
2026-02-17 16:38:38,network_latency,17.56
2026-02-17 17:38:38,network_latency,11.03
2026-02-17 18:38:38,network_latency,16.67
2026-02-17 19:38:38,network_latency,22.46
2026-02-17 20:38:38,network_latency,17.04
2026-02-17 21:38:38,network_latency,12.27
2026-02-17 22:38:38,network_latency,15.22
2026-02-17 23:38:38,network_latency,18.52
2026-02-18 00:38:38,network_latency,11.28
2026-02-18 01:38:38,network_latency,9.56
2026-02-18 02:38:38,network_latency,14.91
2026-02-18 03:38:38,network_latency,30.42
2026-02-18 04:38:38,network_latency,8.01
2026-02-18 05:38:38,network_latency,15.35
2026-02-18 06:38:38,network_latency,16.04
2026-02-18 07:38:38,network_latency,4.75
2026-02-18 08:38:38,network_latency,21.34
2026-02-18 09:38:38,network_latency,21.33
2026-02-18 10:38:38,network_latency,8.72
2026-02-18 11:38:38,network_latency,16.47
2026-02-18 12:38:38,network_latency,6.34
2026-02-18 13:38:38,network_latency,10.96
2026-02-18 14:38:38,network_latency,13.33
2026-02-18 15:38:38,network_latency,11.48
2026-02-18 16:38:38,network_latency,17.79
2026-02-18 17:38:38,network_latency,2.25
2026-02-18 18:38:38,network_latency,10.8
2026-02-18 19:38:38,network_latency,19.23
2026-02-18 20:38:38,network_latency,5.98
2026-02-18 21:38:38,network_latency,11.32
2026-02-18 22:38:38,network_latency,19.96
2026-02-18 23:38:38,network_latency,25.19
2026-02-19 00:38:38,network_latency,21.33
2026-02-19 01:38:38,network_latency,13.2
2026-02-19 02:38:38,network_latency,25.15
2026-02-19 03:38:38,network_latency,19.39
2026-02-19 04:38:38,network_latency,8.84
2026-02-19 05:38:38,network_latency,6.56
2026-02-19 06:38:38,network_latency,18.92
2026-02-19 07:38:38,network_latency,14.09
2026-02-19 08:38:38,network_latency,8.67
2026-02-19 09:38:38,network_latency,13.83
2026-02-19 10:38:38,network_latency,20.38
2026-02-19 11:38:38,network_latency,11.53
2026-02-19 12:38:38,network_latency,11.4
2026-02-19 13:38:38,network_latency,13.77
2026-02-19 14:38:38,network_latency,14.43
2026-02-19 15:38:38,network_latency,12.85
2026-02-19 16:38:38,network_latency,17.86
2026-02-19 17:38:38,network_latency,18.45
2026-02-19 18:38:38,network_latency,14.27
2026-02-19 19:38:38,network_latency,11.23
2026-02-19 20:38:38,network_latency,12.16
2026-02-19 21:38:38,network_latency,21.89
2026-02-19 22:38:38,network_latency,25.04
2026-02-19 23:38:38,network_latency,7.9
2026-02-20 00:38:38,network_latency,9.05
2026-02-20 01:38:38,network_latency,12.06
2026-02-20 02:38:38,network_latency,22.04
2026-02-20 03:38:38,network_latency,12.83
2026-02-20 04:38:38,network_latency,17.84
2026-02-20 05:38:38,network_latency,13.83
2026-02-20 06:38:38,network_latency,12.17
2026-02-20 07:38:38,network_latency,13.52
2026-02-20 08:38:38,network_latency,8.7
2026-02-20 09:38:38,network_latency,18.48
2026-02-20 10:38:38,network_latency,11.16
2026-02-20 11:38:38,network_latency,11.68
2026-02-20 12:38:38,network_latency,10.55
2026-02-20 13:38:38,network_latency,22.89
2026-02-20 14:38:38,network_latency,12.47
2026-02-20 15:38:38,network_latency,15.86
2026-02-20 16:38:38,network_latency,4.4
2026-02-20 17:38:38,network_latency,2.0
2026-02-20 18:38:38,network_latency,8.82
2026-02-20 19:38:38,network_latency,19.95
2026-02-20 20:38:38,network_latency,15.53
2026-02-20 21:38:38,network_latency,23.51
2026-02-20 22:38:38,network_latency,37.71
2026-02-20 23:38:38,network_latency,2.7
2026-02-21 00:38:38,network_latency,17.2
2026-02-21 01:38:38,network_latency,11.16
2026-02-21 02:38:38,network_latency,9.35
2026-02-21 03:38:38,network_latency,14.22
2026-02-21 04:38:38,network_latency,10.7
2026-02-21 05:38:38,network_latency,13.74
2026-02-21 06:38:38,network_latency,22.11
2026-02-21 07:38:38,network_latency,12.76
2026-02-21 08:38:38,network_latency,18.12
2026-02-21 09:38:38,network_latency,8.72
2026-02-21 10:38:38,network_latency,17.9
2026-02-21 11:38:38,network_latency,16.0
2026-02-21 12:38:38,network_latency,18.36
2026-02-21 13:38:38,network_latency,11.0
2026-02-21 14:38:38,network_latency,16.64
2026-02-21 15:38:38,network_latency,27.34
2026-02-21 16:38:38,network_latency,18.11
2026-02-21 17:38:38,network_latency,14.58
2026-02-21 18:38:38,network_latency,16.08
2026-02-21 19:38:38,network_latency,11.28
2026-02-21 20:38:38,network_latency,16.62
2026-02-21 21:38:38,network_latency,17.53
2026-02-21 22:38:38,network_latency,14.74
2026-02-21 23:38:38,network_latency,8.89
2026-02-22 00:38:38,network_latency,10.06
2026-02-22 01:38:38,network_latency,8.34
2026-02-22 02:38:38,network_latency,0.0
2026-02-22 03:38:38,network_latency,14.97
2026-02-22 04:38:38,network_latency,19.11
2026-02-22 05:38:38,network_latency,11.8
2026-02-22 06:38:38,network_latency,16.53
2026-02-22 07:38:38,network_latency,9.84
2026-02-22 08:38:38,network_latency,3.58
2026-02-22 09:38:38,network_latency,11.54
2026-02-22 10:38:38,network_latency,14.04
2026-02-22 11:38:38,network_latency,10.13
2026-02-22 12:38:38,network_latency,22.63
2026-02-22 13:38:38,network_latency,14.25
2026-02-22 14:38:38,network_latency,17.95
2026-02-22 15:38:38,network_latency,21.29
2026-02-22 16:38:38,network_latency,15.04
2026-02-22 17:38:38,network_latency,11.81
2026-02-22 18:38:38,network_latency,36.14
2026-02-22 19:38:38,network_latency,20.63
2026-02-22 20:38:38,network_latency,13.32
2026-02-22 21:38:38,network_latency,11.12
2026-02-22 22:38:38,network_latency,12.72
2026-02-22 23:38:38,network_latency,9.01
2026-02-23 00:38:38,network_latency,0.0
2026-02-23 01:38:38,network_latency,30.33
2026-02-23 02:38:38,network_latency,9.72
2026-02-23 03:38:38,network_latency,34.51
2026-02-23 04:38:38,network_latency,26.54
2026-02-23 05:38:38,network_latency,21.02
2026-02-23 06:38:38,network_latency,8.54
2026-02-23 07:38:38,network_latency,16.81
2026-02-23 08:38:38,network_latency,21.95
2026-02-23 09:38:38,network_latency,16.18
2026-02-23 10:38:38,network_latency,7.33
2026-02-23 11:38:38,network_latency,14.24
2026-02-23 12:38:38,network_latency,8.3
2026-02-23 13:38:38,network_latency,16.49
2026-02-23 14:38:38,network_latency,15.95
2026-02-23 15:38:38,network_latency,12.63
2026-02-23 16:38:38,network_latency,6.92
2026-02-23 17:38:38,network_latency,13.33
2026-02-23 18:38:38,network_latency,19.54
2026-02-23 19:38:38,network_latency,0.0
2026-02-23 20:38:38,network_latency,15.68
2026-02-23 21:38:38,network_latency,20.63
2026-02-23 22:38:38,network_latency,11.25
2026-02-23 23:38:38,network_latency,12.59
2026-02-24 00:38:38,network_latency,11.4
2026-02-24 01:38:38,network_latency,20.23
2026-02-24 02:38:38,network_latency,9.52
2026-02-24 03:38:38,network_latency,18.16
2026-02-24 04:38:38,network_latency,0.0
2026-02-24 05:38:38,network_latency,8.53
2026-02-24 06:38:38,network_latency,14.43
2026-02-24 07:38:38,network_latency,11.58
2026-02-24 08:38:38,network_latency,20.62
2026-02-24 09:38:38,network_latency,10.88
2026-02-24 10:38:38,network_latency,14.57
2026-02-24 11:38:38,network_latency,18.76
2026-02-24 12:38:38,network_latency,12.62
2026-02-24 13:38:38,network_latency,20.37
2026-02-24 14:38:38,network_latency,16.7
2026-02-24 15:38:38,network_latency,9.68
2026-02-24 16:38:38,network_latency,19.33
2026-02-24 17:38:38,network_latency,12.37
2026-02-24 18:38:38,network_latency,17.29
2026-02-24 19:38:38,network_latency,13.92
2026-02-24 20:38:38,network_latency,17.55
2026-02-24 21:38:38,network_latency,18.42
2026-02-24 22:38:38,network_latency,18.88
2026-02-24 23:38:38,network_latency,15.05
2026-02-25 00:38:38,network_latency,22.56
2026-02-25 01:38:38,network_latency,17.35
2026-02-25 02:38:38,network_latency,17.24
2026-02-25 03:38:38,network_latency,15.54
2026-02-25 04:38:38,network_latency,17.95
2026-02-25 05:38:38,network_latency,14.02
2026-02-25 06:38:38,network_latency,19.96
2026-02-25 07:38:38,network_latency,15.66
2026-02-25 08:38:38,network_latency,20.2
2026-02-25 09:38:38,network_latency,12.04
2026-02-25 10:38:38,network_latency,6.19
2026-02-25 11:38:38,network_latency,24.34
2026-02-25 12:38:38,network_latency,10.79
2026-02-25 13:38:38,network_latency,15.73
2026-02-25 14:38:38,network_latency,14.42
2026-02-25 15:38:38,network_latency,23.98
2026-02-25 16:38:38,network_latency,10.63
2026-02-25 17:38:38,network_latency,18.07
2026-02-25 18:38:38,network_latency,13.95
2026-02-25 19:38:38,network_latency,13.38
2026-02-25 20:38:38,network_latency,22.05
2026-02-25 21:38:38,network_latency,10.7
2026-02-25 22:38:38,network_latency,15.15
2026-02-25 23:38:38,network_latency,18.6
2026-02-26 00:38:38,network_latency,22.53
2026-02-26 01:38:38,network_latency,18.4
2026-02-26 02:38:38,network_latency,13.91
2026-02-26 03:38:38,network_latency,27.37
2026-02-26 04:38:38,network_latency,23.77
2026-02-26 05:38:38,network_latency,19.16
2026-02-26 06:38:38,network_latency,22.92
2026-02-26 07:38:38,network_latency,16.87
2026-02-26 08:38:38,network_latency,20.4
2026-02-26 09:38:38,network_latency,16.7
2026-02-26 10:38:38,network_latency,19.88
2026-02-26 11:38:38,network_latency,9.01
2026-02-26 12:38:38,network_latency,17.09
2026-02-26 13:38:38,network_latency,0.0
2026-02-26 14:38:38,network_latency,15.61
2026-02-26 15:38:38,network_latency,22.91
2026-02-26 16:38:38,network_latency,21.06
2026-02-26 17:38:38,network_latency,22.56
2026-02-26 18:38:38,network_latency,0.0
2026-02-26 19:38:38,network_latency,19.69
2026-02-26 20:38:38,network_latency,22.11
2026-02-26 21:38:38,network_latency,19.31
2026-02-26 22:38:38,network_latency,21.42
2026-02-26 23:38:38,network_latency,21.03
2026-02-27 00:38:38,network_latency,28.18
2026-02-27 01:38:38,network_latency,15.06
2026-02-27 02:38:38,network_latency,10.99
2026-02-27 03:38:38,network_latency,16.71
2026-02-27 04:38:38,network_latency,6.7
2026-02-27 05:38:38,network_latency,36.57
2026-02-27 06:38:38,network_latency,16.78
2026-02-27 07:38:38,network_latency,17.37
2026-02-27 08:38:38,network_latency,15.91
2026-02-27 09:38:38,network_latency,21.09
2026-02-27 10:38:38,network_latency,26.59
2026-02-27 11:38:38,network_latency,24.27
2026-02-27 12:38:38,network_latency,7.76
2026-02-27 13:38:38,network_latency,15.37
2026-02-27 14:38:38,network_latency,12.29
2026-02-27 15:38:38,network_latency,10.23
2026-02-27 16:38:38,network_latency,17.25
2026-02-27 17:38:38,network_latency,11.52
2026-02-27 18:38:38,network_latency,16.28
2026-02-27 19:38:38,network_latency,13.65
2026-02-27 20:38:38,network_latency,6.81
2026-02-27 21:38:38,network_latency,17.36
2026-02-27 22:38:38,network_latency,12.19
2026-02-27 23:38:38,network_latency,20.13
2026-02-28 00:38:38,network_latency,14.02
2026-02-28 01:38:38,network_latency,11.44
2026-02-28 02:38:38,network_latency,14.83
2026-02-28 03:38:38,network_latency,0.0
2026-02-28 04:38:38,network_latency,12.05
2026-02-28 05:38:38,network_latency,13.23
2026-02-28 06:38:38,network_latency,17.02
2026-02-28 07:38:38,network_latency,16.17
2026-02-28 08:38:38,network_latency,10.0
2026-02-28 09:38:38,network_latency,13.06
2026-02-28 10:38:38,network_latency,0.0
2026-02-28 11:38:38,network_latency,22.66
2026-02-28 12:38:38,network_latency,8.2
2026-02-28 13:38:38,network_latency,13.83
2026-02-28 14:38:38,network_latency,9.01
2026-02-28 15:38:38,network_latency,11.83
2026-02-28 16:38:38,network_latency,38.91
2026-02-28 17:38:38,network_latency,13.73
2026-02-28 18:38:38,network_latency,11.47
2026-02-28 19:38:38,network_latency,19.13
2026-02-28 20:38:38,network_latency,17.84
2026-02-28 21:38:38,network_latency,11.53
2026-02-28 22:38:38,network_latency,13.11
2026-02-28 23:38:38,network_latency,23.69
2026-03-01 00:38:38,network_latency,16.89
2026-03-01 01:38:38,network_latency,11.42
2026-03-01 02:38:38,network_latency,18.47
2026-03-01 03:38:38,network_latency,16.42
2026-03-01 04:38:38,network_latency,9.8
2026-03-01 05:38:38,network_latency,16.39
2026-03-01 06:38:38,network_latency,13.49
2026-03-01 07:38:38,network_latency,7.63
2026-03-01 08:38:38,network_latency,13.5
2026-03-01 09:38:38,network_latency,12.56
2026-03-01 10:38:38,network_latency,14.61
2026-03-01 11:38:38,network_latency,14.28
2026-03-01 12:38:38,network_latency,0.0
2026-03-01 13:38:38,network_latency,16.74
2026-03-01 14:38:38,network_latency,15.66
2026-03-01 15:38:38,network_latency,20.42
2026-03-01 16:38:38,network_latency,14.23
2026-03-01 17:38:38,network_latency,20.68
2026-03-01 18:38:38,network_latency,21.5
2026-03-01 19:38:38,network_latency,17.65
2026-03-01 20:38:38,network_latency,7.8
2026-03-01 21:38:38,network_latency,14.44
2026-03-01 22:38:38,network_latency,8.57
2026-03-01 23:38:38,network_latency,15.32
2026-03-02 00:38:38,network_latency,21.14
2026-03-02 01:38:38,network_latency,13.08
2026-03-02 02:38:38,network_latency,21.15
2026-03-02 03:38:38,network_latency,16.14
2026-03-02 04:38:38,network_latency,17.39
2026-03-02 05:38:38,network_latency,14.01
2026-03-02 06:38:38,network_latency,12.37
2026-03-02 07:38:38,network_latency,7.43
2026-03-02 08:38:38,network_latency,11.63
2026-03-02 09:38:38,network_latency,17.7
2026-03-02 10:38:38,network_latency,11.53
2026-03-02 11:38:38,network_latency,13.36
2026-03-02 12:38:38,network_latency,22.94
2026-03-02 13:38:38,network_latency,20.33
2026-03-02 14:38:38,network_latency,18.45
2026-03-02 15:38:38,network_latency,18.35
2026-03-02 16:38:38,network_latency,13.55
2026-03-02 17:38:38,network_latency,20.28
2026-03-02 18:38:38,network_latency,10.39
2026-03-02 19:38:38,network_latency,10.06
2026-03-02 20:38:38,network_latency,12.97
2026-03-02 21:38:38,network_latency,12.93
2026-03-02 22:38:38,network_latency,17.09
2026-03-02 23:38:38,network_latency,16.13
2026-03-03 00:38:38,network_latency,4.4
2026-03-03 01:38:38,network_latency,10.78
2026-03-03 02:38:38,network_latency,18.56
2026-03-03 03:38:38,network_latency,6.89
2026-03-03 04:38:38,network_latency,22.22
2026-03-03 05:38:38,network_latency,15.31
2026-03-03 06:38:38,network_latency,17.28
2026-03-03 07:38:38,network_latency,15.73
2026-03-03 08:38:38,network_latency,11.2
2026-03-03 09:38:38,network_latency,11.23
2026-03-03 10:38:38,network_latency,9.47
2026-03-03 11:38:38,network_latency,15.19
2026-03-03 12:38:38,network_latency,18.01
2026-03-03 13:38:38,network_latency,16.03
2026-03-03 14:38:38,network_latency,22.33
2026-03-03 15:38:38,network_latency,11.35
2026-03-03 16:38:38,network_latency,12.63
2026-03-03 17:38:38,network_latency,18.34
2026-03-03 18:38:38,network_latency,21.6
2026-03-03 19:38:38,network_latency,7.04
2026-03-03 20:38:38,network_latency,7.02
2026-03-03 21:38:38,network_latency,17.78
2026-03-03 22:38:38,network_latency,16.39
2026-03-03 23:38:38,network_latency,12.68
2026-03-04 00:38:38,network_latency,2.27
2026-03-04 01:38:38,network_latency,12.22
2026-03-04 02:38:38,network_latency,9.54
2026-03-04 03:38:38,network_latency,16.47
2026-03-04 04:38:38,network_latency,7.74
2026-03-04 05:38:38,network_latency,18.08
2026-03-04 06:38:38,network_latency,20.28
2026-03-04 07:38:38,network_latency,5.2
2026-03-04 08:38:38,network_latency,0.0
2026-03-04 09:38:38,network_latency,14.35
2026-03-04 10:38:38,network_latency,12.17
2026-03-04 11:38:38,network_latency,9.65
2026-03-04 12:38:38,network_latency,3.1
2026-03-04 13:38:38,network_latency,10.65
2026-03-04 14:38:38,network_latency,22.1
2026-03-04 15:38:38,network_latency,21.11
2026-03-04 16:38:38,network_latency,7.14
2026-03-04 17:38:38,network_latency,21.79
2026-03-04 18:38:38,network_latency,16.35
2026-03-04 19:38:38,network_latency,9.43
2026-03-04 20:38:38,network_latency,18.4
2026-03-04 21:38:38,network_latency,14.7
2026-03-04 22:38:38,network_latency,12.77
2026-03-04 23:38:38,network_latency,13.14
2026-03-05 00:38:38,network_latency,18.2
2026-03-05 01:38:38,network_latency,18.85
2026-03-05 02:38:38,network_latency,11.37
2026-03-05 03:38:38,network_latency,17.26
2026-03-05 04:38:38,network_latency,16.75
2026-03-05 05:38:38,network_latency,0.94
2026-03-05 06:38:38,network_latency,19.18
2026-03-05 07:38:38,network_latency,11.47
2026-03-05 08:38:38,network_latency,14.71
2026-03-05 09:38:38,network_latency,16.54
2026-03-05 10:38:38,network_latency,19.05
2026-03-05 11:38:38,network_latency,21.24
2026-03-05 12:38:38,network_latency,18.68
2026-03-05 13:38:38,network_latency,17.52
2026-03-05 14:38:38,network_latency,15.99
2026-03-05 15:38:38,network_latency,13.34
2026-03-05 16:38:38,network_latency,20.89
2026-03-05 17:38:38,network_latency,11.26
2026-03-05 18:38:38,network_latency,18.74
2026-03-05 19:38:38,network_latency,18.23
2026-03-05 20:38:38,network_latency,15.77
2026-03-05 21:38:38,network_latency,20.95
2026-03-05 22:38:38,network_latency,16.46
2026-03-05 23:38:38,network_latency,16.06
2026-03-06 00:38:38,network_latency,17.34
2026-03-06 01:38:38,network_latency,19.71
2026-03-06 02:38:38,network_latency,4.58
2026-03-06 03:38:38,network_latency,24.53
2026-03-06 04:38:38,network_latency,3.9
2026-03-06 05:38:38,network_latency,19.07
2026-03-06 06:38:38,network_latency,16.61
2026-03-06 07:38:38,network_latency,5.81
2026-03-06 08:38:38,network_latency,22.02
2026-03-06 09:38:38,network_latency,13.41
2026-03-06 10:38:38,network_latency,9.69
2026-03-06 11:38:38,network_latency,18.99
2026-03-06 12:38:38,network_latency,12.04
2026-03-06 13:38:38,network_latency,1.65
2026-03-06 14:38:38,network_latency,20.5
2026-03-06 15:38:38,network_latency,7.77
2026-03-06 16:38:38,network_latency,15.07
2026-03-06 17:38:38,network_latency,16.62
2026-03-06 18:38:38,network_latency,15.65
2026-03-06 19:38:38,network_latency,11.74
2026-03-06 20:38:38,network_latency,15.58
2026-03-06 21:38:38,network_latency,6.23
2026-03-06 22:38:38,network_latency,16.58
2026-03-06 23:38:38,network_latency,13.48
2026-03-07 00:38:38,network_latency,18.01
2026-03-07 01:38:38,network_latency,16.76
2026-03-07 02:38:38,network_latency,8.29
2026-03-07 03:38:38,network_latency,14.11
2026-03-07 04:38:38,network_latency,9.74
2026-03-07 05:38:38,network_latency,15.69
2026-03-07 06:38:38,network_latency,0.0
2026-03-07 07:38:38,network_latency,15.26
2026-03-07 08:38:38,network_latency,20.37
2026-03-07 09:38:38,network_latency,12.97
2026-03-07 10:38:38,network_latency,8.25
2026-03-07 11:38:38,network_latency,16.44
2026-03-07 12:38:38,network_latency,14.94
2026-03-07 13:38:38,network_latency,9.37
2026-03-07 14:38:38,network_latency,14.27
2026-03-07 15:38:38,network_latency,12.75
2026-03-07 16:38:38,network_latency,19.0
2026-03-07 17:38:38,network_latency,19.91
2026-03-07 18:38:38,network_latency,23.25
2026-03-07 19:38:38,network_latency,24.58
2026-03-07 20:38:38,network_latency,12.0
2026-03-07 21:38:38,network_latency,17.22
2026-03-07 22:38:38,network_latency,18.52
2026-03-07 23:38:38,network_latency,15.28
2026-03-08 00:38:38,network_latency,14.24
2026-03-08 01:38:38,network_latency,13.25
2026-03-08 02:38:38,network_latency,0.5
2026-03-08 03:38:38,network_latency,18.45
2026-03-08 04:38:38,network_latency,20.56
2026-03-08 05:38:38,network_latency,13.14
2026-03-08 06:38:38,network_latency,20.55
2026-03-08 07:38:38,network_latency,5.9
2026-03-08 08:38:38,network_latency,13.97
2026-03-08 09:38:38,network_latency,9.75
2026-03-08 10:38:38,network_latency,14.32
2026-03-08 11:38:38,network_latency,17.74
2026-03-08 12:38:38,network_latency,16.12
2026-03-08 13:38:38,network_latency,7.05
2026-03-08 14:38:38,network_latency,26.76
2026-03-08 15:38:38,network_latency,18.68
2026-03-08 16:38:38,network_latency,16.46
2026-03-08 17:38:38,network_latency,30.83
2026-03-08 18:38:38,network_latency,14.89
2026-03-08 19:38:38,network_latency,21.39
2026-03-08 20:38:38,network_latency,16.06
2026-03-08 21:38:38,network_latency,19.81
2026-03-08 22:38:38,network_latency,9.66
2026-03-08 23:38:38,network_latency,16.45
2026-03-09 00:38:38,network_latency,10.97
2026-03-09 01:38:38,network_latency,16.17
2026-03-09 02:38:38,network_latency,18.01
2026-03-09 03:38:38,network_latency,9.22
2026-03-09 04:38:38,network_latency,14.81
2026-03-09 05:38:38,network_latency,9.63
2026-03-09 06:38:38,network_latency,20.1
2026-03-09 07:38:38,network_latency,15.3
2026-03-09 08:38:38,network_latency,11.16
2026-03-09 09:38:38,network_latency,12.29
2026-03-09 10:38:38,network_latency,0.0
2026-03-09 11:38:38,network_latency,11.52
2026-03-09 12:38:38,network_latency,11.46
2026-03-09 13:38:38,network_latency,19.3
2026-03-09 14:38:38,network_latency,7.05
2026-03-09 15:38:38,network_latency,14.23
2026-03-09 16:38:38,network_latency,13.49
2026-03-09 17:38:38,network_latency,5.53
2026-03-09 18:38:38,network_latency,8.53
2026-03-09 19:38:38,network_latency,23.06
2026-03-09 20:38:38,network_latency,16.67
2026-03-09 21:38:38,network_latency,16.69
2026-03-09 22:38:38,network_latency,19.92
2026-03-09 23:38:38,network_latency,16.05
2026-03-10 00:38:38,network_latency,13.79
2026-03-10 01:38:38,network_latency,10.7
2026-03-10 02:38:38,network_latency,20.89
2026-03-10 03:38:38,network_latency,16.7
2026-03-10 04:38:38,network_latency,17.59
2026-03-10 05:38:38,network_latency,10.8
2026-03-10 06:38:38,network_latency,21.19
2026-03-10 07:38:38,network_latency,15.67
2026-03-10 08:38:38,network_latency,16.72
2026-03-10 09:38:38,network_latency,13.1
2026-03-10 10:38:38,network_latency,14.67
2026-03-10 11:38:38,network_latency,10.78
2026-03-10 12:38:38,network_latency,16.17
2026-03-10 13:38:38,network_latency,19.92
2026-03-10 14:38:38,network_latency,15.68
2026-03-10 15:38:38,network_latency,16.08
2026-03-10 16:38:38,network_latency,16.77
2026-03-10 17:38:38,network_latency,16.82
2026-03-10 18:38:38,network_latency,0.0
2026-03-10 19:38:38,network_latency,32.75
2026-03-10 20:38:38,network_latency,5.74
2026-03-10 21:38:38,network_latency,18.95
2026-03-10 22:38:38,network_latency,17.34
2026-03-10 23:38:38,network_latency,18.27
2026-03-11 00:38:38,network_latency,10.9
2026-03-11 01:38:38,network_latency,13.27
2026-03-11 02:38:38,network_latency,11.44
2026-03-11 03:38:38,network_latency,19.53
2026-03-11 04:38:38,network_latency,0.0
2026-03-11 05:38:38,network_latency,17.02
2026-03-11 06:38:38,network_latency,10.86
2026-03-11 07:38:38,network_latency,17.18
2026-03-11 08:38:38,network_latency,17.75
2026-03-11 09:38:38,network_latency,15.86
2026-03-11 10:38:38,network_latency,24.27
2026-03-11 11:38:38,network_latency,7.38
2026-03-11 12:38:38,network_latency,23.48
2026-03-11 13:38:38,network_latency,13.37
2026-03-11 14:38:38,network_latency,11.49
2026-03-11 15:38:38,network_latency,17.37
2026-03-11 16:38:38,network_latency,12.29
2026-03-11 17:38:38,network_latency,19.67
2026-03-11 18:38:38,network_latency,13.24
2026-03-11 19:38:38,network_latency,20.41
2026-03-11 20:38:38,network_latency,10.05
2026-03-11 21:38:38,network_latency,16.6
2026-03-11 22:38:38,network_latency,11.15
2026-03-11 23:38:38,network_latency,0.0
2026-03-12 00:38:38,network_latency,0.0
2026-03-12 01:38:38,network_latency,34.15
2026-03-12 02:38:38,network_latency,15.42
2026-03-12 03:38:38,network_latency,19.64
2026-03-12 04:38:38,network_latency,8.22
2026-03-12 05:38:38,network_latency,24.92
2026-03-12 06:38:38,network_latency,16.41
2025-12-12 07:38:38,error_rate,2.77
2025-12-12 08:38:38,error_rate,4.0
2025-12-12 09:38:38,error_rate,1.66
2025-12-12 10:38:38,error_rate,0.0
2025-12-12 11:38:38,error_rate,1.98
2025-12-12 12:38:38,error_rate,1.93
2025-12-12 13:38:38,error_rate,3.32
2025-12-12 14:38:38,error_rate,2.16
2025-12-12 15:38:38,error_rate,6.13
2025-12-12 16:38:38,error_rate,1.78
2025-12-12 17:38:38,error_rate,2.43
2025-12-12 18:38:38,error_rate,0.61
2025-12-12 19:38:38,error_rate,2.72
2025-12-12 20:38:38,error_rate,0.38
2025-12-12 21:38:38,error_rate,2.01
2025-12-12 22:38:38,error_rate,2.88
2025-12-12 23:38:38,error_rate,2.15
2025-12-13 00:38:38,error_rate,1.66
2025-12-13 01:38:38,error_rate,3.04
2025-12-13 02:38:38,error_rate,3.37
2025-12-13 03:38:38,error_rate,1.47
2025-12-13 04:38:38,error_rate,2.6
2025-12-13 05:38:38,error_rate,2.1
2025-12-13 06:38:38,error_rate,2.8
2025-12-13 07:38:38,error_rate,0.0
2025-12-13 08:38:38,error_rate,2.46
2025-12-13 09:38:38,error_rate,2.29
2025-12-13 10:38:38,error_rate,1.5
2025-12-13 11:38:38,error_rate,2.55
2025-12-13 12:38:38,error_rate,0.68
2025-12-13 13:38:38,error_rate,2.13
2025-12-13 14:38:38,error_rate,0.3
2025-12-13 15:38:38,error_rate,0.0
2025-12-13 16:38:38,error_rate,3.06
2025-12-13 17:38:38,error_rate,4.2
2025-12-13 18:38:38,error_rate,2.03
2025-12-13 19:38:38,error_rate,1.33
2025-12-13 20:38:38,error_rate,0.58
2025-12-13 21:38:38,error_rate,2.99
2025-12-13 22:38:38,error_rate,3.46
2025-12-13 23:38:38,error_rate,2.69
2025-12-14 00:38:38,error_rate,2.28
2025-12-14 01:38:38,error_rate,2.55
2025-12-14 02:38:38,error_rate,2.56
2025-12-14 03:38:38,error_rate,1.93
2025-12-14 04:38:38,error_rate,2.56
2025-12-14 05:38:38,error_rate,3.69
2025-12-14 06:38:38,error_rate,1.87
2025-12-14 07:38:38,error_rate,2.29
2025-12-14 08:38:38,error_rate,2.38
2025-12-14 09:38:38,error_rate,2.14
2025-12-14 10:38:38,error_rate,2.19
2025-12-14 11:38:38,error_rate,3.7
2025-12-14 12:38:38,error_rate,1.37
2025-12-14 13:38:38,error_rate,1.16
2025-12-14 14:38:38,error_rate,3.97
2025-12-14 15:38:38,error_rate,1.27
2025-12-14 16:38:38,error_rate,2.45
2025-12-14 17:38:38,error_rate,2.1
2025-12-14 18:38:38,error_rate,3.44
2025-12-14 19:38:38,error_rate,1.36
2025-12-14 20:38:38,error_rate,0.13
2025-12-14 21:38:38,error_rate,3.51
2025-12-14 22:38:38,error_rate,0.83
2025-12-14 23:38:38,error_rate,1.75
2025-12-15 00:38:38,error_rate,5.1
2025-12-15 01:38:38,error_rate,3.7
2025-12-15 02:38:38,error_rate,1.85
2025-12-15 03:38:38,error_rate,3.76
2025-12-15 04:38:38,error_rate,1.5
2025-12-15 05:38:38,error_rate,0.82
2025-12-15 06:38:38,error_rate,1.5
2025-12-15 07:38:38,error_rate,3.01
2025-12-15 08:38:38,error_rate,0.95
2025-12-15 09:38:38,error_rate,2.68
2025-12-15 10:38:38,error_rate,0.74
2025-12-15 11:38:38,error_rate,1.39
2025-12-15 12:38:38,error_rate,1.41
2025-12-15 13:38:38,error_rate,2.9
2025-12-15 14:38:38,error_rate,3.34
2025-12-15 15:38:38,error_rate,1.69
2025-12-15 16:38:38,error_rate,0.81
2025-12-15 17:38:38,error_rate,1.54
2025-12-15 18:38:38,error_rate,1.62
2025-12-15 19:38:38,error_rate,1.51
2025-12-15 20:38:38,error_rate,1.88
2025-12-15 21:38:38,error_rate,1.21
2025-12-15 22:38:38,error_rate,0.86
2025-12-15 23:38:38,error_rate,0.28
2025-12-16 00:38:38,error_rate,2.86
2025-12-16 01:38:38,error_rate,0.0
2025-12-16 02:38:38,error_rate,2.59
2025-12-16 03:38:38,error_rate,2.45
2025-12-16 04:38:38,error_rate,1.34
2025-12-16 05:38:38,error_rate,1.7
2025-12-16 06:38:38,error_rate,2.28
2025-12-16 07:38:38,error_rate,2.61
2025-12-16 08:38:38,error_rate,2.01
2025-12-16 09:38:38,error_rate,1.63
2025-12-16 10:38:38,error_rate,3.1
2025-12-16 11:38:38,error_rate,2.03
2025-12-16 12:38:38,error_rate,2.18
2025-12-16 13:38:38,error_rate,1.4
2025-12-16 14:38:38,error_rate,3.39
2025-12-16 15:38:38,error_rate,1.69
2025-12-16 16:38:38,error_rate,1.16
2025-12-16 17:38:38,error_rate,0.89
2025-12-16 18:38:38,error_rate,1.03
2025-12-16 19:38:38,error_rate,0.0
2025-12-16 20:38:38,error_rate,2.46
2025-12-16 21:38:38,error_rate,3.0
2025-12-16 22:38:38,error_rate,2.18
2025-12-16 23:38:38,error_rate,1.55
2025-12-17 00:38:38,error_rate,1.63
2025-12-17 01:38:38,error_rate,1.04
2025-12-17 02:38:38,error_rate,2.07
2025-12-17 03:38:38,error_rate,4.24
2025-12-17 04:38:38,error_rate,1.87
2025-12-17 05:38:38,error_rate,2.7
2025-12-17 06:38:38,error_rate,1.28
2025-12-17 07:38:38,error_rate,2.17
2025-12-17 08:38:38,error_rate,1.4
2025-12-17 09:38:38,error_rate,2.02
2025-12-17 10:38:38,error_rate,3.3
2025-12-17 11:38:38,error_rate,2.3
2025-12-17 12:38:38,error_rate,3.26
2025-12-17 13:38:38,error_rate,3.3
2025-12-17 14:38:38,error_rate,1.69
2025-12-17 15:38:38,error_rate,3.56
2025-12-17 16:38:38,error_rate,2.37
2025-12-17 17:38:38,error_rate,2.29
2025-12-17 18:38:38,error_rate,1.38
2025-12-17 19:38:38,error_rate,3.05
2025-12-17 20:38:38,error_rate,2.44
2025-12-17 21:38:38,error_rate,1.33
2025-12-17 22:38:38,error_rate,2.55
2025-12-17 23:38:38,error_rate,0.87
2025-12-18 00:38:38,error_rate,0.83
2025-12-18 01:38:38,error_rate,1.98
2025-12-18 02:38:38,error_rate,1.61
2025-12-18 03:38:38,error_rate,1.68
2025-12-18 04:38:38,error_rate,3.24
2025-12-18 05:38:38,error_rate,2.16
2025-12-18 06:38:38,error_rate,1.61
2025-12-18 07:38:38,error_rate,0.92
2025-12-18 08:38:38,error_rate,2.36
2025-12-18 09:38:38,error_rate,2.59
2025-12-18 10:38:38,error_rate,2.66
2025-12-18 11:38:38,error_rate,1.75
2025-12-18 12:38:38,error_rate,0.4
2025-12-18 13:38:38,error_rate,3.29
2025-12-18 14:38:38,error_rate,0.88
2025-12-18 15:38:38,error_rate,1.76
2025-12-18 16:38:38,error_rate,2.68
2025-12-18 17:38:38,error_rate,2.47
2025-12-18 18:38:38,error_rate,1.22
2025-12-18 19:38:38,error_rate,4.02
2025-12-18 20:38:38,error_rate,1.74
2025-12-18 21:38:38,error_rate,2.19
2025-12-18 22:38:38,error_rate,2.25
2025-12-18 23:38:38,error_rate,2.49
2025-12-19 00:38:38,error_rate,2.51
2025-12-19 01:38:38,error_rate,1.52
2025-12-19 02:38:38,error_rate,0.0
2025-12-19 03:38:38,error_rate,0.0
2025-12-19 04:38:38,error_rate,2.33
2025-12-19 05:38:38,error_rate,0.73
2025-12-19 06:38:38,error_rate,2.05
2025-12-19 07:38:38,error_rate,2.56
2025-12-19 08:38:38,error_rate,2.18
2025-12-19 09:38:38,error_rate,1.6
2025-12-19 10:38:38,error_rate,1.81
2025-12-19 11:38:38,error_rate,3.87
2025-12-19 12:38:38,error_rate,2.0
2025-12-19 13:38:38,error_rate,0.73
2025-12-19 14:38:38,error_rate,1.04
2025-12-19 15:38:38,error_rate,2.95
2025-12-19 16:38:38,error_rate,0.58
2025-12-19 17:38:38,error_rate,1.37
2025-12-19 18:38:38,error_rate,2.44
2025-12-19 19:38:38,error_rate,1.96
2025-12-19 20:38:38,error_rate,1.97
2025-12-19 21:38:38,error_rate,3.2
2025-12-19 22:38:38,error_rate,0.1
2025-12-19 23:38:38,error_rate,2.47
2025-12-20 00:38:38,error_rate,3.61
2025-12-20 01:38:38,error_rate,1.71
2025-12-20 02:38:38,error_rate,1.64
2025-12-20 03:38:38,error_rate,2.3
2025-12-20 04:38:38,error_rate,1.94
2025-12-20 05:38:38,error_rate,2.64
2025-12-20 06:38:38,error_rate,1.82
2025-12-20 07:38:38,error_rate,2.09
2025-12-20 08:38:38,error_rate,0.64
2025-12-20 09:38:38,error_rate,2.06
2025-12-20 10:38:38,error_rate,1.89
2025-12-20 11:38:38,error_rate,3.59
2025-12-20 12:38:38,error_rate,0.0
2025-12-20 13:38:38,error_rate,2.12
2025-12-20 14:38:38,error_rate,2.78
2025-12-20 15:38:38,error_rate,0.0
2025-12-20 16:38:38,error_rate,1.86
2025-12-20 17:38:38,error_rate,0.73
2025-12-20 18:38:38,error_rate,2.53
2025-12-20 19:38:38,error_rate,2.58
2025-12-20 20:38:38,error_rate,2.32
2025-12-20 21:38:38,error_rate,2.29
2025-12-20 22:38:38,error_rate,3.33
2025-12-20 23:38:38,error_rate,0.0
2025-12-21 00:38:38,error_rate,1.47
2025-12-21 01:38:38,error_rate,3.49
2025-12-21 02:38:38,error_rate,2.82
2025-12-21 03:38:38,error_rate,3.21
2025-12-21 04:38:38,error_rate,2.67
2025-12-21 05:38:38,error_rate,0.78
2025-12-21 06:38:38,error_rate,3.1
2025-12-21 07:38:38,error_rate,2.77
2025-12-21 08:38:38,error_rate,1.2
2025-12-21 09:38:38,error_rate,2.78
2025-12-21 10:38:38,error_rate,2.43
2025-12-21 11:38:38,error_rate,2.19
2025-12-21 12:38:38,error_rate,2.79
2025-12-21 13:38:38,error_rate,1.45
2025-12-21 14:38:38,error_rate,2.63
2025-12-21 15:38:38,error_rate,1.71
2025-12-21 16:38:38,error_rate,1.73
2025-12-21 17:38:38,error_rate,2.87
2025-12-21 18:38:38,error_rate,2.05
2025-12-21 19:38:38,error_rate,1.4
2025-12-21 20:38:38,error_rate,2.4
2025-12-21 21:38:38,error_rate,0.81
2025-12-21 22:38:38,error_rate,2.43
2025-12-21 23:38:38,error_rate,2.25
2025-12-22 00:38:38,error_rate,1.96
2025-12-22 01:38:38,error_rate,3.14
2025-12-22 02:38:38,error_rate,2.83
2025-12-22 03:38:38,error_rate,2.83
2025-12-22 04:38:38,error_rate,2.24
2025-12-22 05:38:38,error_rate,2.61
2025-12-22 06:38:38,error_rate,1.61
2025-12-22 07:38:38,error_rate,2.21
2025-12-22 08:38:38,error_rate,1.82
2025-12-22 09:38:38,error_rate,2.04
2025-12-22 10:38:38,error_rate,2.51
2025-12-22 11:38:38,error_rate,0.29
2025-12-22 12:38:38,error_rate,2.24
2025-12-22 13:38:38,error_rate,6.21
2025-12-22 14:38:38,error_rate,3.48
2025-12-22 15:38:38,error_rate,2.28
2025-12-22 16:38:38,error_rate,1.47
2025-12-22 17:38:38,error_rate,0.49
2025-12-22 18:38:38,error_rate,6.2
2025-12-22 19:38:38,error_rate,1.0
2025-12-22 20:38:38,error_rate,1.45
2025-12-22 21:38:38,error_rate,0.06
2025-12-22 22:38:38,error_rate,2.11
2025-12-22 23:38:38,error_rate,2.8
2025-12-23 00:38:38,error_rate,2.43
2025-12-23 01:38:38,error_rate,2.88
2025-12-23 02:38:38,error_rate,3.89
2025-12-23 03:38:38,error_rate,2.17
2025-12-23 04:38:38,error_rate,1.03
2025-12-23 05:38:38,error_rate,1.18
2025-12-23 06:38:38,error_rate,1.83
2025-12-23 07:38:38,error_rate,3.86
2025-12-23 08:38:38,error_rate,0.0
2025-12-23 09:38:38,error_rate,1.02
2025-12-23 10:38:38,error_rate,1.65
2025-12-23 11:38:38,error_rate,1.51
2025-12-23 12:38:38,error_rate,2.29
2025-12-23 13:38:38,error_rate,6.44
2025-12-23 14:38:38,error_rate,1.5
2025-12-23 15:38:38,error_rate,3.79
2025-12-23 16:38:38,error_rate,2.51
2025-12-23 17:38:38,error_rate,1.47
2025-12-23 18:38:38,error_rate,1.16
2025-12-23 19:38:38,error_rate,0.64
2025-12-23 20:38:38,error_rate,2.03
2025-12-23 21:38:38,error_rate,0.9
2025-12-23 22:38:38,error_rate,1.53
2025-12-23 23:38:38,error_rate,0.21
2025-12-24 00:38:38,error_rate,2.82
2025-12-24 01:38:38,error_rate,1.79
2025-12-24 02:38:38,error_rate,0.0
2025-12-24 03:38:38,error_rate,0.0
2025-12-24 04:38:38,error_rate,2.79
2025-12-24 05:38:38,error_rate,1.44
2025-12-24 06:38:38,error_rate,2.34
2025-12-24 07:38:38,error_rate,2.43
2025-12-24 08:38:38,error_rate,2.65
2025-12-24 09:38:38,error_rate,0.0
2025-12-24 10:38:38,error_rate,3.46
2025-12-24 11:38:38,error_rate,2.34
2025-12-24 12:38:38,error_rate,0.96
2025-12-24 13:38:38,error_rate,1.82
2025-12-24 14:38:38,error_rate,1.57
2025-12-24 15:38:38,error_rate,2.93
2025-12-24 16:38:38,error_rate,2.46
2025-12-24 17:38:38,error_rate,1.97
2025-12-24 18:38:38,error_rate,1.84
2025-12-24 19:38:38,error_rate,1.72
2025-12-24 20:38:38,error_rate,1.65
2025-12-24 21:38:38,error_rate,2.3
2025-12-24 22:38:38,error_rate,4.42
2025-12-24 23:38:38,error_rate,2.24
2025-12-25 00:38:38,error_rate,1.99
2025-12-25 01:38:38,error_rate,2.36
2025-12-25 02:38:38,error_rate,0.16
2025-12-25 03:38:38,error_rate,1.67
2025-12-25 04:38:38,error_rate,0.0
2025-12-25 05:38:38,error_rate,0.99
2025-12-25 06:38:38,error_rate,2.07
2025-12-25 07:38:38,error_rate,2.84
2025-12-25 08:38:38,error_rate,2.99
2025-12-25 09:38:38,error_rate,1.87
2025-12-25 10:38:38,error_rate,2.17
2025-12-25 11:38:38,error_rate,3.54
2025-12-25 12:38:38,error_rate,3.26
2025-12-25 13:38:38,error_rate,2.58
2025-12-25 14:38:38,error_rate,6.26
2025-12-25 15:38:38,error_rate,1.51
2025-12-25 16:38:38,error_rate,1.21
2025-12-25 17:38:38,error_rate,0.0
2025-12-25 18:38:38,error_rate,1.54
2025-12-25 19:38:38,error_rate,1.39
2025-12-25 20:38:38,error_rate,3.27
2025-12-25 21:38:38,error_rate,0.5
2025-12-25 22:38:38,error_rate,0.86
2025-12-25 23:38:38,error_rate,2.49
2025-12-26 00:38:38,error_rate,0.84
2025-12-26 01:38:38,error_rate,0.95
2025-12-26 02:38:38,error_rate,1.87
2025-12-26 03:38:38,error_rate,0.0
2025-12-26 04:38:38,error_rate,2.14
2025-12-26 05:38:38,error_rate,1.49
2025-12-26 06:38:38,error_rate,1.79
2025-12-26 07:38:38,error_rate,1.27
2025-12-26 08:38:38,error_rate,3.24
2025-12-26 09:38:38,error_rate,2.84
2025-12-26 10:38:38,error_rate,2.48
2025-12-26 11:38:38,error_rate,0.99
2025-12-26 12:38:38,error_rate,2.6
2025-12-26 13:38:38,error_rate,2.26
2025-12-26 14:38:38,error_rate,4.37
2025-12-26 15:38:38,error_rate,0.54
2025-12-26 16:38:38,error_rate,1.72
2025-12-26 17:38:38,error_rate,1.29
2025-12-26 18:38:38,error_rate,2.3
2025-12-26 19:38:38,error_rate,0.44
2025-12-26 20:38:38,error_rate,2.68
2025-12-26 21:38:38,error_rate,0.43
2025-12-26 22:38:38,error_rate,2.31
2025-12-26 23:38:38,error_rate,1.59
2025-12-27 00:38:38,error_rate,1.1
2025-12-27 01:38:38,error_rate,0.85
2025-12-27 02:38:38,error_rate,1.28
2025-12-27 03:38:38,error_rate,1.62
2025-12-27 04:38:38,error_rate,1.93
2025-12-27 05:38:38,error_rate,2.05
2025-12-27 06:38:38,error_rate,1.74
2025-12-27 07:38:38,error_rate,1.55
2025-12-27 08:38:38,error_rate,3.55
2025-12-27 09:38:38,error_rate,2.61
2025-12-27 10:38:38,error_rate,0.57
2025-12-27 11:38:38,error_rate,1.39
2025-12-27 12:38:38,error_rate,1.83
2025-12-27 13:38:38,error_rate,1.13
2025-12-27 14:38:38,error_rate,1.62
2025-12-27 15:38:38,error_rate,0.63
2025-12-27 16:38:38,error_rate,2.01
2025-12-27 17:38:38,error_rate,3.94
2025-12-27 18:38:38,error_rate,2.06
2025-12-27 19:38:38,error_rate,2.06
2025-12-27 20:38:38,error_rate,1.74
2025-12-27 21:38:38,error_rate,0.81
2025-12-27 22:38:38,error_rate,3.67
2025-12-27 23:38:38,error_rate,2.16
2025-12-28 00:38:38,error_rate,2.47
2025-12-28 01:38:38,error_rate,1.55
2025-12-28 02:38:38,error_rate,2.51
2025-12-28 03:38:38,error_rate,3.66
2025-12-28 04:38:38,error_rate,3.23
2025-12-28 05:38:38,error_rate,0.0
2025-12-28 06:38:38,error_rate,3.16
2025-12-28 07:38:38,error_rate,0.99
2025-12-28 08:38:38,error_rate,1.05
2025-12-28 09:38:38,error_rate,0.65
2025-12-28 10:38:38,error_rate,0.96
2025-12-28 11:38:38,error_rate,2.32
2025-12-28 12:38:38,error_rate,2.05
2025-12-28 13:38:38,error_rate,2.56
2025-12-28 14:38:38,error_rate,1.93
2025-12-28 15:38:38,error_rate,1.0
2025-12-28 16:38:38,error_rate,2.65
2025-12-28 17:38:38,error_rate,1.64
2025-12-28 18:38:38,error_rate,2.67
2025-12-28 19:38:38,error_rate,2.18
2025-12-28 20:38:38,error_rate,2.02
2025-12-28 21:38:38,error_rate,3.89
2025-12-28 22:38:38,error_rate,0.16
2025-12-28 23:38:38,error_rate,0.23
2025-12-29 00:38:38,error_rate,0.0
2025-12-29 01:38:38,error_rate,2.96
2025-12-29 02:38:38,error_rate,1.11
2025-12-29 03:38:38,error_rate,3.29
2025-12-29 04:38:38,error_rate,3.36
2025-12-29 05:38:38,error_rate,0.14
2025-12-29 06:38:38,error_rate,2.23
2025-12-29 07:38:38,error_rate,0.0
2025-12-29 08:38:38,error_rate,1.91
2025-12-29 09:38:38,error_rate,1.99
2025-12-29 10:38:38,error_rate,1.43
2025-12-29 11:38:38,error_rate,2.56
2025-12-29 12:38:38,error_rate,4.06
2025-12-29 13:38:38,error_rate,0.98
2025-12-29 14:38:38,error_rate,2.93
2025-12-29 15:38:38,error_rate,2.72
2025-12-29 16:38:38,error_rate,0.99
2025-12-29 17:38:38,error_rate,0.94
2025-12-29 18:38:38,error_rate,0.68
2025-12-29 19:38:38,error_rate,3.68
2025-12-29 20:38:38,error_rate,3.82
2025-12-29 21:38:38,error_rate,3.7
2025-12-29 22:38:38,error_rate,2.93
2025-12-29 23:38:38,error_rate,2.1
2025-12-30 00:38:38,error_rate,2.16
2025-12-30 01:38:38,error_rate,0.1
2025-12-30 02:38:38,error_rate,1.25
2025-12-30 03:38:38,error_rate,1.39
2025-12-30 04:38:38,error_rate,0.83
2025-12-30 05:38:38,error_rate,2.4
2025-12-30 06:38:38,error_rate,1.66
2025-12-30 07:38:38,error_rate,1.68
2025-12-30 08:38:38,error_rate,2.45
2025-12-30 09:38:38,error_rate,5.59
2025-12-30 10:38:38,error_rate,2.09
2025-12-30 11:38:38,error_rate,0.76
2025-12-30 12:38:38,error_rate,1.65
2025-12-30 13:38:38,error_rate,2.82
2025-12-30 14:38:38,error_rate,1.91
2025-12-30 15:38:38,error_rate,1.75
2025-12-30 16:38:38,error_rate,1.1
2025-12-30 17:38:38,error_rate,0.88
2025-12-30 18:38:38,error_rate,2.29
2025-12-30 19:38:38,error_rate,1.26
2025-12-30 20:38:38,error_rate,2.33
2025-12-30 21:38:38,error_rate,1.77
2025-12-30 22:38:38,error_rate,1.7
2025-12-30 23:38:38,error_rate,1.98
2025-12-31 00:38:38,error_rate,3.44
2025-12-31 01:38:38,error_rate,0.92
2025-12-31 02:38:38,error_rate,1.58
2025-12-31 03:38:38,error_rate,0.13
2025-12-31 04:38:38,error_rate,1.99
2025-12-31 05:38:38,error_rate,2.73
2025-12-31 06:38:38,error_rate,2.96
2025-12-31 07:38:38,error_rate,0.6
2025-12-31 08:38:38,error_rate,2.2
2025-12-31 09:38:38,error_rate,3.15
2025-12-31 10:38:38,error_rate,1.22
2025-12-31 11:38:38,error_rate,4.85
2025-12-31 12:38:38,error_rate,2.4
2025-12-31 13:38:38,error_rate,0.0
2025-12-31 14:38:38,error_rate,1.71
2025-12-31 15:38:38,error_rate,1.57
2025-12-31 16:38:38,error_rate,1.82
2025-12-31 17:38:38,error_rate,3.4
2025-12-31 18:38:38,error_rate,2.44
2025-12-31 19:38:38,error_rate,0.71
2025-12-31 20:38:38,error_rate,2.2
2025-12-31 21:38:38,error_rate,2.89
2025-12-31 22:38:38,error_rate,0.0
2025-12-31 23:38:38,error_rate,1.14
2026-01-01 00:38:38,error_rate,2.62
2026-01-01 01:38:38,error_rate,3.78
2026-01-01 02:38:38,error_rate,0.67
2026-01-01 03:38:38,error_rate,2.74
2026-01-01 04:38:38,error_rate,3.42
2026-01-01 05:38:38,error_rate,1.37
2026-01-01 06:38:38,error_rate,2.84
2026-01-01 07:38:38,error_rate,1.58
2026-01-01 08:38:38,error_rate,1.88
2026-01-01 09:38:38,error_rate,2.3
2026-01-01 10:38:38,error_rate,3.27
2026-01-01 11:38:38,error_rate,4.15
2026-01-01 12:38:38,error_rate,1.5
2026-01-01 13:38:38,error_rate,0.97
2026-01-01 14:38:38,error_rate,3.22
2026-01-01 15:38:38,error_rate,2.75
2026-01-01 16:38:38,error_rate,2.41
2026-01-01 17:38:38,error_rate,2.93
2026-01-01 18:38:38,error_rate,1.6
2026-01-01 19:38:38,error_rate,6.96
2026-01-01 20:38:38,error_rate,3.5
2026-01-01 21:38:38,error_rate,5.32
2026-01-01 22:38:38,error_rate,3.36
2026-01-01 23:38:38,error_rate,3.34
2026-01-02 00:38:38,error_rate,1.63
2026-01-02 01:38:38,error_rate,1.67
2026-01-02 02:38:38,error_rate,3.31
2026-01-02 03:38:38,error_rate,3.4
2026-01-02 04:38:38,error_rate,2.95
2026-01-02 05:38:38,error_rate,0.73
2026-01-02 06:38:38,error_rate,3.99
2026-01-02 07:38:38,error_rate,2.1
2026-01-02 08:38:38,error_rate,1.89
2026-01-02 09:38:38,error_rate,2.95
2026-01-02 10:38:38,error_rate,2.32
2026-01-02 11:38:38,error_rate,1.54
2026-01-02 12:38:38,error_rate,3.57
2026-01-02 13:38:38,error_rate,1.89
2026-01-02 14:38:38,error_rate,2.07
2026-01-02 15:38:38,error_rate,3.56
2026-01-02 16:38:38,error_rate,2.88
2026-01-02 17:38:38,error_rate,2.59
2026-01-02 18:38:38,error_rate,1.49
2026-01-02 19:38:38,error_rate,2.38
2026-01-02 20:38:38,error_rate,2.44
2026-01-02 21:38:38,error_rate,2.41
2026-01-02 22:38:38,error_rate,1.92
2026-01-02 23:38:38,error_rate,1.22
2026-01-03 00:38:38,error_rate,3.03
2026-01-03 01:38:38,error_rate,1.45
2026-01-03 02:38:38,error_rate,2.02
2026-01-03 03:38:38,error_rate,0.0
2026-01-03 04:38:38,error_rate,2.85
2026-01-03 05:38:38,error_rate,1.06
2026-01-03 06:38:38,error_rate,2.44
2026-01-03 07:38:38,error_rate,0.77
2026-01-03 08:38:38,error_rate,1.79
2026-01-03 09:38:38,error_rate,1.7
2026-01-03 10:38:38,error_rate,1.07
2026-01-03 11:38:38,error_rate,2.22
2026-01-03 12:38:38,error_rate,0.58
2026-01-03 13:38:38,error_rate,2.72
2026-01-03 14:38:38,error_rate,2.78
2026-01-03 15:38:38,error_rate,1.16
2026-01-03 16:38:38,error_rate,3.32
2026-01-03 17:38:38,error_rate,1.81
2026-01-03 18:38:38,error_rate,0.98
2026-01-03 19:38:38,error_rate,0.3
2026-01-03 20:38:38,error_rate,0.0
2026-01-03 21:38:38,error_rate,3.26
2026-01-03 22:38:38,error_rate,0.0
2026-01-03 23:38:38,error_rate,1.57
2026-01-04 00:38:38,error_rate,0.0
2026-01-04 01:38:38,error_rate,0.0
2026-01-04 02:38:38,error_rate,2.95
2026-01-04 03:38:38,error_rate,1.97
2026-01-04 04:38:38,error_rate,2.04
2026-01-04 05:38:38,error_rate,0.88
2026-01-04 06:38:38,error_rate,1.65
2026-01-04 07:38:38,error_rate,0.65
2026-01-04 08:38:38,error_rate,1.56
2026-01-04 09:38:38,error_rate,0.0
2026-01-04 10:38:38,error_rate,0.83
2026-01-04 11:38:38,error_rate,2.18
2026-01-04 12:38:38,error_rate,1.87
2026-01-04 13:38:38,error_rate,1.43
2026-01-04 14:38:38,error_rate,1.17
2026-01-04 15:38:38,error_rate,1.71
2026-01-04 16:38:38,error_rate,1.48
2026-01-04 17:38:38,error_rate,2.38
2026-01-04 18:38:38,error_rate,3.1
2026-01-04 19:38:38,error_rate,2.63
2026-01-04 20:38:38,error_rate,2.75
2026-01-04 21:38:38,error_rate,0.0
2026-01-04 22:38:38,error_rate,2.03
2026-01-04 23:38:38,error_rate,2.22
2026-01-05 00:38:38,error_rate,2.91
2026-01-05 01:38:38,error_rate,3.02
2026-01-05 02:38:38,error_rate,3.34
2026-01-05 03:38:38,error_rate,1.5
2026-01-05 04:38:38,error_rate,6.18
2026-01-05 05:38:38,error_rate,3.47
2026-01-05 06:38:38,error_rate,0.44
2026-01-05 07:38:38,error_rate,0.56
2026-01-05 08:38:38,error_rate,2.33
2026-01-05 09:38:38,error_rate,0.0
2026-01-05 10:38:38,error_rate,1.13
2026-01-05 11:38:38,error_rate,1.76
2026-01-05 12:38:38,error_rate,2.77
2026-01-05 13:38:38,error_rate,3.28
2026-01-05 14:38:38,error_rate,1.09
2026-01-05 15:38:38,error_rate,1.82
2026-01-05 16:38:38,error_rate,2.36
2026-01-05 17:38:38,error_rate,1.64
2026-01-05 18:38:38,error_rate,1.54
2026-01-05 19:38:38,error_rate,2.49
2026-01-05 20:38:38,error_rate,5.07
2026-01-05 21:38:38,error_rate,2.87
2026-01-05 22:38:38,error_rate,0.63
2026-01-05 23:38:38,error_rate,1.68
2026-01-06 00:38:38,error_rate,4.0
2026-01-06 01:38:38,error_rate,2.72
2026-01-06 02:38:38,error_rate,0.82
2026-01-06 03:38:38,error_rate,0.92
2026-01-06 04:38:38,error_rate,0.34
2026-01-06 05:38:38,error_rate,1.23
2026-01-06 06:38:38,error_rate,3.97
2026-01-06 07:38:38,error_rate,1.54
2026-01-06 08:38:38,error_rate,1.76
2026-01-06 09:38:38,error_rate,3.51
2026-01-06 10:38:38,error_rate,2.26
2026-01-06 11:38:38,error_rate,2.29
2026-01-06 12:38:38,error_rate,2.93
2026-01-06 13:38:38,error_rate,2.7
2026-01-06 14:38:38,error_rate,3.54
2026-01-06 15:38:38,error_rate,3.14
2026-01-06 16:38:38,error_rate,0.0
2026-01-06 17:38:38,error_rate,1.76
2026-01-06 18:38:38,error_rate,2.44
2026-01-06 19:38:38,error_rate,3.59
2026-01-06 20:38:38,error_rate,1.62
2026-01-06 21:38:38,error_rate,2.53
2026-01-06 22:38:38,error_rate,3.92
2026-01-06 23:38:38,error_rate,6.97
2026-01-07 00:38:38,error_rate,1.02
2026-01-07 01:38:38,error_rate,2.39
2026-01-07 02:38:38,error_rate,2.82
2026-01-07 03:38:38,error_rate,3.08
2026-01-07 04:38:38,error_rate,2.64
2026-01-07 05:38:38,error_rate,2.39
2026-01-07 06:38:38,error_rate,2.49
2026-01-07 07:38:38,error_rate,0.79
2026-01-07 08:38:38,error_rate,1.15
2026-01-07 09:38:38,error_rate,4.48
2026-01-07 10:38:38,error_rate,3.12
2026-01-07 11:38:38,error_rate,1.91
2026-01-07 12:38:38,error_rate,2.5
2026-01-07 13:38:38,error_rate,1.49
2026-01-07 14:38:38,error_rate,2.58
2026-01-07 15:38:38,error_rate,2.98
2026-01-07 16:38:38,error_rate,3.31
2026-01-07 17:38:38,error_rate,2.33
2026-01-07 18:38:38,error_rate,0.77
2026-01-07 19:38:38,error_rate,0.0
2026-01-07 20:38:38,error_rate,2.48
2026-01-07 21:38:38,error_rate,2.49
2026-01-07 22:38:38,error_rate,3.49
2026-01-07 23:38:38,error_rate,1.22
2026-01-08 00:38:38,error_rate,1.58
2026-01-08 01:38:38,error_rate,3.05
2026-01-08 02:38:38,error_rate,3.07
2026-01-08 03:38:38,error_rate,4.04
2026-01-08 04:38:38,error_rate,3.04
2026-01-08 05:38:38,error_rate,2.65
2026-01-08 06:38:38,error_rate,5.14
2026-01-08 07:38:38,error_rate,2.2
2026-01-08 08:38:38,error_rate,1.02
2026-01-08 09:38:38,error_rate,1.68
2026-01-08 10:38:38,error_rate,0.47
2026-01-08 11:38:38,error_rate,1.26
2026-01-08 12:38:38,error_rate,0.0
2026-01-08 13:38:38,error_rate,2.0
2026-01-08 14:38:38,error_rate,1.76
2026-01-08 15:38:38,error_rate,1.62
2026-01-08 16:38:38,error_rate,2.09
2026-01-08 17:38:38,error_rate,2.16
2026-01-08 18:38:38,error_rate,2.52
2026-01-08 19:38:38,error_rate,2.76
2026-01-08 20:38:38,error_rate,0.06
2026-01-08 21:38:38,error_rate,1.33
2026-01-08 22:38:38,error_rate,3.29
2026-01-08 23:38:38,error_rate,2.99
2026-01-09 00:38:38,error_rate,1.81
2026-01-09 01:38:38,error_rate,0.0
2026-01-09 02:38:38,error_rate,1.94
2026-01-09 03:38:38,error_rate,2.58
2026-01-09 04:38:38,error_rate,3.53
2026-01-09 05:38:38,error_rate,3.34
2026-01-09 06:38:38,error_rate,2.18
2026-01-09 07:38:38,error_rate,2.82
2026-01-09 08:38:38,error_rate,2.42
2026-01-09 09:38:38,error_rate,5.68
2026-01-09 10:38:38,error_rate,1.21
2026-01-09 11:38:38,error_rate,1.58
2026-01-09 12:38:38,error_rate,2.11
2026-01-09 13:38:38,error_rate,2.76
2026-01-09 14:38:38,error_rate,2.37
2026-01-09 15:38:38,error_rate,1.55
2026-01-09 16:38:38,error_rate,2.06
2026-01-09 17:38:38,error_rate,0.83
2026-01-09 18:38:38,error_rate,1.85
2026-01-09 19:38:38,error_rate,1.72
2026-01-09 20:38:38,error_rate,0.0
2026-01-09 21:38:38,error_rate,3.18
2026-01-09 22:38:38,error_rate,2.22
2026-01-09 23:38:38,error_rate,1.87
2026-01-10 00:38:38,error_rate,2.0
2026-01-10 01:38:38,error_rate,1.85
2026-01-10 02:38:38,error_rate,0.99
2026-01-10 03:38:38,error_rate,2.74
2026-01-10 04:38:38,error_rate,0.0
2026-01-10 05:38:38,error_rate,1.56
2026-01-10 06:38:38,error_rate,1.28
2026-01-10 07:38:38,error_rate,1.58
2026-01-10 08:38:38,error_rate,0.0
2026-01-10 09:38:38,error_rate,2.72
2026-01-10 10:38:38,error_rate,1.88
2026-01-10 11:38:38,error_rate,2.01
2026-01-10 12:38:38,error_rate,2.65
2026-01-10 13:38:38,error_rate,2.58
2026-01-10 14:38:38,error_rate,2.5
2026-01-10 15:38:38,error_rate,2.03
2026-01-10 16:38:38,error_rate,3.11
2026-01-10 17:38:38,error_rate,1.25
2026-01-10 18:38:38,error_rate,1.87
2026-01-10 19:38:38,error_rate,1.61
2026-01-10 20:38:38,error_rate,5.65
2026-01-10 21:38:38,error_rate,0.82
2026-01-10 22:38:38,error_rate,0.8
2026-01-10 23:38:38,error_rate,1.89
2026-01-11 00:38:38,error_rate,0.0
2026-01-11 01:38:38,error_rate,2.53
2026-01-11 02:38:38,error_rate,1.68
2026-01-11 03:38:38,error_rate,0.5
2026-01-11 04:38:38,error_rate,4.47
2026-01-11 05:38:38,error_rate,0.44
2026-01-11 06:38:38,error_rate,1.46
2026-01-11 07:38:38,error_rate,3.03
2026-01-11 08:38:38,error_rate,1.28
2026-01-11 09:38:38,error_rate,1.19
2026-01-11 10:38:38,error_rate,0.29
2026-01-11 11:38:38,error_rate,2.77
2026-01-11 12:38:38,error_rate,3.68
2026-01-11 13:38:38,error_rate,1.01
2026-01-11 14:38:38,error_rate,0.47
2026-01-11 15:38:38,error_rate,1.95
2026-01-11 16:38:38,error_rate,1.37
2026-01-11 17:38:38,error_rate,1.91
2026-01-11 18:38:38,error_rate,0.84
2026-01-11 19:38:38,error_rate,1.23
2026-01-11 20:38:38,error_rate,3.72
2026-01-11 21:38:38,error_rate,0.42
2026-01-11 22:38:38,error_rate,0.0
2026-01-11 23:38:38,error_rate,2.08
2026-01-12 00:38:38,error_rate,2.95
2026-01-12 01:38:38,error_rate,1.92
2026-01-12 02:38:38,error_rate,0.96
2026-01-12 03:38:38,error_rate,2.37
2026-01-12 04:38:38,error_rate,1.02
2026-01-12 05:38:38,error_rate,1.41
2026-01-12 06:38:38,error_rate,3.07
2026-01-12 07:38:38,error_rate,1.32
2026-01-12 08:38:38,error_rate,1.04
2026-01-12 09:38:38,error_rate,1.46
2026-01-12 10:38:38,error_rate,2.51
2026-01-12 11:38:38,error_rate,0.18
2026-01-12 12:38:38,error_rate,5.91
2026-01-12 13:38:38,error_rate,1.54
2026-01-12 14:38:38,error_rate,3.5
2026-01-12 15:38:38,error_rate,1.51
2026-01-12 16:38:38,error_rate,3.57
2026-01-12 17:38:38,error_rate,0.17
2026-01-12 18:38:38,error_rate,1.59
2026-01-12 19:38:38,error_rate,2.81
2026-01-12 20:38:38,error_rate,2.44
2026-01-12 21:38:38,error_rate,5.05
2026-01-12 22:38:38,error_rate,0.0
2026-01-12 23:38:38,error_rate,2.53
2026-01-13 00:38:38,error_rate,2.1
2026-01-13 01:38:38,error_rate,0.0
2026-01-13 02:38:38,error_rate,2.41
2026-01-13 03:38:38,error_rate,0.81
2026-01-13 04:38:38,error_rate,2.0
2026-01-13 05:38:38,error_rate,0.0
2026-01-13 06:38:38,error_rate,2.98
2026-01-13 07:38:38,error_rate,0.0
2026-01-13 08:38:38,error_rate,6.93
2026-01-13 09:38:38,error_rate,2.09
2026-01-13 10:38:38,error_rate,0.0
2026-01-13 11:38:38,error_rate,1.37
2026-01-13 12:38:38,error_rate,2.94
2026-01-13 13:38:38,error_rate,5.89
2026-01-13 14:38:38,error_rate,1.8
2026-01-13 15:38:38,error_rate,3.59
2026-01-13 16:38:38,error_rate,2.74
2026-01-13 17:38:38,error_rate,2.5
2026-01-13 18:38:38,error_rate,1.81
2026-01-13 19:38:38,error_rate,1.88
2026-01-13 20:38:38,error_rate,1.15
2026-01-13 21:38:38,error_rate,1.98
2026-01-13 22:38:38,error_rate,1.91
2026-01-13 23:38:38,error_rate,2.31
2026-01-14 00:38:38,error_rate,2.28
2026-01-14 01:38:38,error_rate,1.24
2026-01-14 02:38:38,error_rate,5.76
2026-01-14 03:38:38,error_rate,1.22
2026-01-14 04:38:38,error_rate,0.67
2026-01-14 05:38:38,error_rate,0.45
2026-01-14 06:38:38,error_rate,2.31
2026-01-14 07:38:38,error_rate,2.04
2026-01-14 08:38:38,error_rate,0.46
2026-01-14 09:38:38,error_rate,5.06
2026-01-14 10:38:38,error_rate,0.67
2026-01-14 11:38:38,error_rate,2.56
2026-01-14 12:38:38,error_rate,0.0
2026-01-14 13:38:38,error_rate,2.55
2026-01-14 14:38:38,error_rate,2.15
2026-01-14 15:38:38,error_rate,0.04
2026-01-14 16:38:38,error_rate,0.31
2026-01-14 17:38:38,error_rate,0.03
2026-01-14 18:38:38,error_rate,1.26
2026-01-14 19:38:38,error_rate,2.71
2026-01-14 20:38:38,error_rate,1.51
2026-01-14 21:38:38,error_rate,2.55
2026-01-14 22:38:38,error_rate,1.47
2026-01-14 23:38:38,error_rate,2.56
2026-01-15 00:38:38,error_rate,2.72
2026-01-15 01:38:38,error_rate,0.0
2026-01-15 02:38:38,error_rate,0.97
2026-01-15 03:38:38,error_rate,2.55
2026-01-15 04:38:38,error_rate,0.32
2026-01-15 05:38:38,error_rate,1.91
2026-01-15 06:38:38,error_rate,1.44
2026-01-15 07:38:38,error_rate,1.72
2026-01-15 08:38:38,error_rate,5.23
2026-01-15 09:38:38,error_rate,2.3
2026-01-15 10:38:38,error_rate,2.59
2026-01-15 11:38:38,error_rate,2.33
2026-01-15 12:38:38,error_rate,3.65
2026-01-15 13:38:38,error_rate,3.0
2026-01-15 14:38:38,error_rate,3.18
2026-01-15 15:38:38,error_rate,0.71
2026-01-15 16:38:38,error_rate,0.87
2026-01-15 17:38:38,error_rate,2.7
2026-01-15 18:38:38,error_rate,2.58
2026-01-15 19:38:38,error_rate,0.68
2026-01-15 20:38:38,error_rate,1.89
2026-01-15 21:38:38,error_rate,2.0
2026-01-15 22:38:38,error_rate,2.03
2026-01-15 23:38:38,error_rate,4.11
2026-01-16 00:38:38,error_rate,3.56
2026-01-16 01:38:38,error_rate,1.0
2026-01-16 02:38:38,error_rate,2.89
2026-01-16 03:38:38,error_rate,0.93
2026-01-16 04:38:38,error_rate,2.43
2026-01-16 05:38:38,error_rate,2.53
2026-01-16 06:38:38,error_rate,1.09
2026-01-16 07:38:38,error_rate,1.19
2026-01-16 08:38:38,error_rate,2.43
2026-01-16 09:38:38,error_rate,3.03
2026-01-16 10:38:38,error_rate,2.69
2026-01-16 11:38:38,error_rate,2.01
2026-01-16 12:38:38,error_rate,1.78
2026-01-16 13:38:38,error_rate,1.23
2026-01-16 14:38:38,error_rate,1.92
2026-01-16 15:38:38,error_rate,0.32
2026-01-16 16:38:38,error_rate,0.1
2026-01-16 17:38:38,error_rate,1.55
2026-01-16 18:38:38,error_rate,1.97
2026-01-16 19:38:38,error_rate,3.15
2026-01-16 20:38:38,error_rate,2.54
2026-01-16 21:38:38,error_rate,1.0
2026-01-16 22:38:38,error_rate,2.76
2026-01-16 23:38:38,error_rate,0.97
2026-01-17 00:38:38,error_rate,1.57
2026-01-17 01:38:38,error_rate,1.24
2026-01-17 02:38:38,error_rate,1.64
2026-01-17 03:38:38,error_rate,3.95
2026-01-17 04:38:38,error_rate,2.13
2026-01-17 05:38:38,error_rate,4.34
2026-01-17 06:38:38,error_rate,0.66
2026-01-17 07:38:38,error_rate,0.74
2026-01-17 08:38:38,error_rate,6.09
2026-01-17 09:38:38,error_rate,1.64
2026-01-17 10:38:38,error_rate,2.14
2026-01-17 11:38:38,error_rate,2.3
2026-01-17 12:38:38,error_rate,3.03
2026-01-17 13:38:38,error_rate,2.56
2026-01-17 14:38:38,error_rate,3.61
2026-01-17 15:38:38,error_rate,0.34
2026-01-17 16:38:38,error_rate,1.37
2026-01-17 17:38:38,error_rate,2.44
2026-01-17 18:38:38,error_rate,1.53
2026-01-17 19:38:38,error_rate,1.9
2026-01-17 20:38:38,error_rate,3.68
2026-01-17 21:38:38,error_rate,6.72
2026-01-17 22:38:38,error_rate,2.54
2026-01-17 23:38:38,error_rate,2.06
2026-01-18 00:38:38,error_rate,1.97
2026-01-18 01:38:38,error_rate,0.0
2026-01-18 02:38:38,error_rate,1.12
2026-01-18 03:38:38,error_rate,1.77
2026-01-18 04:38:38,error_rate,1.49
2026-01-18 05:38:38,error_rate,1.67
2026-01-18 06:38:38,error_rate,4.16
2026-01-18 07:38:38,error_rate,2.87
2026-01-18 08:38:38,error_rate,0.0
2026-01-18 09:38:38,error_rate,2.53
2026-01-18 10:38:38,error_rate,2.64
2026-01-18 11:38:38,error_rate,2.72
2026-01-18 12:38:38,error_rate,1.44
2026-01-18 13:38:38,error_rate,3.16
2026-01-18 14:38:38,error_rate,1.98
2026-01-18 15:38:38,error_rate,3.51
2026-01-18 16:38:38,error_rate,6.96
2026-01-18 17:38:38,error_rate,3.3
2026-01-18 18:38:38,error_rate,1.82
2026-01-18 19:38:38,error_rate,0.84
2026-01-18 20:38:38,error_rate,2.88
2026-01-18 21:38:38,error_rate,0.57
2026-01-18 22:38:38,error_rate,0.63
2026-01-18 23:38:38,error_rate,3.96
2026-01-19 00:38:38,error_rate,3.11
2026-01-19 01:38:38,error_rate,2.1
2026-01-19 02:38:38,error_rate,2.53
2026-01-19 03:38:38,error_rate,1.1
2026-01-19 04:38:38,error_rate,2.21
2026-01-19 05:38:38,error_rate,0.93
2026-01-19 06:38:38,error_rate,0.91
2026-01-19 07:38:38,error_rate,2.94
2026-01-19 08:38:38,error_rate,1.58
2026-01-19 09:38:38,error_rate,1.42
2026-01-19 10:38:38,error_rate,2.42
2026-01-19 11:38:38,error_rate,1.38
2026-01-19 12:38:38,error_rate,1.79
2026-01-19 13:38:38,error_rate,3.77
2026-01-19 14:38:38,error_rate,0.62
2026-01-19 15:38:38,error_rate,3.57
2026-01-19 16:38:38,error_rate,5.14
2026-01-19 17:38:38,error_rate,0.69
2026-01-19 18:38:38,error_rate,0.81
2026-01-19 19:38:38,error_rate,2.62
2026-01-19 20:38:38,error_rate,0.0
2026-01-19 21:38:38,error_rate,2.13
2026-01-19 22:38:38,error_rate,1.25
2026-01-19 23:38:38,error_rate,3.34
2026-01-20 00:38:38,error_rate,1.65
2026-01-20 01:38:38,error_rate,2.29
2026-01-20 02:38:38,error_rate,2.76
2026-01-20 03:38:38,error_rate,2.52
2026-01-20 04:38:38,error_rate,2.03
2026-01-20 05:38:38,error_rate,2.81
2026-01-20 06:38:38,error_rate,0.5
2026-01-20 07:38:38,error_rate,3.11
2026-01-20 08:38:38,error_rate,1.72
2026-01-20 09:38:38,error_rate,2.67
2026-01-20 10:38:38,error_rate,1.99
2026-01-20 11:38:38,error_rate,1.42
2026-01-20 12:38:38,error_rate,1.91
2026-01-20 13:38:38,error_rate,2.32
2026-01-20 14:38:38,error_rate,2.48
2026-01-20 15:38:38,error_rate,2.34
2026-01-20 16:38:38,error_rate,1.35
2026-01-20 17:38:38,error_rate,1.01
2026-01-20 18:38:38,error_rate,1.1
2026-01-20 19:38:38,error_rate,1.78
2026-01-20 20:38:38,error_rate,2.66
2026-01-20 21:38:38,error_rate,2.73
2026-01-20 22:38:38,error_rate,1.47
2026-01-20 23:38:38,error_rate,2.03
2026-01-21 00:38:38,error_rate,0.58
2026-01-21 01:38:38,error_rate,1.65
2026-01-21 02:38:38,error_rate,1.46
2026-01-21 03:38:38,error_rate,1.24
2026-01-21 04:38:38,error_rate,2.14
2026-01-21 05:38:38,error_rate,3.81
2026-01-21 06:38:38,error_rate,2.09
2026-01-21 07:38:38,error_rate,3.19
2026-01-21 08:38:38,error_rate,2.94
2026-01-21 09:38:38,error_rate,1.51
2026-01-21 10:38:38,error_rate,2.82
2026-01-21 11:38:38,error_rate,3.89
2026-01-21 12:38:38,error_rate,0.82
2026-01-21 13:38:38,error_rate,2.94
2026-01-21 14:38:38,error_rate,1.96
2026-01-21 15:38:38,error_rate,1.36
2026-01-21 16:38:38,error_rate,2.42
2026-01-21 17:38:38,error_rate,2.45
2026-01-21 18:38:38,error_rate,4.48
2026-01-21 19:38:38,error_rate,1.4
2026-01-21 20:38:38,error_rate,2.09
2026-01-21 21:38:38,error_rate,2.07
2026-01-21 22:38:38,error_rate,1.39
2026-01-21 23:38:38,error_rate,1.12
2026-01-22 00:38:38,error_rate,1.62
2026-01-22 01:38:38,error_rate,1.92
2026-01-22 02:38:38,error_rate,1.06
2026-01-22 03:38:38,error_rate,3.0
2026-01-22 04:38:38,error_rate,2.55
2026-01-22 05:38:38,error_rate,0.85
2026-01-22 06:38:38,error_rate,1.61
2026-01-22 07:38:38,error_rate,2.16
2026-01-22 08:38:38,error_rate,2.76
2026-01-22 09:38:38,error_rate,1.93
2026-01-22 10:38:38,error_rate,2.69
2026-01-22 11:38:38,error_rate,2.36
2026-01-22 12:38:38,error_rate,2.82
2026-01-22 13:38:38,error_rate,1.27
2026-01-22 14:38:38,error_rate,2.58
2026-01-22 15:38:38,error_rate,1.96
2026-01-22 16:38:38,error_rate,0.0
2026-01-22 17:38:38,error_rate,3.16
2026-01-22 18:38:38,error_rate,1.25
2026-01-22 19:38:38,error_rate,2.38
2026-01-22 20:38:38,error_rate,2.09
2026-01-22 21:38:38,error_rate,1.86
2026-01-22 22:38:38,error_rate,1.65
2026-01-22 23:38:38,error_rate,1.72
2026-01-23 00:38:38,error_rate,3.72
2026-01-23 01:38:38,error_rate,1.83
2026-01-23 02:38:38,error_rate,3.63
2026-01-23 03:38:38,error_rate,1.86
2026-01-23 04:38:38,error_rate,2.2
2026-01-23 05:38:38,error_rate,6.68
2026-01-23 06:38:38,error_rate,3.7
2026-01-23 07:38:38,error_rate,1.23
2026-01-23 08:38:38,error_rate,1.61
2026-01-23 09:38:38,error_rate,1.92
2026-01-23 10:38:38,error_rate,1.86
2026-01-23 11:38:38,error_rate,2.5
2026-01-23 12:38:38,error_rate,1.22
2026-01-23 13:38:38,error_rate,1.06
2026-01-23 14:38:38,error_rate,1.19
2026-01-23 15:38:38,error_rate,3.0
2026-01-23 16:38:38,error_rate,2.52
2026-01-23 17:38:38,error_rate,1.3
2026-01-23 18:38:38,error_rate,0.38
2026-01-23 19:38:38,error_rate,1.89
2026-01-23 20:38:38,error_rate,1.87
2026-01-23 21:38:38,error_rate,1.7
2026-01-23 22:38:38,error_rate,1.63
2026-01-23 23:38:38,error_rate,3.41
2026-01-24 00:38:38,error_rate,1.46
2026-01-24 01:38:38,error_rate,2.51
2026-01-24 02:38:38,error_rate,1.28
2026-01-24 03:38:38,error_rate,2.43
2026-01-24 04:38:38,error_rate,1.26
2026-01-24 05:38:38,error_rate,0.74
2026-01-24 06:38:38,error_rate,0.0
2026-01-24 07:38:38,error_rate,1.76
2026-01-24 08:38:38,error_rate,1.95
2026-01-24 09:38:38,error_rate,1.87
2026-01-24 10:38:38,error_rate,2.1
2026-01-24 11:38:38,error_rate,1.76
2026-01-24 12:38:38,error_rate,1.85
2026-01-24 13:38:38,error_rate,1.62
2026-01-24 14:38:38,error_rate,1.03
2026-01-24 15:38:38,error_rate,1.73
2026-01-24 16:38:38,error_rate,2.98
2026-01-24 17:38:38,error_rate,2.0
2026-01-24 18:38:38,error_rate,3.28
2026-01-24 19:38:38,error_rate,2.51
2026-01-24 20:38:38,error_rate,1.99
2026-01-24 21:38:38,error_rate,1.4
2026-01-24 22:38:38,error_rate,0.74
2026-01-24 23:38:38,error_rate,1.81
2026-01-25 00:38:38,error_rate,3.79
2026-01-25 01:38:38,error_rate,3.22
2026-01-25 02:38:38,error_rate,0.72
2026-01-25 03:38:38,error_rate,1.2
2026-01-25 04:38:38,error_rate,2.2
2026-01-25 05:38:38,error_rate,3.81
2026-01-25 06:38:38,error_rate,0.0
2026-01-25 07:38:38,error_rate,2.26
2026-01-25 08:38:38,error_rate,2.88
2026-01-25 09:38:38,error_rate,2.15
2026-01-25 10:38:38,error_rate,3.7
2026-01-25 11:38:38,error_rate,1.42
2026-01-25 12:38:38,error_rate,1.81
2026-01-25 13:38:38,error_rate,2.02
2026-01-25 14:38:38,error_rate,1.89
2026-01-25 15:38:38,error_rate,4.16
2026-01-25 16:38:38,error_rate,2.17
2026-01-25 17:38:38,error_rate,5.8
2026-01-25 18:38:38,error_rate,1.76
2026-01-25 19:38:38,error_rate,3.14
2026-01-25 20:38:38,error_rate,2.26
2026-01-25 21:38:38,error_rate,1.26
2026-01-25 22:38:38,error_rate,1.96
2026-01-25 23:38:38,error_rate,2.61
2026-01-26 00:38:38,error_rate,0.0
2026-01-26 01:38:38,error_rate,2.04
2026-01-26 02:38:38,error_rate,0.65
2026-01-26 03:38:38,error_rate,2.21
2026-01-26 04:38:38,error_rate,2.56
2026-01-26 05:38:38,error_rate,1.73
2026-01-26 06:38:38,error_rate,3.26
2026-01-26 07:38:38,error_rate,2.21
2026-01-26 08:38:38,error_rate,1.58
2026-01-26 09:38:38,error_rate,2.85
2026-01-26 10:38:38,error_rate,1.52
2026-01-26 11:38:38,error_rate,1.66
2026-01-26 12:38:38,error_rate,0.18
2026-01-26 13:38:38,error_rate,2.19
2026-01-26 14:38:38,error_rate,0.0
2026-01-26 15:38:38,error_rate,3.14
2026-01-26 16:38:38,error_rate,2.4
2026-01-26 17:38:38,error_rate,0.07
2026-01-26 18:38:38,error_rate,2.58
2026-01-26 19:38:38,error_rate,3.74
2026-01-26 20:38:38,error_rate,2.59
2026-01-26 21:38:38,error_rate,2.22
2026-01-26 22:38:38,error_rate,1.14
2026-01-26 23:38:38,error_rate,0.0
2026-01-27 00:38:38,error_rate,2.55
2026-01-27 01:38:38,error_rate,2.61
2026-01-27 02:38:38,error_rate,3.38
2026-01-27 03:38:38,error_rate,1.4
2026-01-27 04:38:38,error_rate,0.53
2026-01-27 05:38:38,error_rate,3.01
2026-01-27 06:38:38,error_rate,3.49
2026-01-27 07:38:38,error_rate,0.0
2026-01-27 08:38:38,error_rate,2.28
2026-01-27 09:38:38,error_rate,2.7
2026-01-27 10:38:38,error_rate,0.47
2026-01-27 11:38:38,error_rate,1.61
2026-01-27 12:38:38,error_rate,2.86
2026-01-27 13:38:38,error_rate,2.32
2026-01-27 14:38:38,error_rate,2.8
2026-01-27 15:38:38,error_rate,2.0
2026-01-27 16:38:38,error_rate,3.58
2026-01-27 17:38:38,error_rate,2.53
2026-01-27 18:38:38,error_rate,2.67
2026-01-27 19:38:38,error_rate,2.12
2026-01-27 20:38:38,error_rate,4.31
2026-01-27 21:38:38,error_rate,1.49
2026-01-27 22:38:38,error_rate,2.0
2026-01-27 23:38:38,error_rate,6.39
2026-01-28 00:38:38,error_rate,2.86
2026-01-28 01:38:38,error_rate,1.58
2026-01-28 02:38:38,error_rate,1.32
2026-01-28 03:38:38,error_rate,3.06
2026-01-28 04:38:38,error_rate,1.59
2026-01-28 05:38:38,error_rate,0.37
2026-01-28 06:38:38,error_rate,2.42
2026-01-28 07:38:38,error_rate,1.64
2026-01-28 08:38:38,error_rate,3.54
2026-01-28 09:38:38,error_rate,2.58
2026-01-28 10:38:38,error_rate,3.48
2026-01-28 11:38:38,error_rate,2.78
2026-01-28 12:38:38,error_rate,3.09
2026-01-28 13:38:38,error_rate,2.36
2026-01-28 14:38:38,error_rate,2.85
2026-01-28 15:38:38,error_rate,5.58
2026-01-28 16:38:38,error_rate,2.77
2026-01-28 17:38:38,error_rate,2.22
2026-01-28 18:38:38,error_rate,1.15
2026-01-28 19:38:38,error_rate,0.58
2026-01-28 20:38:38,error_rate,2.01
2026-01-28 21:38:38,error_rate,2.92
2026-01-28 22:38:38,error_rate,0.0
2026-01-28 23:38:38,error_rate,1.92
2026-01-29 00:38:38,error_rate,2.88
2026-01-29 01:38:38,error_rate,4.7
2026-01-29 02:38:38,error_rate,0.67
2026-01-29 03:38:38,error_rate,1.3
2026-01-29 04:38:38,error_rate,2.52
2026-01-29 05:38:38,error_rate,5.6
2026-01-29 06:38:38,error_rate,0.65
2026-01-29 07:38:38,error_rate,2.04
2026-01-29 08:38:38,error_rate,1.21
2026-01-29 09:38:38,error_rate,2.7
2026-01-29 10:38:38,error_rate,1.5
2026-01-29 11:38:38,error_rate,1.99
2026-01-29 12:38:38,error_rate,3.46
2026-01-29 13:38:38,error_rate,1.75
2026-01-29 14:38:38,error_rate,1.98
2026-01-29 15:38:38,error_rate,2.25
2026-01-29 16:38:38,error_rate,0.85
2026-01-29 17:38:38,error_rate,2.3
2026-01-29 18:38:38,error_rate,2.33
2026-01-29 19:38:38,error_rate,1.99
2026-01-29 20:38:38,error_rate,2.71
2026-01-29 21:38:38,error_rate,0.89
2026-01-29 22:38:38,error_rate,1.36
2026-01-29 23:38:38,error_rate,1.09
2026-01-30 00:38:38,error_rate,1.92
2026-01-30 01:38:38,error_rate,2.28
2026-01-30 02:38:38,error_rate,1.12
2026-01-30 03:38:38,error_rate,3.23
2026-01-30 04:38:38,error_rate,1.35
2026-01-30 05:38:38,error_rate,2.5
2026-01-30 06:38:38,error_rate,0.84
2026-01-30 07:38:38,error_rate,2.09
2026-01-30 08:38:38,error_rate,3.36
2026-01-30 09:38:38,error_rate,2.2
2026-01-30 10:38:38,error_rate,2.14
2026-01-30 11:38:38,error_rate,0.0
2026-01-30 12:38:38,error_rate,2.31
2026-01-30 13:38:38,error_rate,2.43
2026-01-30 14:38:38,error_rate,0.91
2026-01-30 15:38:38,error_rate,0.56
2026-01-30 16:38:38,error_rate,1.53
2026-01-30 17:38:38,error_rate,0.0
2026-01-30 18:38:38,error_rate,0.61
2026-01-30 19:38:38,error_rate,0.0
2026-01-30 20:38:38,error_rate,1.83
2026-01-30 21:38:38,error_rate,2.32
2026-01-30 22:38:38,error_rate,3.76
2026-01-30 23:38:38,error_rate,1.35
2026-01-31 00:38:38,error_rate,2.06
2026-01-31 01:38:38,error_rate,1.88
2026-01-31 02:38:38,error_rate,2.36
2026-01-31 03:38:38,error_rate,1.69
2026-01-31 04:38:38,error_rate,2.59
2026-01-31 05:38:38,error_rate,1.06
2026-01-31 06:38:38,error_rate,1.97
2026-01-31 07:38:38,error_rate,2.3
2026-01-31 08:38:38,error_rate,3.01
2026-01-31 09:38:38,error_rate,2.61
2026-01-31 10:38:38,error_rate,1.95
2026-01-31 11:38:38,error_rate,1.18
2026-01-31 12:38:38,error_rate,3.91
2026-01-31 13:38:38,error_rate,1.3
2026-01-31 14:38:38,error_rate,0.8
2026-01-31 15:38:38,error_rate,1.39
2026-01-31 16:38:38,error_rate,0.63
2026-01-31 17:38:38,error_rate,2.29
2026-01-31 18:38:38,error_rate,1.94
2026-01-31 19:38:38,error_rate,5.02
2026-01-31 20:38:38,error_rate,1.85
2026-01-31 21:38:38,error_rate,1.12
2026-01-31 22:38:38,error_rate,2.45
2026-01-31 23:38:38,error_rate,2.44
2026-02-01 00:38:38,error_rate,1.44
2026-02-01 01:38:38,error_rate,1.21
2026-02-01 02:38:38,error_rate,2.57
2026-02-01 03:38:38,error_rate,1.39
2026-02-01 04:38:38,error_rate,2.07
2026-02-01 05:38:38,error_rate,0.0
2026-02-01 06:38:38,error_rate,1.53
2026-02-01 07:38:38,error_rate,0.54
2026-02-01 08:38:38,error_rate,0.69
2026-02-01 09:38:38,error_rate,2.67
2026-02-01 10:38:38,error_rate,0.63
2026-02-01 11:38:38,error_rate,1.6
2026-02-01 12:38:38,error_rate,2.1
2026-02-01 13:38:38,error_rate,1.68
2026-02-01 14:38:38,error_rate,0.09
2026-02-01 15:38:38,error_rate,0.0
2026-02-01 16:38:38,error_rate,2.5
2026-02-01 17:38:38,error_rate,2.29
2026-02-01 18:38:38,error_rate,1.87
2026-02-01 19:38:38,error_rate,3.08
2026-02-01 20:38:38,error_rate,6.42
2026-02-01 21:38:38,error_rate,4.27
2026-02-01 22:38:38,error_rate,0.35
2026-02-01 23:38:38,error_rate,2.79
2026-02-02 00:38:38,error_rate,2.11
2026-02-02 01:38:38,error_rate,2.34
2026-02-02 02:38:38,error_rate,0.0
2026-02-02 03:38:38,error_rate,2.67
2026-02-02 04:38:38,error_rate,0.83
2026-02-02 05:38:38,error_rate,2.25
2026-02-02 06:38:38,error_rate,1.99
2026-02-02 07:38:38,error_rate,1.49
2026-02-02 08:38:38,error_rate,2.57
2026-02-02 09:38:38,error_rate,1.16
2026-02-02 10:38:38,error_rate,1.74
2026-02-02 11:38:38,error_rate,2.65
2026-02-02 12:38:38,error_rate,2.55
2026-02-02 13:38:38,error_rate,2.08
2026-02-02 14:38:38,error_rate,3.1
2026-02-02 15:38:38,error_rate,2.64
2026-02-02 16:38:38,error_rate,1.36
2026-02-02 17:38:38,error_rate,0.64
2026-02-02 18:38:38,error_rate,1.06
2026-02-02 19:38:38,error_rate,2.71
2026-02-02 20:38:38,error_rate,2.3
2026-02-02 21:38:38,error_rate,3.11
2026-02-02 22:38:38,error_rate,2.4
2026-02-02 23:38:38,error_rate,2.67
2026-02-03 00:38:38,error_rate,2.21
2026-02-03 01:38:38,error_rate,1.33
2026-02-03 02:38:38,error_rate,1.29
2026-02-03 03:38:38,error_rate,1.07
2026-02-03 04:38:38,error_rate,1.33
2026-02-03 05:38:38,error_rate,3.14
2026-02-03 06:38:38,error_rate,2.53
2026-02-03 07:38:38,error_rate,1.76
2026-02-03 08:38:38,error_rate,2.33
2026-02-03 09:38:38,error_rate,2.32
2026-02-03 10:38:38,error_rate,3.24
2026-02-03 11:38:38,error_rate,1.67
2026-02-03 12:38:38,error_rate,2.15
2026-02-03 13:38:38,error_rate,0.0
2026-02-03 14:38:38,error_rate,1.32
2026-02-03 15:38:38,error_rate,1.98
2026-02-03 16:38:38,error_rate,2.82
2026-02-03 17:38:38,error_rate,2.52
2026-02-03 18:38:38,error_rate,2.66
2026-02-03 19:38:38,error_rate,1.91
2026-02-03 20:38:38,error_rate,3.5
2026-02-03 21:38:38,error_rate,2.6
2026-02-03 22:38:38,error_rate,1.81
2026-02-03 23:38:38,error_rate,2.54
2026-02-04 00:38:38,error_rate,2.09
2026-02-04 01:38:38,error_rate,2.71
2026-02-04 02:38:38,error_rate,2.97
2026-02-04 03:38:38,error_rate,1.92
2026-02-04 04:38:38,error_rate,0.63
2026-02-04 05:38:38,error_rate,3.48
2026-02-04 06:38:38,error_rate,0.0
2026-02-04 07:38:38,error_rate,1.55
2026-02-04 08:38:38,error_rate,1.75
2026-02-04 09:38:38,error_rate,0.0
2026-02-04 10:38:38,error_rate,0.0
2026-02-04 11:38:38,error_rate,1.8
2026-02-04 12:38:38,error_rate,0.75
2026-02-04 13:38:38,error_rate,1.64
2026-02-04 14:38:38,error_rate,1.5
2026-02-04 15:38:38,error_rate,2.68
2026-02-04 16:38:38,error_rate,2.46
2026-02-04 17:38:38,error_rate,1.11
2026-02-04 18:38:38,error_rate,1.01
2026-02-04 19:38:38,error_rate,6.23
2026-02-04 20:38:38,error_rate,1.18
2026-02-04 21:38:38,error_rate,0.56
2026-02-04 22:38:38,error_rate,1.73
2026-02-04 23:38:38,error_rate,2.58
2026-02-05 00:38:38,error_rate,0.0
2026-02-05 01:38:38,error_rate,3.83
2026-02-05 02:38:38,error_rate,1.67
2026-02-05 03:38:38,error_rate,0.64
2026-02-05 04:38:38,error_rate,0.95
2026-02-05 05:38:38,error_rate,2.5
2026-02-05 06:38:38,error_rate,1.39
2026-02-05 07:38:38,error_rate,6.09
2026-02-05 08:38:38,error_rate,2.0
2026-02-05 09:38:38,error_rate,2.21
2026-02-05 10:38:38,error_rate,2.4
2026-02-05 11:38:38,error_rate,0.91
2026-02-05 12:38:38,error_rate,3.59
2026-02-05 13:38:38,error_rate,0.66
2026-02-05 14:38:38,error_rate,3.25
2026-02-05 15:38:38,error_rate,2.5
2026-02-05 16:38:38,error_rate,1.48
2026-02-05 17:38:38,error_rate,1.37
2026-02-05 18:38:38,error_rate,0.0
2026-02-05 19:38:38,error_rate,1.1
2026-02-05 20:38:38,error_rate,1.82
2026-02-05 21:38:38,error_rate,1.41
2026-02-05 22:38:38,error_rate,6.5
2026-02-05 23:38:38,error_rate,2.23
2026-02-06 00:38:38,error_rate,0.86
2026-02-06 01:38:38,error_rate,1.92
2026-02-06 02:38:38,error_rate,2.88
2026-02-06 03:38:38,error_rate,1.42
2026-02-06 04:38:38,error_rate,0.84
2026-02-06 05:38:38,error_rate,3.15
2026-02-06 06:38:38,error_rate,4.15
2026-02-06 07:38:38,error_rate,1.8
2026-02-06 08:38:38,error_rate,2.91
2026-02-06 09:38:38,error_rate,0.0
2026-02-06 10:38:38,error_rate,2.38
2026-02-06 11:38:38,error_rate,4.69
2026-02-06 12:38:38,error_rate,1.84
2026-02-06 13:38:38,error_rate,1.97
2026-02-06 14:38:38,error_rate,1.35
2026-02-06 15:38:38,error_rate,1.41
2026-02-06 16:38:38,error_rate,1.82
2026-02-06 17:38:38,error_rate,1.17
2026-02-06 18:38:38,error_rate,3.83
2026-02-06 19:38:38,error_rate,1.09
2026-02-06 20:38:38,error_rate,1.26
2026-02-06 21:38:38,error_rate,3.17
2026-02-06 22:38:38,error_rate,6.57
2026-02-06 23:38:38,error_rate,3.41
2026-02-07 00:38:38,error_rate,1.13
2026-02-07 01:38:38,error_rate,4.32
2026-02-07 02:38:38,error_rate,0.34
2026-02-07 03:38:38,error_rate,2.65
2026-02-07 04:38:38,error_rate,2.94
2026-02-07 05:38:38,error_rate,0.94
2026-02-07 06:38:38,error_rate,1.01
2026-02-07 07:38:38,error_rate,2.43
2026-02-07 08:38:38,error_rate,3.3
2026-02-07 09:38:38,error_rate,3.27
2026-02-07 10:38:38,error_rate,2.34
2026-02-07 11:38:38,error_rate,1.82
2026-02-07 12:38:38,error_rate,1.29
2026-02-07 13:38:38,error_rate,0.82
2026-02-07 14:38:38,error_rate,1.46
2026-02-07 15:38:38,error_rate,2.52
2026-02-07 16:38:38,error_rate,1.14
2026-02-07 17:38:38,error_rate,3.27
2026-02-07 18:38:38,error_rate,2.11
2026-02-07 19:38:38,error_rate,0.0
2026-02-07 20:38:38,error_rate,0.86
2026-02-07 21:38:38,error_rate,1.92
2026-02-07 22:38:38,error_rate,1.68
2026-02-07 23:38:38,error_rate,2.01
2026-02-08 00:38:38,error_rate,2.34
2026-02-08 01:38:38,error_rate,1.91
2026-02-08 02:38:38,error_rate,2.51
2026-02-08 03:38:38,error_rate,0.0
2026-02-08 04:38:38,error_rate,2.56
2026-02-08 05:38:38,error_rate,2.93
2026-02-08 06:38:38,error_rate,1.79
2026-02-08 07:38:38,error_rate,3.18
2026-02-08 08:38:38,error_rate,1.5
2026-02-08 09:38:38,error_rate,3.11
2026-02-08 10:38:38,error_rate,1.26
2026-02-08 11:38:38,error_rate,3.14
2026-02-08 12:38:38,error_rate,1.94
2026-02-08 13:38:38,error_rate,1.37
2026-02-08 14:38:38,error_rate,2.61
2026-02-08 15:38:38,error_rate,3.29
2026-02-08 16:38:38,error_rate,2.53
2026-02-08 17:38:38,error_rate,2.02
2026-02-08 18:38:38,error_rate,1.68
2026-02-08 19:38:38,error_rate,1.48
2026-02-08 20:38:38,error_rate,1.34
2026-02-08 21:38:38,error_rate,0.48
2026-02-08 22:38:38,error_rate,1.49
2026-02-08 23:38:38,error_rate,1.55
2026-02-09 00:38:38,error_rate,2.69
2026-02-09 01:38:38,error_rate,1.47
2026-02-09 02:38:38,error_rate,6.25
2026-02-09 03:38:38,error_rate,1.54
2026-02-09 04:38:38,error_rate,0.0
2026-02-09 05:38:38,error_rate,2.13
2026-02-09 06:38:38,error_rate,2.2
2026-02-09 07:38:38,error_rate,1.84
2026-02-09 08:38:38,error_rate,2.62
2026-02-09 09:38:38,error_rate,0.71
2026-02-09 10:38:38,error_rate,1.97
2026-02-09 11:38:38,error_rate,1.57
2026-02-09 12:38:38,error_rate,0.03
2026-02-09 13:38:38,error_rate,2.65
2026-02-09 14:38:38,error_rate,2.35
2026-02-09 15:38:38,error_rate,0.0
2026-02-09 16:38:38,error_rate,2.57
2026-02-09 17:38:38,error_rate,2.84
2026-02-09 18:38:38,error_rate,2.68
2026-02-09 19:38:38,error_rate,0.01
2026-02-09 20:38:38,error_rate,2.68
2026-02-09 21:38:38,error_rate,1.92
2026-02-09 22:38:38,error_rate,2.61
2026-02-09 23:38:38,error_rate,0.39
2026-02-10 00:38:38,error_rate,0.65
2026-02-10 01:38:38,error_rate,2.96
2026-02-10 02:38:38,error_rate,1.69
2026-02-10 03:38:38,error_rate,1.1
2026-02-10 04:38:38,error_rate,2.03
2026-02-10 05:38:38,error_rate,0.03
2026-02-10 06:38:38,error_rate,2.62
2026-02-10 07:38:38,error_rate,1.46
2026-02-10 08:38:38,error_rate,1.38
2026-02-10 09:38:38,error_rate,0.74
2026-02-10 10:38:38,error_rate,0.0
2026-02-10 11:38:38,error_rate,1.56
2026-02-10 12:38:38,error_rate,2.93
2026-02-10 13:38:38,error_rate,1.38
2026-02-10 14:38:38,error_rate,0.44
2026-02-10 15:38:38,error_rate,1.56
2026-02-10 16:38:38,error_rate,2.29
2026-02-10 17:38:38,error_rate,1.02
2026-02-10 18:38:38,error_rate,2.19
2026-02-10 19:38:38,error_rate,1.83
2026-02-10 20:38:38,error_rate,3.54
2026-02-10 21:38:38,error_rate,2.8
2026-02-10 22:38:38,error_rate,4.3
2026-02-10 23:38:38,error_rate,0.83
2026-02-11 00:38:38,error_rate,3.14
2026-02-11 01:38:38,error_rate,0.15
2026-02-11 02:38:38,error_rate,2.88
2026-02-11 03:38:38,error_rate,0.39
2026-02-11 04:38:38,error_rate,2.61
2026-02-11 05:38:38,error_rate,2.21
2026-02-11 06:38:38,error_rate,2.31
2026-02-11 07:38:38,error_rate,0.04
2026-02-11 08:38:38,error_rate,2.54
2026-02-11 09:38:38,error_rate,0.43
2026-02-11 10:38:38,error_rate,3.54
2026-02-11 11:38:38,error_rate,1.32
2026-02-11 12:38:38,error_rate,0.0
2026-02-11 13:38:38,error_rate,1.63
2026-02-11 14:38:38,error_rate,3.12
2026-02-11 15:38:38,error_rate,2.04
2026-02-11 16:38:38,error_rate,2.05
2026-02-11 17:38:38,error_rate,2.43
2026-02-11 18:38:38,error_rate,1.08
2026-02-11 19:38:38,error_rate,1.31
2026-02-11 20:38:38,error_rate,2.08
2026-02-11 21:38:38,error_rate,3.62
2026-02-11 22:38:38,error_rate,2.7
2026-02-11 23:38:38,error_rate,2.76
2026-02-12 00:38:38,error_rate,3.22
2026-02-12 01:38:38,error_rate,2.93
2026-02-12 02:38:38,error_rate,2.65
2026-02-12 03:38:38,error_rate,0.0
2026-02-12 04:38:38,error_rate,0.0
2026-02-12 05:38:38,error_rate,2.9
2026-02-12 06:38:38,error_rate,0.73
2026-02-12 07:38:38,error_rate,1.92
2026-02-12 08:38:38,error_rate,2.06
2026-02-12 09:38:38,error_rate,2.0
2026-02-12 10:38:38,error_rate,1.45
2026-02-12 11:38:38,error_rate,1.87
2026-02-12 12:38:38,error_rate,0.1
2026-02-12 13:38:38,error_rate,3.34
2026-02-12 14:38:38,error_rate,3.15
2026-02-12 15:38:38,error_rate,3.04
2026-02-12 16:38:38,error_rate,3.13
2026-02-12 17:38:38,error_rate,1.43
2026-02-12 18:38:38,error_rate,2.67
2026-02-12 19:38:38,error_rate,2.59
2026-02-12 20:38:38,error_rate,1.34
2026-02-12 21:38:38,error_rate,2.45
2026-02-12 22:38:38,error_rate,1.12
2026-02-12 23:38:38,error_rate,1.31
2026-02-13 00:38:38,error_rate,2.75
2026-02-13 01:38:38,error_rate,1.75
2026-02-13 02:38:38,error_rate,1.57
2026-02-13 03:38:38,error_rate,1.09
2026-02-13 04:38:38,error_rate,0.24
2026-02-13 05:38:38,error_rate,2.77
2026-02-13 06:38:38,error_rate,2.68
2026-02-13 07:38:38,error_rate,6.28
2026-02-13 08:38:38,error_rate,0.0
2026-02-13 09:38:38,error_rate,0.63
2026-02-13 10:38:38,error_rate,2.66
2026-02-13 11:38:38,error_rate,3.13
2026-02-13 12:38:38,error_rate,0.51
2026-02-13 13:38:38,error_rate,6.97
2026-02-13 14:38:38,error_rate,1.64
2026-02-13 15:38:38,error_rate,1.41
2026-02-13 16:38:38,error_rate,2.34
2026-02-13 17:38:38,error_rate,0.18
2026-02-13 18:38:38,error_rate,2.82
2026-02-13 19:38:38,error_rate,2.09
2026-02-13 20:38:38,error_rate,1.69
2026-02-13 21:38:38,error_rate,2.94
2026-02-13 22:38:38,error_rate,3.05
2026-02-13 23:38:38,error_rate,0.67
2026-02-14 00:38:38,error_rate,1.75
2026-02-14 01:38:38,error_rate,0.67
2026-02-14 02:38:38,error_rate,1.27
2026-02-14 03:38:38,error_rate,1.0
2026-02-14 04:38:38,error_rate,2.05
2026-02-14 05:38:38,error_rate,2.95
2026-02-14 06:38:38,error_rate,0.76
2026-02-14 07:38:38,error_rate,0.0
2026-02-14 08:38:38,error_rate,0.66
2026-02-14 09:38:38,error_rate,1.29
2026-02-14 10:38:38,error_rate,2.45
2026-02-14 11:38:38,error_rate,2.55
2026-02-14 12:38:38,error_rate,0.87
2026-02-14 13:38:38,error_rate,1.36
2026-02-14 14:38:38,error_rate,1.99
2026-02-14 15:38:38,error_rate,1.37
2026-02-14 16:38:38,error_rate,2.38
2026-02-14 17:38:38,error_rate,2.43
2026-02-14 18:38:38,error_rate,3.29
2026-02-14 19:38:38,error_rate,2.25
2026-02-14 20:38:38,error_rate,3.31
2026-02-14 21:38:38,error_rate,2.99
2026-02-14 22:38:38,error_rate,3.5
2026-02-14 23:38:38,error_rate,2.15
2026-02-15 00:38:38,error_rate,0.89
2026-02-15 01:38:38,error_rate,2.8
2026-02-15 02:38:38,error_rate,0.0
2026-02-15 03:38:38,error_rate,1.81
2026-02-15 04:38:38,error_rate,2.1
2026-02-15 05:38:38,error_rate,2.34
2026-02-15 06:38:38,error_rate,0.61
2026-02-15 07:38:38,error_rate,0.79
2026-02-15 08:38:38,error_rate,1.33
2026-02-15 09:38:38,error_rate,2.62
2026-02-15 10:38:38,error_rate,3.03
2026-02-15 11:38:38,error_rate,1.98
2026-02-15 12:38:38,error_rate,3.27
2026-02-15 13:38:38,error_rate,2.58
2026-02-15 14:38:38,error_rate,2.31
2026-02-15 15:38:38,error_rate,1.45
2026-02-15 16:38:38,error_rate,3.16
2026-02-15 17:38:38,error_rate,2.53
2026-02-15 18:38:38,error_rate,3.06
2026-02-15 19:38:38,error_rate,6.99
2026-02-15 20:38:38,error_rate,1.97
2026-02-15 21:38:38,error_rate,1.49
2026-02-15 22:38:38,error_rate,3.36
2026-02-15 23:38:38,error_rate,1.37
2026-02-16 00:38:38,error_rate,2.28
2026-02-16 01:38:38,error_rate,6.1
2026-02-16 02:38:38,error_rate,1.24
2026-02-16 03:38:38,error_rate,2.05
2026-02-16 04:38:38,error_rate,2.05
2026-02-16 05:38:38,error_rate,0.0
2026-02-16 06:38:38,error_rate,1.17
2026-02-16 07:38:38,error_rate,1.93
2026-02-16 08:38:38,error_rate,2.63
2026-02-16 09:38:38,error_rate,2.32
2026-02-16 10:38:38,error_rate,3.2
2026-02-16 11:38:38,error_rate,6.02
2026-02-16 12:38:38,error_rate,2.03
2026-02-16 13:38:38,error_rate,0.98
2026-02-16 14:38:38,error_rate,3.48
2026-02-16 15:38:38,error_rate,0.5
2026-02-16 16:38:38,error_rate,0.0
2026-02-16 17:38:38,error_rate,0.0
2026-02-16 18:38:38,error_rate,0.7
2026-02-16 19:38:38,error_rate,2.84
2026-02-16 20:38:38,error_rate,2.53
2026-02-16 21:38:38,error_rate,0.92
2026-02-16 22:38:38,error_rate,2.68
2026-02-16 23:38:38,error_rate,0.83
2026-02-17 00:38:38,error_rate,2.34
2026-02-17 01:38:38,error_rate,1.09
2026-02-17 02:38:38,error_rate,1.95
2026-02-17 03:38:38,error_rate,2.02
2026-02-17 04:38:38,error_rate,2.65
2026-02-17 05:38:38,error_rate,1.45
2026-02-17 06:38:38,error_rate,2.46
2026-02-17 07:38:38,error_rate,3.17
2026-02-17 08:38:38,error_rate,2.92
2026-02-17 09:38:38,error_rate,3.02
2026-02-17 10:38:38,error_rate,0.0
2026-02-17 11:38:38,error_rate,0.83
2026-02-17 12:38:38,error_rate,0.69
2026-02-17 13:38:38,error_rate,0.91
2026-02-17 14:38:38,error_rate,0.42
2026-02-17 15:38:38,error_rate,0.33
2026-02-17 16:38:38,error_rate,1.42
2026-02-17 17:38:38,error_rate,2.56
2026-02-17 18:38:38,error_rate,2.81
2026-02-17 19:38:38,error_rate,0.91
2026-02-17 20:38:38,error_rate,1.91
2026-02-17 21:38:38,error_rate,0.0
2026-02-17 22:38:38,error_rate,2.95
2026-02-17 23:38:38,error_rate,5.14
2026-02-18 00:38:38,error_rate,0.0
2026-02-18 01:38:38,error_rate,3.23
2026-02-18 02:38:38,error_rate,2.84
2026-02-18 03:38:38,error_rate,1.66
2026-02-18 04:38:38,error_rate,2.6
2026-02-18 05:38:38,error_rate,2.04
2026-02-18 06:38:38,error_rate,0.52
2026-02-18 07:38:38,error_rate,1.4
2026-02-18 08:38:38,error_rate,0.29
2026-02-18 09:38:38,error_rate,1.26
2026-02-18 10:38:38,error_rate,2.53
2026-02-18 11:38:38,error_rate,2.43
2026-02-18 12:38:38,error_rate,2.38
2026-02-18 13:38:38,error_rate,3.38
2026-02-18 14:38:38,error_rate,2.62
2026-02-18 15:38:38,error_rate,2.73
2026-02-18 16:38:38,error_rate,2.74
2026-02-18 17:38:38,error_rate,0.0
2026-02-18 18:38:38,error_rate,1.46
2026-02-18 19:38:38,error_rate,0.45
2026-02-18 20:38:38,error_rate,0.88
2026-02-18 21:38:38,error_rate,3.25
2026-02-18 22:38:38,error_rate,2.49
2026-02-18 23:38:38,error_rate,1.37
2026-02-19 00:38:38,error_rate,0.15
2026-02-19 01:38:38,error_rate,0.4
2026-02-19 02:38:38,error_rate,1.81
2026-02-19 03:38:38,error_rate,3.31
2026-02-19 04:38:38,error_rate,2.75
2026-02-19 05:38:38,error_rate,1.85
2026-02-19 06:38:38,error_rate,1.85
2026-02-19 07:38:38,error_rate,2.24
2026-02-19 08:38:38,error_rate,3.11
2026-02-19 09:38:38,error_rate,1.05
2026-02-19 10:38:38,error_rate,2.23
2026-02-19 11:38:38,error_rate,0.83
2026-02-19 12:38:38,error_rate,2.15
2026-02-19 13:38:38,error_rate,1.84
2026-02-19 14:38:38,error_rate,0.48
2026-02-19 15:38:38,error_rate,2.24
2026-02-19 16:38:38,error_rate,1.49
2026-02-19 17:38:38,error_rate,1.61
2026-02-19 18:38:38,error_rate,1.14
2026-02-19 19:38:38,error_rate,2.12
2026-02-19 20:38:38,error_rate,2.05
2026-02-19 21:38:38,error_rate,2.7
2026-02-19 22:38:38,error_rate,2.35
2026-02-19 23:38:38,error_rate,1.15
2026-02-20 00:38:38,error_rate,2.75
2026-02-20 01:38:38,error_rate,3.0
2026-02-20 02:38:38,error_rate,1.27
2026-02-20 03:38:38,error_rate,1.67
2026-02-20 04:38:38,error_rate,1.47
2026-02-20 05:38:38,error_rate,2.01
2026-02-20 06:38:38,error_rate,0.0
2026-02-20 07:38:38,error_rate,2.86
2026-02-20 08:38:38,error_rate,2.18
2026-02-20 09:38:38,error_rate,3.29
2026-02-20 10:38:38,error_rate,1.3
2026-02-20 11:38:38,error_rate,2.5
2026-02-20 12:38:38,error_rate,2.64
2026-02-20 13:38:38,error_rate,0.0
2026-02-20 14:38:38,error_rate,2.71
2026-02-20 15:38:38,error_rate,6.65
2026-02-20 16:38:38,error_rate,2.38
2026-02-20 17:38:38,error_rate,3.6
2026-02-20 18:38:38,error_rate,1.42
2026-02-20 19:38:38,error_rate,0.65
2026-02-20 20:38:38,error_rate,3.51
2026-02-20 21:38:38,error_rate,1.41
2026-02-20 22:38:38,error_rate,1.79
2026-02-20 23:38:38,error_rate,0.68
2026-02-21 00:38:38,error_rate,1.79
2026-02-21 01:38:38,error_rate,1.35
2026-02-21 02:38:38,error_rate,3.61
2026-02-21 03:38:38,error_rate,0.82
2026-02-21 04:38:38,error_rate,2.87
2026-02-21 05:38:38,error_rate,1.51
2026-02-21 06:38:38,error_rate,0.0
2026-02-21 07:38:38,error_rate,3.31
2026-02-21 08:38:38,error_rate,3.09
2026-02-21 09:38:38,error_rate,2.09
2026-02-21 10:38:38,error_rate,0.6
2026-02-21 11:38:38,error_rate,2.02
2026-02-21 12:38:38,error_rate,0.0
2026-02-21 13:38:38,error_rate,2.14
2026-02-21 14:38:38,error_rate,0.69
2026-02-21 15:38:38,error_rate,2.05
2026-02-21 16:38:38,error_rate,2.93
2026-02-21 17:38:38,error_rate,0.0
2026-02-21 18:38:38,error_rate,1.81
2026-02-21 19:38:38,error_rate,3.33
2026-02-21 20:38:38,error_rate,1.99
2026-02-21 21:38:38,error_rate,0.9
2026-02-21 22:38:38,error_rate,2.81
2026-02-21 23:38:38,error_rate,2.51
2026-02-22 00:38:38,error_rate,2.14
2026-02-22 01:38:38,error_rate,0.93
2026-02-22 02:38:38,error_rate,2.27
2026-02-22 03:38:38,error_rate,2.6
2026-02-22 04:38:38,error_rate,0.0
2026-02-22 05:38:38,error_rate,3.4
2026-02-22 06:38:38,error_rate,1.37
2026-02-22 07:38:38,error_rate,1.65
2026-02-22 08:38:38,error_rate,4.14
2026-02-22 09:38:38,error_rate,2.11
2026-02-22 10:38:38,error_rate,1.4
2026-02-22 11:38:38,error_rate,2.24
2026-02-22 12:38:38,error_rate,3.12
2026-02-22 13:38:38,error_rate,1.06
2026-02-22 14:38:38,error_rate,0.08
2026-02-22 15:38:38,error_rate,3.5
2026-02-22 16:38:38,error_rate,3.01
2026-02-22 17:38:38,error_rate,0.6
2026-02-22 18:38:38,error_rate,1.6
2026-02-22 19:38:38,error_rate,2.44
2026-02-22 20:38:38,error_rate,2.78
2026-02-22 21:38:38,error_rate,2.48
2026-02-22 22:38:38,error_rate,2.03
2026-02-22 23:38:38,error_rate,0.0
2026-02-23 00:38:38,error_rate,2.21
2026-02-23 01:38:38,error_rate,0.07
2026-02-23 02:38:38,error_rate,2.59
2026-02-23 03:38:38,error_rate,0.83
2026-02-23 04:38:38,error_rate,3.57
2026-02-23 05:38:38,error_rate,1.9
2026-02-23 06:38:38,error_rate,1.78
2026-02-23 07:38:38,error_rate,1.54
2026-02-23 08:38:38,error_rate,1.36
2026-02-23 09:38:38,error_rate,2.79
2026-02-23 10:38:38,error_rate,1.56
2026-02-23 11:38:38,error_rate,2.6
2026-02-23 12:38:38,error_rate,1.92
2026-02-23 13:38:38,error_rate,2.63
2026-02-23 14:38:38,error_rate,2.86
2026-02-23 15:38:38,error_rate,2.02
2026-02-23 16:38:38,error_rate,1.88
2026-02-23 17:38:38,error_rate,2.13
2026-02-23 18:38:38,error_rate,2.1
2026-02-23 19:38:38,error_rate,2.34
2026-02-23 20:38:38,error_rate,0.45
2026-02-23 21:38:38,error_rate,1.72
2026-02-23 22:38:38,error_rate,1.4
2026-02-23 23:38:38,error_rate,1.78
2026-02-24 00:38:38,error_rate,2.74
2026-02-24 01:38:38,error_rate,3.5
2026-02-24 02:38:38,error_rate,0.0
2026-02-24 03:38:38,error_rate,2.11
2026-02-24 04:38:38,error_rate,0.0
2026-02-24 05:38:38,error_rate,4.06
2026-02-24 06:38:38,error_rate,2.66
2026-02-24 07:38:38,error_rate,1.48
2026-02-24 08:38:38,error_rate,1.2
2026-02-24 09:38:38,error_rate,1.65
2026-02-24 10:38:38,error_rate,2.31
2026-02-24 11:38:38,error_rate,1.69
2026-02-24 12:38:38,error_rate,2.66
2026-02-24 13:38:38,error_rate,3.71
2026-02-24 14:38:38,error_rate,1.33
2026-02-24 15:38:38,error_rate,3.77
2026-02-24 16:38:38,error_rate,2.17
2026-02-24 17:38:38,error_rate,1.67
2026-02-24 18:38:38,error_rate,1.19
2026-02-24 19:38:38,error_rate,2.53
2026-02-24 20:38:38,error_rate,1.39
2026-02-24 21:38:38,error_rate,2.62
2026-02-24 22:38:38,error_rate,2.02
2026-02-24 23:38:38,error_rate,1.57
2026-02-25 00:38:38,error_rate,2.0
2026-02-25 01:38:38,error_rate,2.49
2026-02-25 02:38:38,error_rate,1.87
2026-02-25 03:38:38,error_rate,1.4
2026-02-25 04:38:38,error_rate,1.27
2026-02-25 05:38:38,error_rate,2.73
2026-02-25 06:38:38,error_rate,0.92
2026-02-25 07:38:38,error_rate,1.32
2026-02-25 08:38:38,error_rate,0.51
2026-02-25 09:38:38,error_rate,1.95
2026-02-25 10:38:38,error_rate,1.05
2026-02-25 11:38:38,error_rate,1.87
2026-02-25 12:38:38,error_rate,1.9
2026-02-25 13:38:38,error_rate,1.96
2026-02-25 14:38:38,error_rate,1.48
2026-02-25 15:38:38,error_rate,0.0
2026-02-25 16:38:38,error_rate,1.69
2026-02-25 17:38:38,error_rate,3.48
2026-02-25 18:38:38,error_rate,2.76
2026-02-25 19:38:38,error_rate,1.57
2026-02-25 20:38:38,error_rate,2.31
2026-02-25 21:38:38,error_rate,2.33
2026-02-25 22:38:38,error_rate,1.54
2026-02-25 23:38:38,error_rate,2.39
2026-02-26 00:38:38,error_rate,2.52
2026-02-26 01:38:38,error_rate,1.96
2026-02-26 02:38:38,error_rate,1.01
2026-02-26 03:38:38,error_rate,1.42
2026-02-26 04:38:38,error_rate,1.4
2026-02-26 05:38:38,error_rate,2.11
2026-02-26 06:38:38,error_rate,2.16
2026-02-26 07:38:38,error_rate,1.97
2026-02-26 08:38:38,error_rate,1.92
2026-02-26 09:38:38,error_rate,3.27
2026-02-26 10:38:38,error_rate,0.0
2026-02-26 11:38:38,error_rate,3.21
2026-02-26 12:38:38,error_rate,2.16
2026-02-26 13:38:38,error_rate,4.59
2026-02-26 14:38:38,error_rate,2.71
2026-02-26 15:38:38,error_rate,1.4
2026-02-26 16:38:38,error_rate,0.73
2026-02-26 17:38:38,error_rate,3.55
2026-02-26 18:38:38,error_rate,3.34
2026-02-26 19:38:38,error_rate,2.67
2026-02-26 20:38:38,error_rate,3.02
2026-02-26 21:38:38,error_rate,3.66
2026-02-26 22:38:38,error_rate,2.33
2026-02-26 23:38:38,error_rate,0.97
2026-02-27 00:38:38,error_rate,2.79
2026-02-27 01:38:38,error_rate,2.75
2026-02-27 02:38:38,error_rate,3.21
2026-02-27 03:38:38,error_rate,2.12
2026-02-27 04:38:38,error_rate,2.23
2026-02-27 05:38:38,error_rate,1.83
2026-02-27 06:38:38,error_rate,2.69
2026-02-27 07:38:38,error_rate,0.41
2026-02-27 08:38:38,error_rate,1.4
2026-02-27 09:38:38,error_rate,2.22
2026-02-27 10:38:38,error_rate,2.7
2026-02-27 11:38:38,error_rate,4.06
2026-02-27 12:38:38,error_rate,1.92
2026-02-27 13:38:38,error_rate,0.0
2026-02-27 14:38:38,error_rate,2.23
2026-02-27 15:38:38,error_rate,1.43
2026-02-27 16:38:38,error_rate,1.01
2026-02-27 17:38:38,error_rate,2.91
2026-02-27 18:38:38,error_rate,2.73
2026-02-27 19:38:38,error_rate,2.18
2026-02-27 20:38:38,error_rate,0.01
2026-02-27 21:38:38,error_rate,2.87
2026-02-27 22:38:38,error_rate,0.71
2026-02-27 23:38:38,error_rate,1.91
2026-02-28 00:38:38,error_rate,3.44
2026-02-28 01:38:38,error_rate,1.09
2026-02-28 02:38:38,error_rate,0.39
2026-02-28 03:38:38,error_rate,2.06
2026-02-28 04:38:38,error_rate,0.67
2026-02-28 05:38:38,error_rate,1.48
2026-02-28 06:38:38,error_rate,2.23
2026-02-28 07:38:38,error_rate,2.19
2026-02-28 08:38:38,error_rate,2.11
2026-02-28 09:38:38,error_rate,2.05
2026-02-28 10:38:38,error_rate,2.75
2026-02-28 11:38:38,error_rate,0.8
2026-02-28 12:38:38,error_rate,1.05
2026-02-28 13:38:38,error_rate,1.12
2026-02-28 14:38:38,error_rate,1.96
2026-02-28 15:38:38,error_rate,2.43
2026-02-28 16:38:38,error_rate,5.96
2026-02-28 17:38:38,error_rate,2.42
2026-02-28 18:38:38,error_rate,1.92
2026-02-28 19:38:38,error_rate,2.23
2026-02-28 20:38:38,error_rate,0.6
2026-02-28 21:38:38,error_rate,0.05
2026-02-28 22:38:38,error_rate,0.0
2026-02-28 23:38:38,error_rate,1.17
2026-03-01 00:38:38,error_rate,1.48
2026-03-01 01:38:38,error_rate,1.37
2026-03-01 02:38:38,error_rate,2.38
2026-03-01 03:38:38,error_rate,1.21
2026-03-01 04:38:38,error_rate,2.87
2026-03-01 05:38:38,error_rate,3.57
2026-03-01 06:38:38,error_rate,0.9
2026-03-01 07:38:38,error_rate,0.69
2026-03-01 08:38:38,error_rate,2.48
2026-03-01 09:38:38,error_rate,1.53
2026-03-01 10:38:38,error_rate,4.45
2026-03-01 11:38:38,error_rate,5.16
2026-03-01 12:38:38,error_rate,2.5
2026-03-01 13:38:38,error_rate,1.4
2026-03-01 14:38:38,error_rate,2.3
2026-03-01 15:38:38,error_rate,1.73
2026-03-01 16:38:38,error_rate,0.55
2026-03-01 17:38:38,error_rate,3.4
2026-03-01 18:38:38,error_rate,2.69
2026-03-01 19:38:38,error_rate,2.65
2026-03-01 20:38:38,error_rate,0.4
2026-03-01 21:38:38,error_rate,0.07
2026-03-01 22:38:38,error_rate,2.89
2026-03-01 23:38:38,error_rate,0.95
2026-03-02 00:38:38,error_rate,2.12
2026-03-02 01:38:38,error_rate,1.43
2026-03-02 02:38:38,error_rate,0.13
2026-03-02 03:38:38,error_rate,1.27
2026-03-02 04:38:38,error_rate,2.28
2026-03-02 05:38:38,error_rate,1.78
2026-03-02 06:38:38,error_rate,3.62
2026-03-02 07:38:38,error_rate,2.56
2026-03-02 08:38:38,error_rate,2.35
2026-03-02 09:38:38,error_rate,2.11
2026-03-02 10:38:38,error_rate,1.07
2026-03-02 11:38:38,error_rate,1.09
2026-03-02 12:38:38,error_rate,1.94
2026-03-02 13:38:38,error_rate,1.28
2026-03-02 14:38:38,error_rate,3.41
2026-03-02 15:38:38,error_rate,2.55
2026-03-02 16:38:38,error_rate,3.02
2026-03-02 17:38:38,error_rate,0.0
2026-03-02 18:38:38,error_rate,2.33
2026-03-02 19:38:38,error_rate,0.54
2026-03-02 20:38:38,error_rate,3.21
2026-03-02 21:38:38,error_rate,2.48
2026-03-02 22:38:38,error_rate,2.62
2026-03-02 23:38:38,error_rate,2.67
2026-03-03 00:38:38,error_rate,1.39
2026-03-03 01:38:38,error_rate,3.75
2026-03-03 02:38:38,error_rate,2.54
2026-03-03 03:38:38,error_rate,2.13
2026-03-03 04:38:38,error_rate,1.48
2026-03-03 05:38:38,error_rate,1.85
2026-03-03 06:38:38,error_rate,6.81
2026-03-03 07:38:38,error_rate,3.09
2026-03-03 08:38:38,error_rate,1.66
2026-03-03 09:38:38,error_rate,1.38
2026-03-03 10:38:38,error_rate,2.31
2026-03-03 11:38:38,error_rate,2.9
2026-03-03 12:38:38,error_rate,2.01
2026-03-03 13:38:38,error_rate,1.0
2026-03-03 14:38:38,error_rate,0.14
2026-03-03 15:38:38,error_rate,4.81
2026-03-03 16:38:38,error_rate,3.46
2026-03-03 17:38:38,error_rate,3.43
2026-03-03 18:38:38,error_rate,2.6
2026-03-03 19:38:38,error_rate,1.66
2026-03-03 20:38:38,error_rate,3.07
2026-03-03 21:38:38,error_rate,1.66
2026-03-03 22:38:38,error_rate,0.0
2026-03-03 23:38:38,error_rate,0.0
2026-03-04 00:38:38,error_rate,2.25
2026-03-04 01:38:38,error_rate,1.54
2026-03-04 02:38:38,error_rate,2.98
2026-03-04 03:38:38,error_rate,1.16
2026-03-04 04:38:38,error_rate,4.55
2026-03-04 05:38:38,error_rate,2.02
2026-03-04 06:38:38,error_rate,1.75
2026-03-04 07:38:38,error_rate,1.7
2026-03-04 08:38:38,error_rate,3.37
2026-03-04 09:38:38,error_rate,0.87
2026-03-04 10:38:38,error_rate,2.51
2026-03-04 11:38:38,error_rate,2.02
2026-03-04 12:38:38,error_rate,2.76
2026-03-04 13:38:38,error_rate,3.88
2026-03-04 14:38:38,error_rate,2.56
2026-03-04 15:38:38,error_rate,1.44
2026-03-04 16:38:38,error_rate,2.54
2026-03-04 17:38:38,error_rate,1.52
2026-03-04 18:38:38,error_rate,3.27
2026-03-04 19:38:38,error_rate,2.76
2026-03-04 20:38:38,error_rate,0.35
2026-03-04 21:38:38,error_rate,1.73
2026-03-04 22:38:38,error_rate,3.04
2026-03-04 23:38:38,error_rate,1.79
2026-03-05 00:38:38,error_rate,1.22
2026-03-05 01:38:38,error_rate,1.55
2026-03-05 02:38:38,error_rate,1.92
2026-03-05 03:38:38,error_rate,1.7
2026-03-05 04:38:38,error_rate,1.99
2026-03-05 05:38:38,error_rate,2.88
2026-03-05 06:38:38,error_rate,2.57
2026-03-05 07:38:38,error_rate,1.28
2026-03-05 08:38:38,error_rate,5.72
2026-03-05 09:38:38,error_rate,1.59
2026-03-05 10:38:38,error_rate,6.21
2026-03-05 11:38:38,error_rate,2.35
2026-03-05 12:38:38,error_rate,1.17
2026-03-05 13:38:38,error_rate,2.52
2026-03-05 14:38:38,error_rate,1.89
2026-03-05 15:38:38,error_rate,1.98
2026-03-05 16:38:38,error_rate,1.88
2026-03-05 17:38:38,error_rate,0.73
2026-03-05 18:38:38,error_rate,0.0
2026-03-05 19:38:38,error_rate,2.07
2026-03-05 20:38:38,error_rate,0.49
2026-03-05 21:38:38,error_rate,0.06
2026-03-05 22:38:38,error_rate,3.55
2026-03-05 23:38:38,error_rate,0.32
2026-03-06 00:38:38,error_rate,2.0
2026-03-06 01:38:38,error_rate,1.33
2026-03-06 02:38:38,error_rate,1.72
2026-03-06 03:38:38,error_rate,2.96
2026-03-06 04:38:38,error_rate,1.7
2026-03-06 05:38:38,error_rate,2.81
2026-03-06 06:38:38,error_rate,3.44
2026-03-06 07:38:38,error_rate,2.49
2026-03-06 08:38:38,error_rate,1.04
2026-03-06 09:38:38,error_rate,1.78
2026-03-06 10:38:38,error_rate,2.65
2026-03-06 11:38:38,error_rate,1.9
2026-03-06 12:38:38,error_rate,1.1
2026-03-06 13:38:38,error_rate,0.0
2026-03-06 14:38:38,error_rate,1.6
2026-03-06 15:38:38,error_rate,2.3
2026-03-06 16:38:38,error_rate,6.69
2026-03-06 17:38:38,error_rate,1.83
2026-03-06 18:38:38,error_rate,2.24
2026-03-06 19:38:38,error_rate,2.87
2026-03-06 20:38:38,error_rate,1.21
2026-03-06 21:38:38,error_rate,2.93
2026-03-06 22:38:38,error_rate,2.2
2026-03-06 23:38:38,error_rate,6.03
2026-03-07 00:38:38,error_rate,2.85
2026-03-07 01:38:38,error_rate,1.68
2026-03-07 02:38:38,error_rate,1.21
2026-03-07 03:38:38,error_rate,0.0
2026-03-07 04:38:38,error_rate,0.77
2026-03-07 05:38:38,error_rate,2.38
2026-03-07 06:38:38,error_rate,2.1
2026-03-07 07:38:38,error_rate,2.75
2026-03-07 08:38:38,error_rate,1.83
2026-03-07 09:38:38,error_rate,2.33
2026-03-07 10:38:38,error_rate,1.36
2026-03-07 11:38:38,error_rate,0.13
2026-03-07 12:38:38,error_rate,1.75
2026-03-07 13:38:38,error_rate,0.7
2026-03-07 14:38:38,error_rate,3.32
2026-03-07 15:38:38,error_rate,1.13
2026-03-07 16:38:38,error_rate,1.77
2026-03-07 17:38:38,error_rate,1.36
2026-03-07 18:38:38,error_rate,1.79
2026-03-07 19:38:38,error_rate,1.9
2026-03-07 20:38:38,error_rate,3.74
2026-03-07 21:38:38,error_rate,1.95
2026-03-07 22:38:38,error_rate,4.26
2026-03-07 23:38:38,error_rate,2.02
2026-03-08 00:38:38,error_rate,1.32
2026-03-08 01:38:38,error_rate,2.95
2026-03-08 02:38:38,error_rate,2.86
2026-03-08 03:38:38,error_rate,0.19
2026-03-08 04:38:38,error_rate,1.77
2026-03-08 05:38:38,error_rate,2.24
2026-03-08 06:38:38,error_rate,2.81
2026-03-08 07:38:38,error_rate,3.47
2026-03-08 08:38:38,error_rate,3.5
2026-03-08 09:38:38,error_rate,1.45
2026-03-08 10:38:38,error_rate,1.05
2026-03-08 11:38:38,error_rate,1.16
2026-03-08 12:38:38,error_rate,3.92
2026-03-08 13:38:38,error_rate,0.87
2026-03-08 14:38:38,error_rate,2.43
2026-03-08 15:38:38,error_rate,0.0
2026-03-08 16:38:38,error_rate,1.57
2026-03-08 17:38:38,error_rate,2.69
2026-03-08 18:38:38,error_rate,1.55
2026-03-08 19:38:38,error_rate,3.39
2026-03-08 20:38:38,error_rate,3.61
2026-03-08 21:38:38,error_rate,3.0
2026-03-08 22:38:38,error_rate,2.27
2026-03-08 23:38:38,error_rate,1.87
2026-03-09 00:38:38,error_rate,3.32
2026-03-09 01:38:38,error_rate,1.04
2026-03-09 02:38:38,error_rate,2.98
2026-03-09 03:38:38,error_rate,1.16
2026-03-09 04:38:38,error_rate,1.96
2026-03-09 05:38:38,error_rate,2.09
2026-03-09 06:38:38,error_rate,0.0
2026-03-09 07:38:38,error_rate,3.52
2026-03-09 08:38:38,error_rate,2.57
2026-03-09 09:38:38,error_rate,1.19
2026-03-09 10:38:38,error_rate,1.91
2026-03-09 11:38:38,error_rate,1.96
2026-03-09 12:38:38,error_rate,0.39
2026-03-09 13:38:38,error_rate,2.27
2026-03-09 14:38:38,error_rate,2.86
2026-03-09 15:38:38,error_rate,2.64
2026-03-09 16:38:38,error_rate,2.19
2026-03-09 17:38:38,error_rate,3.68
2026-03-09 18:38:38,error_rate,5.22
2026-03-09 19:38:38,error_rate,3.9
2026-03-09 20:38:38,error_rate,1.57
2026-03-09 21:38:38,error_rate,2.19
2026-03-09 22:38:38,error_rate,1.56
2026-03-09 23:38:38,error_rate,2.61
2026-03-10 00:38:38,error_rate,2.59
2026-03-10 01:38:38,error_rate,1.89
2026-03-10 02:38:38,error_rate,0.5
2026-03-10 03:38:38,error_rate,2.31
2026-03-10 04:38:38,error_rate,1.18
2026-03-10 05:38:38,error_rate,2.58
2026-03-10 06:38:38,error_rate,3.82
2026-03-10 07:38:38,error_rate,0.0
2026-03-10 08:38:38,error_rate,3.21
2026-03-10 09:38:38,error_rate,2.22
2026-03-10 10:38:38,error_rate,0.97
2026-03-10 11:38:38,error_rate,3.75
2026-03-10 12:38:38,error_rate,0.98
2026-03-10 13:38:38,error_rate,2.23
2026-03-10 14:38:38,error_rate,2.28
2026-03-10 15:38:38,error_rate,2.89
2026-03-10 16:38:38,error_rate,0.61
2026-03-10 17:38:38,error_rate,1.47
2026-03-10 18:38:38,error_rate,1.21
2026-03-10 19:38:38,error_rate,0.0
2026-03-10 20:38:38,error_rate,0.97
2026-03-10 21:38:38,error_rate,1.59
2026-03-10 22:38:38,error_rate,2.4
2026-03-10 23:38:38,error_rate,1.33
2026-03-11 00:38:38,error_rate,1.85
2026-03-11 01:38:38,error_rate,0.76
2026-03-11 02:38:38,error_rate,1.8
2026-03-11 03:38:38,error_rate,2.07
2026-03-11 04:38:38,error_rate,1.56
2026-03-11 05:38:38,error_rate,1.2
2026-03-11 06:38:38,error_rate,5.57
2026-03-11 07:38:38,error_rate,1.62
2026-03-11 08:38:38,error_rate,1.33
2026-03-11 09:38:38,error_rate,1.89
2026-03-11 10:38:38,error_rate,3.25
2026-03-11 11:38:38,error_rate,0.0
2026-03-11 12:38:38,error_rate,3.86
2026-03-11 13:38:38,error_rate,2.58
2026-03-11 14:38:38,error_rate,3.94
2026-03-11 15:38:38,error_rate,1.57
2026-03-11 16:38:38,error_rate,2.8
2026-03-11 17:38:38,error_rate,1.71
2026-03-11 18:38:38,error_rate,2.35
2026-03-11 19:38:38,error_rate,1.49
2026-03-11 20:38:38,error_rate,2.73
2026-03-11 21:38:38,error_rate,0.0
2026-03-11 22:38:38,error_rate,2.15
2026-03-11 23:38:38,error_rate,0.74
2026-03-12 00:38:38,error_rate,2.53
2026-03-12 01:38:38,error_rate,3.57
2026-03-12 02:38:38,error_rate,1.76
2026-03-12 03:38:38,error_rate,0.0
2026-03-12 04:38:38,error_rate,1.94
2026-03-12 05:38:38,error_rate,0.17
2026-03-12 06:38:38,error_rate,0.65
